thermal_age,assimilation,lai,carbon_pool,rp_demand,rp_rgr,rp_canopy,rp_root,rp_storage
0.25,0.0,0.0024806214934075055,0.029985742701826634,1.4257298173365085e-05,0.0043152530041835275,0.013229981298173365,0.013215724,0.013215724
0.51125,0.0,0.0024834180449529357,0.029970827760251006,1.4914941575627212e-05,0.004315250654574142,0.013244896239748992,0.013215724,0.013215724
0.8058333333333334,0.0,0.002486574966320819,0.029953990846288962,1.6836913962043433e-05,0.004315248001996307,0.013261733153711036,0.013215724,0.013215724
1.1533333333333333,0.0,0.002490303703823486,0.029934104246274736,1.9886600014224685e-05,0.004315244868594034,0.01328161975372526,0.013215724,0.013215724
1.57,0.0,0.002494781312534932,0.02991022366648036,2.388057979437782e-05,0.004315241105320108,0.013305500333519639,0.013215724,0.013215724
2.0670833333333336,0.0,0.002500132698773968,0.02988168293987217,2.8540726608190914e-05,0.004315236606878299,0.01333404106012783,0.013215724,0.013215724
2.650416666666667,0.0,0.002506426078474311,0.029848118248137007,3.35646917351624e-05,0.004315231315587464,0.013367605751862991,0.013215724,0.013215724
3.3200000000000003,5.4462498056705035,0.002513668153230479,0.029903846887587533,3.862439869956165e-05,0.00431522522550783,0.013406230150562554,0.013215724,0.013215724
4.07,14.55939214706943,0.0025218034234983466,0.030113397654001797,4.3388108095295246e-05,0.004315218383096269,0.013449618258657849,0.013215724,0.013215724
4.889166666666667,17.689529541584662,0.002530717688206961,0.030374156815083223,4.754274511260928e-05,0.0043152108843288375,0.013497161003770458,0.013215724,0.013215724
5.76125,17.735181496014164,0.002540241326779729,0.030633540019583835,5.0792739054763674e-05,0.004315202871984389,0.013547953742825223,0.013215724,0.013215724
6.666666666666667,17.252083101377963,0.002550166174215924,0.030883458288396812,5.2932519659705276e-05,0.004315194521438165,0.013600886262484927,0.013215724,0.013215724
7.583333333333334,17.083646359293468,0.002560253578886647,0.031130732194536256,5.379949157718999e-05,0.004315186033848996,0.013654685754062118,0.013215724,0.013215724
8.48875,17.47607503871549,0.0025702565759880744,0.03138659044385484,5.334931787427938e-05,0.004315177617419573,0.013708035071936398,0.013215724,0.013215724
9.360833333333332,18.319786052242918,0.002579928933107872,0.03166039886703837,5.158590463892067e-05,0.004315169479711542,0.013759620976575319,0.013215724,0.013215724
10.179999999999998,19.32027167725509,0.0025890485606208298,0.031909488162286295,4.86380134024414e-05,0.004315161807857874,0.01380825898997776,0.013262421752676699,0.013215724
10.929999999999998,19.89962922039546,0.002597427669535951,0.032177808421603234,4.468858088064464e-05,0.004315154759971819,0.013852947570858405,0.013305327513236868,0.013215724
11.599583333333332,19.280332066203965,0.00260493255102222,0.032444981121177566,4.0026034593434406e-05,0.004315148448484431,0.01389297360545184,0.013343756647341963,0.013215724
12.182916666666666,5.69676992680703,0.0026114896005270468,0.03247891068618673,3.497093069241091e-05,0.004315142935112925,0.01392794453614425,0.01337733228969324,0.013215724
12.68,0.0,0.002617091202090442,0.032420352297063706,2.987520833810655e-05,0.0043151382259741045,0.013957819744482356,0.013406015470478155,0.013215724
13.096666666666666,0.0,0.0026217966603971745,0.03237116210528636,2.5095777635910485e-05,0.004315134270880274,0.013982915522118266,0.013430109884619594,0.013215724
13.444166666666666,0.0,0.0026257280654926403,0.03233006378108444,2.0967493842482235e-05,0.0043151309668919965,0.014003883015960748,0.013450240714979028,0.013215724
13.73875,0.0,0.0026290657986830306,0.032295171632848854,1.7801243682080253e-05,0.004315128162148263,0.01402168425964283,0.013467331619532535,0.013215724
14.0,0.0,0.002632029614443069,0.032264188373766454,1.5807017386872185e-05,0.0043151256717897865,0.014037491277029702,0.013482507861228068,0.013215724
14.25,0.0,0.0026348689975127784,0.03223450592659217,1.514337637178348e-05,0.004315123286042826,0.014052634653401485,0.013497046932030571,0.013215724
14.51125,0.0,0.0026378393520128194,0.03220345433837823,1.5841890666884348e-05,0.004315120790187108,0.01406847654406837,0.013512256629577626,0.013215724
14.805833333333334,0.0,0.002641192472726774,0.03216840139217324,1.788331047442705e-05,0.00431511797250553,0.014086359854542797,0.013529426265308188,0.013215724
15.153333333333334,0.0,0.0026451529470168885,0.03212699929801139,2.112252954727672e-05,0.004315114644071957,0.014107482384090073,0.01354970582992276,0.013215724
15.57,0.0,0.002649908833534996,0.032077282136854304,2.536472809657346e-05,0.004315110646562238,0.014132847112186648,0.013574058262983269,0.013215724
16.067083333333333,0.0,0.0026555928010887466,0.03201786303202138,3.031449362000301e-05,0.004315105868126478,0.01416316160580665,0.013603162874196193,0.013215724
16.650416666666665,0.0,0.0026622773047614585,0.03194798457672352,3.565068625446338e-05,0.004315100247493636,0.014198812292061113,0.013637390643239591,0.013215724
17.319999999999997,5.4458831487300365,0.0026699694621814952,0.03196778561123105,4.102483957352804e-05,0.00431509377835462,0.01423983713163464,0.0136767779855107,0.013215724
18.069999999999997,14.558884310999945,0.0026786103240878903,0.03214611184650821,4.608459683410805e-05,0.004315086510058311,0.014285921728468749,0.013721023020270555,0.013215724
18.889166666666664,17.689308913926016,0.0026880785915060048,0.03237459842219995,5.049742622994307e-05,0.0043150785445549384,0.014336419154698693,0.013769504608791783,0.013215724
19.761249999999997,17.735095367674557,0.0026981941018235068,0.0325983110824297,5.394938836001113e-05,0.004315070033510553,0.014390368543058705,0.013821300210078545,0.013215724
20.666666666666664,17.252042857916322,0.002708735752704951,0.0328097886370236,5.622213803436967e-05,0.004315061163216319,0.014446590681093075,0.013875277664399428,0.013215724
21.583333333333332,17.083612781216086,0.002719450060729076,0.033017574160023204,5.714297612866378e-05,0.004315052147351614,0.014503733657221738,0.013930139021530754,0.013215724
22.48875,17.476039300644164,0.002730074712905563,0.033234936854980406,5.6664811607930864e-05,0.004315043207077883,0.01456039846882967,0.013984541136604337,0.013215724
23.360833333333332,18.31973812762005,0.002740348174404798,0.03347316323090492,5.479179466258538e-05,0.0043150345628754205,0.014615190263492256,0.014037144865836152,0.013215724
24.18,19.320208288643723,0.0027500345538081124,0.033737738321297284,5.1660690151011735e-05,0.004315026413524155,0.014666850953643267,0.014086742383857969,0.013215724
24.93,19.899555089008153,0.0027589343921702566,0.034022733131145684,4.7465804598101504e-05,0.004315018926977953,0.014714316758241369,0.01413231242353262,0.013215724
25.59958333333333,19.2802721669671,0.0027669056716899897,0.034306487624157264,4.2513490771910223e-05,0.004315012222665135,0.014756830249013279,0.01417312784208191,0.013215724
26.182916666666664,5.6967047527313595,0.0027738702141162424,0.03434252333219419,3.714422627334692e-05,0.004315006366143733,0.014793974475286626,0.014208788377208943,0.013215724
26.679999999999996,0.0,0.002779819930671395,0.034280327244200014,3.173182162748306e-05,0.004315001363910857,0.014825706296914109,0.014239252643575638,0.013215724
27.096666666666664,0.0,0.002784817811968703,0.03422808132317462,2.665536691897418e-05,0.004314997162654816,0.014852361663833084,0.014264843197682054,0.013215724
27.444166666666664,0.0,0.002788993535704965,0.0341844299484688,2.227052659339622e-05,0.0043149936530290384,0.01487463219042648,0.014286224045794474,0.013215724
27.738749999999996,0.0,0.002792538693261054,0.034147370285259,1.890750696580731e-05,0.004314990673720638,0.014893539697392289,0.014304376202038463,0.013215724
27.999999999999996,0.0,0.0027956866959426853,0.034114462336483395,1.67893476353657e-05,0.0043149880283647425,0.014910329045027655,0.014320494803178704,0.013215724
28.249999999999996,0.0,0.002798702532827467,0.034082936009488723,1.6084463385505332e-05,0.004314985494131461,0.01492641350841316,0.014335936666787872,0.013215724
28.511249999999997,0.0,0.002801857480156257,0.03404995549330286,1.682638575354282e-05,0.004314982842936555,0.014943239894166703,0.014352090797220192,0.013215724
28.80583333333333,0.0,0.002805418980451412,0.03401272505824313,1.8994668240827583e-05,0.004314979849885948,0.01496223456240753,0.014370326564039094,0.013215724
29.15333333333333,0.0,0.0028096255779185932,0.03396875107151638,2.243518649163624e-05,0.004314976314295086,0.014984669748899166,0.01439186536427421,0.013215724
29.569999999999997,0.0,0.002814677017872851,0.033915945494572754,2.6941013089373506e-05,0.004314972067986115,0.01501161076198854,0.014417729928128469,0.013215724
30.06708333333333,0.0,0.0028207142134736157,0.03385283530291965,3.219837653741125e-05,0.004314966992148033,0.015043809138525951,0.014448641743244159,0.013215724
30.65041666666666,0.0,0.0028278141220728983,0.033778616046096104,3.786617919617444e-05,0.004314961021696744,0.015081675317722126,0.014484994820871532,0.013215724
31.319999999999993,5.445493778874811,0.002835984303101233,0.0337996454532831,4.357429881778593e-05,0.0043149541499309255,0.015125249616539911,0.014526827832901785,0.013215724
32.06999999999999,14.558344959301138,0.002845162143357835,0.033989052870439906,4.894848136854481e-05,0.004314946429271328,0.015174198097908456,0.014573820148780654,0.013215724
32.88916666666666,17.689074589462706,0.0028552188052652122,0.034231744797468745,5.3635530172677126e-05,0.004314937968013843,0.015227833628081132,0.014625312056484457,0.013215724
33.76125,17.735003894701485,0.0028659629296781917,0.03446936810171131,5.73019968692246e-05,0.004314928927264313,0.015285135624950357,0.014680323727787947,0.013215724
34.666666666666664,17.252000117898014,0.0028771596737523658,0.03469399600021836,5.971596839559445e-05,0.004314919504908525,0.015344851593345952,0.014737652701654386,0.013215724
35.58333333333333,17.0835771201113,0.0028885398015228232,0.034914703152270216,6.069401477577343e-05,0.004314909927924852,0.015405545608121725,0.01479592043453323,0.013215724
36.488749999999996,17.476001345554437,0.002899824699036732,0.03514558273946992,6.018612007418115e-05,0.004314900431239158,0.015465731728195906,0.01485370038455214,0.013215724
37.36083333333333,18.319687229938342,0.0029107365791448854,0.03539862198402925,5.819669391015194e-05,0.004314891249053523,0.015523928422106058,0.014909570261912313,0.013215724
38.18,19.320140967781693,0.0029210248919153987,0.035679644903858346,5.4871001442734756e-05,0.004314882592518888,0.015578799423548792,0.01496224725108317,0.013215724
38.93,19.89947635839521,0.00293047778408719,0.03598234927346654,5.0415424916222594e-05,0.004314874640041477,0.015629214848465016,0.015010646679827124,0.013215724
39.599583333333335,19.280208528388602,0.002938944413174913,0.036283712068272134,4.515535513452002e-05,0.004314867518481829,0.015674370203599537,0.015053996263203246,0.013215724
40.18291666666667,5.696635532873528,0.0029463417433854898,0.03632198434548947,3.9452427789743795e-05,0.0043148612974775215,0.01571382263138928,0.015091870892587091,0.013215724
40.68000000000001,0.0,0.0029526611838356824,0.03625592493769728,3.3703682401028736e-05,0.004314855983929551,0.015747526313790308,0.015124226617978253,0.013215724
41.09666666666667,0.0,0.0029579696399193015,0.03620043376313265,2.8311765779300364e-05,0.0043148515212079845,0.015775838079569608,0.015151406026763585,0.013215724
41.44416666666667,0.0,0.0029624048480179337,0.03615407099187897,2.3654443192705138e-05,0.0043148477931607655,0.015799492522762314,0.015174114354824565,0.013215724
41.73875,0.0,0.0029661703054631528,0.036114709380020926,2.008243970783351e-05,0.0043148446284355015,0.015819574962470148,0.01519339352697478,0.013215724
42.0,0.0,0.002969513928133154,0.03607975736883526,1.7832654240007494e-05,0.004314841818446462,0.015837407616710156,0.015210512883920444,0.013215724
42.25,0.0,0.0029727171718541,0.03604627280166594,1.7083966511711402e-05,0.004314839126495928,0.01585449158322187,0.015226913484578055,0.013215724
42.51125,0.0,0.002976068170217371,0.03601124372273983,1.7871991270780305e-05,0.00431483631030491,0.01587236357449265,0.015244070572233382,0.013215724
42.80583333333333,0.0,0.0029798509847763,0.03597170074846942,2.0175010980954067e-05,0.004314833130983188,0.0158925385854736,0.015263438535522839,0.013215724
43.15333333333333,0.0,0.0029843189829020463,0.0359249953581352,2.3829323337313682e-05,0.004314829375356827,0.015916367908810916,0.015286314602519745,0.013215724
43.56999999999999,0.0,0.002989684321965324,0.03586890982011592,2.8615141670812996e-05,0.004314824864781721,0.01594498305048173,0.015313784998868221,0.013215724
44.06708333333333,0.0,0.002996096671181958,0.03580187961975717,3.4199195822048866e-05,0.004314819473053053,0.015979182246303777,0.015346616003404912,0.013215724
44.650416666666665,0.0,0.0030036377695828497,0.03572305034604887,4.021919147142146e-05,0.004314813131036674,0.0160194014377752,0.015385226085641789,0.013215724
45.32,5.445080295595899,0.0030123156457574985,0.03574538409816668,4.62820062647925e-05,0.004314805831614709,0.016065683444039993,0.015429656313192501,0.013215724
46.07,14.557772141334064,0.0030220637950654065,0.03594656042207182,5.199012964217828e-05,0.004314797630470799,0.01611767357368217,0.015479566143189617,0.013215724
46.88916666666667,17.688825719804495,0.00303274537332299,0.03620434024278761,5.696841737377805e-05,0.004314788642641042,0.01617464199105595,0.015534254899472138,0.013215724
47.761250000000004,17.734906746340094,0.0030441571298105256,0.0364567386923905,6.086270126685686e-05,0.004314779039257941,0.016235504692322805,0.015592681916261598,0.013215724
48.66666666666667,17.25195472691528,0.003056049628249919,0.036695334248706815,6.342665834343062e-05,0.004314769030522722,0.016298931350666235,0.01565357007469833,0.013215724
49.583333333333336,17.08353924715155,0.0030681369023522766,0.03692976623995348,6.446546187923882e-05,0.004314758857539481,0.016363396812545474,0.01571545524394706,0.013215724
50.48875,17.47596103633258,0.0030801230254178563,0.03717500289069492,6.392598968309185e-05,0.0043147487698541424,0.016427322802228566,0.01577682231777516,0.013215724
51.36083333333334,18.319633175319954,0.00309171294924932,0.0374437755434099,6.181292710113945e-05,0.00431473901624352,0.016489135729329706,0.015836160708892585,0.013215724
52.18000000000001,19.320069471484214,0.0031026405556302127,0.03774226800060084,5.828056736476349e-05,0.0043147298209985354,0.01654741629669447,0.015892107965753795,0.013215724
52.93000000000001,19.89939274405278,0.0031126808277702586,0.0380637810272752,5.35481180802439e-05,0.004314721373627433,0.016600964414774714,0.015943512083182183,0.013215724
53.59958333333334,19.280140916214016,0.003121673550857351,0.03838384184330278,4.7961189797827185e-05,0.004314713808884905,0.01664892560457254,0.015989552837889106,0.013215724
54.18291666666668,5.696562016673131,0.0031295305301438296,0.03842448915295977,4.190388952788508e-05,0.004314707200741588,0.016690829494100425,0.016029778736228604,0.013215724
54.680000000000014,0.0,0.0031362426415470746,0.03835432685643562,3.579792748397046e-05,0.004314701556527418,0.016726627421584397,0.016064143105268786,0.013215724
55.09666666666668,0.0,0.003141880948272058,0.03829538918769376,3.0070969199916194e-05,0.004314696816087906,0.01675669839078431,0.016093009804810723,0.013215724
55.444166666666675,0.0,0.0031465917455925693,0.03824614688503614,2.5124252376057344e-05,0.004314692856042451,0.01678182264316037,0.016117127855092287,0.013215724
55.73875000000001,0.0,0.0031505911757625242,0.03820434058035869,2.1330294239758935e-05,0.004314689494375092,0.016803152937400128,0.016137603865529985,0.013215724
56.00000000000001,0.0,0.0031541425594722766,0.038167217754652316,1.894071311868314e-05,0.0043146865095195905,0.016822093650518812,0.01615578597811767,0.013215724
56.25000000000001,0.0,0.0031575448413050963,0.03813165351746491,1.81455031083691e-05,0.004314683650048392,0.01684023915362718,0.0161732047121967,0.013215724
56.511250000000004,0.0,0.0031611040584425846,0.03809444884554141,1.8982491399938795e-05,0.004314680658605435,0.01685922164502712,0.01619142689272027,0.013215724
56.80583333333334,0.0,0.0031651219229062114,0.03805244993333097,2.142861047267798e-05,0.004314677281434397,0.016880650255499795,0.016211997194458032,0.013215724
57.153333333333336,0.0,0.0031698675451980905,0.03800284376798101,2.5309985556687887e-05,0.004314673292095653,0.016905960241056485,0.01623629337425131,0.013215724
57.57,0.0,0.0031755662650518675,0.03794327488312156,3.0393172553476053e-05,0.004314668500828329,0.01693635341360996,0.01626546908655728,0.013215724
58.067083333333336,0.0,0.0031823770511251017,0.03787208160142159,3.632419239058474e-05,0.004314662773574245,0.016972677606000543,0.01630033817586667,0.013215724
58.65041666666667,0.0,0.003190386720832372,0.03778835645423862,4.271823843877654e-05,0.004314656036897515,0.01701539584443932,0.01634134508461086,0.013215724
59.32000000000001,5.444641212853372,0.0031996038009643566,0.037812075192746125,4.915776070391607e-05,0.004314648283237877,0.017064553605143237,0.016388533423868562,0.013215724
60.07000000000001,14.557163786392621,0.0032099576538445157,0.038025750719962094,5.5220548694182866e-05,0.0043146395717447465,0.01711977415383742,0.016441541504149247,0.013215724
60.889166666666675,17.6885614042599,0.003221302931691689,0.03829955572649242,6.050814851825785e-05,0.004314630024613443,0.017180282302355677,0.016499625146714585,0.013215724
61.76125000000001,17.734803571481937,0.0032334237541251283,0.03856764748777581,6.464438631167788e-05,0.004314619823626406,0.017244926688667353,0.016561679078785602,0.013215724
62.66666666666668,17.25190652107017,0.0032460551856905765,0.038821078759591315,6.736763501572294e-05,0.004314609192065814,0.017312294323683076,0.016626346898324734,0.013215724
63.58333333333334,17.083499025592264,0.003258893491450321,0.03907008868258334,6.847096405197005e-05,0.004314598386039494,0.017380765287735047,0.016692073585125512,0.013215724
64.48875000000001,17.47591822743866,0.003271624357528018,0.03933057474081376,6.789795241438365e-05,0.004314587670622115,0.01744866324014943,0.01675724998245404,0.013215724
65.36083333333335,18.319575768586564,0.003283934403498268,0.0396160584806902,6.565357850799699e-05,0.004314577310071074,0.01751431681865743,0.01682027173628947,0.013215724
66.18,19.31999354162327,0.0032955409767683108,0.03993310554651887,6.190172410689516e-05,0.0043145675426339,0.017576218542764324,0.016879691826684477,0.013215724
66.93,19.89930394398574,0.003306205080190425,0.040274594363955286,5.6875218251277274e-05,0.004314558569610817,0.0176330937610156,0.016934286745471074,0.013215724
67.59958333333334,19.28006908141324,0.003315756545087845,0.04061450998120997,5.094114611957477e-05,0.004314550534141223,0.017684034907135174,0.01698318536243655,0.013215724
68.18291666666667,5.696483938126767,0.003324101697695162,0.04065767931385002,4.4507480572358064e-05,0.004314543514798049,0.017728542387707533,0.017025908165397886,0.013215724
68.68,0.0,0.00333123084772059,0.040583159755238296,3.802213346894566e-05,0.00431453751936676,0.01776656452117648,0.01706240559054066,0.013215724
69.09666666666668,0.0,0.003337219474263933,0.040520561915963815,3.193934156449806e-05,0.004314532483949203,0.017798503862740976,0.01709306408825064,0.013215724
69.44416666666667,0.0,0.00334222296267092,0.04046826155722514,2.6685271503932905e-05,0.0043145282774869455,0.01782518913424491,0.017118679175485377,0.013215724
69.73875000000001,0.0,0.0033464708848409646,0.04042385899482539,2.2655584906905766e-05,0.004314524706637687,0.017847844719151813,0.01714042615297822,0.013215724
70.00000000000001,0.0,0.0033502429222494676,0.04038443077003297,2.0117532845349187e-05,0.004314521536047933,0.01786796225199716,0.017159736844925295,0.013215724
70.25000000000001,0.0,0.003353856593515217,0.04034665792946705,1.927291341733239e-05,0.004314518498644846,0.017887235165414492,0.017178236772073877,0.013215724
70.51125000000002,0.0,0.0033576369504182005,0.040307142784764445,2.016190348257948e-05,0.004314515321058267,0.01790739706889707,0.01719759001329391,0.013215724
70.80583333333335,0.0,0.0033619044507358247,0.040262535674982745,2.276000169399729e-05,0.004314511733741866,0.017930157070591066,0.017219437121381614,0.013215724
71.15333333333335,0.0,0.0033669449250148726,0.04020984889750067,2.6882529488252842e-05,0.004314507496165913,0.01795703960007932,0.017245241369375438,0.013215724
71.57000000000002,0.0,0.0033729977133408772,0.040146580712673074,3.228153773869204e-05,0.0043145024067618954,0.017989321137818013,0.01727622801646435,0.013215724
72.06708333333336,0.0,0.003380231660830435,0.0400709662575531,3.858105327764042e-05,0.004314496323130248,0.018027902191095655,0.017313261418306677,0.013215724
72.65041666666669,0.0,0.0033887389783458116,0.039982041717526985,4.5372360082008385e-05,0.004314489167266065,0.018073274551177663,0.017356813598250788,0.013215724
73.32000000000002,5.444174953962392,0.003398528721709232,0.04000723103628217,5.2211964604908846e-05,0.004314480931139272,0.018125486515782573,0.017406930867607993,0.013215724
74.07000000000002,14.556517696396423,0.003409525863645676,0.04023418125621539,5.865142366103383e-05,0.004314471677580534,0.018184137939443606,0.01746322907974035,0.013215724
74.88916666666668,17.688280686639757,0.003421576025009586,0.04052500687662139,6.426752727418513e-05,0.004314461536389383,0.01824840546671779,0.017524917858256755,0.013215724
75.76125000000002,17.734693997428174,0.003434449911975096,0.040809767104348124,6.86607304827249e-05,0.004314450700660128,0.018317066197200516,0.017590823321398875,0.013215724
76.66666666666669,17.251855326400033,0.0034478661280970247,0.04107895603673783,7.155315265028267e-05,0.004314439407568873,0.0183886193498508,0.017659504873314465,0.013215724
77.58333333333336,17.083456310291556,0.0034615020671895013,0.041343449958490486,7.272500849320765e-05,0.004314427929159608,0.01846134435834401,0.01772931097536868,0.013215724
78.48875000000002,17.475872764395465,0.003475023887265774,0.04162013317416218,7.211637374012264e-05,0.004314416547000776,0.01853346073208413,0.017798532595912284,0.013215724
79.36083333333336,18.319514802573583,0.003488098738194794,0.041923366357808065,6.973253828810875e-05,0.004314405541792346,0.01860319327037224,0.017865465807770594,0.013215724
80.18000000000002,19.319912904221702,0.003500426407127284,0.042260120383247515,6.574756763994227e-05,0.0043143951666057105,0.018668940838012182,0.017928573786166746,0.013215724
80.93000000000002,19.89920963764587,0.0035117530491834458,0.04262282435051392,6.040875763285978e-05,0.004314385635265775,0.018729349595645043,0.017986557092881227,0.013215724
81.59958333333336,19.279992759236492,0.003521897924302416,0.0429838226880147,5.410600063450673e-05,0.0043143770998176085,0.01878345559627955,0.018038490539285017,0.013215724
82.18291666666669,5.696401014845955,0.00353076153983994,0.043029670080887206,4.72726162001304e-05,0.004314369643722339,0.01883072821247968,0.018083864860537466,0.013215724
82.68000000000002,0.0,0.0035383336042524105,0.04295052317416412,4.038434353317614e-05,0.004314363275249198,0.018871112556012856,0.01812262742372738,0.013215724
83.09666666666669,0.0,0.0035446942865991573,0.04288403828937818,3.392363918264772e-05,0.004314357926523676,0.018905036195195506,0.018155188669330663,0.013215724
83.44416666666669,0.0,0.0035500086263579637,0.04282849032268076,2.8343145380302394e-05,0.00431435345833235,0.018933379340575807,0.018182393490647777,0.013215724
83.73875000000002,0.0,0.0035545204583662835,0.04278133057581341,2.4063104044371517e-05,0.004314349665302745,0.01895744244462018,0.01820549013347076,0.013215724
84.00000000000003,0.0,0.0035585268400229733,0.04273945405443853,2.136736883568026e-05,0.004314346297437351,0.018978809813455857,0.018225999286009955,0.013215724
84.25000000000003,0.0,0.0035623650164268187,0.04269933571332603,2.0470274153845085e-05,0.004314343071045854,0.0189992800876097,0.018245647352968613,0.013215724
84.51125000000003,0.0,0.0035663802337211107,0.042657366885029746,2.141449223622357e-05,0.004314339695748896,0.019020694579845926,0.018266201689028674,0.013215724
84.80583333333337,0.0,0.0035709128585092193,0.04260998991360438,2.41739988699089e-05,0.004314335885228976,0.019044868578715835,0.018289404661584133,0.013215724
85.15333333333336,0.0,0.003576266478750919,0.042554031579198244,2.8552641289063648e-05,0.004314331383990738,0.0190734212200049,0.018316810354701202,0.013215724
85.57000000000004,0.0,0.003582695303489775,0.042486834803045964,3.4287065273900385e-05,0.004314325977924362,0.0191077082852788,0.018349720065579583,0.013215724
86.06708333333337,0.0,0.0035903786670207828,0.04240652514173782,4.097793883204107e-05,0.004314319515770621,0.019148686224110843,0.018389051788055683,0.013215724
86.6504166666667,0.0,0.0035994145082065476,0.042312078943377525,4.819115299074543e-05,0.0043143119146717476,0.019196877377101587,0.01843530683342523,0.013215724
87.32000000000004,5.443679846182835,0.0036098124446282283,0.04233882968852114,5.545566091563034e-05,0.00431430316609875,0.019252333038017218,0.01848853437956484,0.013215724
88.07000000000004,14.555831538153866,0.003621492786960926,0.042579878064142096,6.229515910771886e-05,0.0043142933367923625,0.019314628197124938,0.018548326431282604,0.013215724
88.8891666666667,17.687982551875997,0.0036342915642563482,0.042888781456671604,6.826014557558579e-05,0.00431428256462893,0.019382888342700525,0.01861384355324384,0.013215724
89.76125000000003,17.734577628578098,0.003647965236947122,0.04319124582232725,7.292625435079539e-05,0.0043142710547175835,0.01945581459705132,0.018683839005986795,0.013215724
90.6666666666667,17.251800958267125,0.003662214926257101,0.04347717158519935,7.59983429865528e-05,0.004314259058991719,0.019531812940037873,0.01875678278649431,0.013215724
91.58333333333337,17.083410947202392,0.003676697983921054,0.043758111830162885,7.724297420775245e-05,0.00431424686642172,0.019609055914245624,0.01883092086170275,0.013215724
92.48875000000004,17.475824483247894,0.003691059828309951,0.04405199879214295,7.659650340744817e-05,0.004314234776094626,0.019685652417653073,0.018904438141703617,0.013215724
93.36083333333337,18.319450057404598,0.0037049469317312848,0.04437408420985553,7.406455158044708e-05,0.004314223086174583,0.01975971696923352,0.01897552496197777,0.013215724
94.18000000000004,19.31982726849346,0.0037180404317312832,0.04473176898227556,6.983199999999147e-05,0.0043142120654778345,0.019829548969233512,0.019042549133895113,0.013215724
94.93000000000004,19.899109484807745,0.00373007071466712,0.04511700412780387,6.416150899113048e-05,0.004314201941132069,0.019893710478224642,0.019104130589437295,0.013215724
95.59958333333337,19.279911668207312,0.0037408458133796597,0.04550038856385772,5.746719313354159e-05,0.004314192874641254,0.019951177671358185,0.019159286735997115,0.013215724
96.1829166666667,5.696312947061554,0.0037502600554696975,0.045549079651245133,5.02092911468685e-05,0.004314184954658338,0.020001386962505054,0.019207476715222296,0.013215724
96.68000000000004,0.0,0.0037583025109424665,0.04546501863460012,4.2893095854766396e-05,0.004314178189966285,0.02004428005835982,0.01924864463601255,0.013215724
97.0966666666667,0.0,0.003765058329847138,0.045394405821705966,3.6031034158246416e-05,0.004314172508467107,0.02008031109251807,0.019283226414748462,0.013215724
97.4441666666667,0.0,0.003770702804758377,0.04533540899208871,3.01038661932731e-05,0.004314167762285676,0.020110414958711343,0.019312119378172444,0.013215724
97.73875000000004,0.0,0.0037754949183031634,0.045285321198368894,2.5557938905531613e-05,0.0043141637332718705,0.020135972897616875,0.019336649232986728,0.013215724
98.00000000000004,0.0,0.0037797501817491102,0.0452408446604851,2.2694738378381038e-05,0.004314160155874338,0.020158667635995255,0.019358431032492136,0.013215724
98.25000000000004,0.0,0.0037838267904190094,0.045198235469757174,2.1741912906130262e-05,0.004314156728752841,0.020180409548901386,0.01937929831031393,0.013215724
98.51125000000005,0.0,0.003788091437572285,0.045153660905428376,2.2744784817468335e-05,0.004314153143462067,0.020203154333718856,0.019401128089825262,0.013215724
98.80583333333338,0.0,0.0037929056336614892,0.045103342427477926,2.567571247575515e-05,0.004314149095871394,0.02022883004619461,0.019425770855299958,0.013215724
99.15333333333338,0.0,0.0037985918256021344,0.04504390980294098,3.0326357016773242e-05,0.00431414431459007,0.020259156403211385,0.019454877122820128,0.013215724
99.57000000000005,0.0,0.003805420013733312,0.04497254098845973,3.641700336628351e-05,0.0043141385721878365,0.020295573406577668,0.019489828933935097,0.013215724
100.06708333333339,0.0,0.003813580672145888,0.04488724517062692,4.3523511533734204e-05,0.004314131707995442,0.020339096918111404,0.01953160124023417,0.013215724
100.65041666666671,0.0,0.0038231778229421477,0.04478693515355807,5.118480424671706e-05,0.004314123634000828,0.02039028172235812,0.019580726453056307,0.013215724
101.32000000000005,5.443154115002861,0.0038342216802019166,0.04481534374101081,5.8900572052105774e-05,0.004314114341145179,0.020449182294410225,0.019637256793312376,0.013215724
102.07000000000005,14.555102835163108,0.0038466276032308616,0.04507136465862468,6.616492282103805e-05,0.004314103900322326,0.020515347217231264,0.019700758940018874,0.013215724
102.88916666666671,17.687665922436743,0.0038602214341563147,0.04539946852667978,7.250043160241653e-05,0.0043140924579873055,0.02058784764883368,0.019770341361236496,0.013215724
103.76125000000005,17.73445404504102,0.003874744503874532,0.04572073696405301,7.745637183048979e-05,0.004314080232010585,0.02066530402066417,0.019844679949265174,0.013215724
104.66666666666671,17.25174322071412,0.0038898793667498177,0.04602443949529299,8.071926866819235e-05,0.004314067489999724,0.020746023289332362,0.019922149759383397,0.013215724
105.58333333333339,17.083362772833826,0.003905262089176237,0.046322848130925874,8.204118627423861e-05,0.0043140545389030675,0.0208280644756066,0.02000088791998715,0.013215724
106.48875000000005,17.475773209989768,0.003920516063409451,0.046635007911666304,8.135452924380848e-05,0.004314041696414573,0.020909419004850407,0.020078966718742604,0.013215724
107.36083333333339,18.319381299723315,0.003935265801632675,0.04697711677477304,7.866527052385843e-05,0.004314029279247447,0.020988084275374266,0.0201544642100134,0.013215724
108.18000000000005,19.319736325828305,0.003949172635068887,0.047357031929523105,7.416977832646654e-05,0.004314017572940816,0.021062254053700734,0.02022564694003312,0.013215724
108.93000000000005,19.89900312437828,0.003961950203325972,0.04776619566525996,6.814703070445522e-05,0.004314006818751448,0.021130401084405188,0.020291049221934795,0.013215724
109.59958333333338,19.279825509052817,0.00397339461588995,0.04817334961311545,6.103686700788063e-05,0.004313997188229695,0.021191437951413067,0.020349627507682762,0.013215724
110.18291666666671,5.696219416562452,0.003983393637424638,0.04822506020930969,5.3328114851670324e-05,0.004313988775542734,0.02124476606626474,0.020400807391332574,0.013215724
110.68000000000005,0.0,0.0039919356599969116,0.04813578062394906,4.555745371878954e-05,0.00431398159001908,0.02129032351998353,0.020444529522974413,0.013215724
111.09666666666672,0.0,0.0039991111236863525,0.04806078413495675,3.826913967701821e-05,0.004313975555074833,0.021328592659660545,0.020481256872289706,0.013215724
111.44416666666672,0.0,0.004005106210181597,0.047998124767740145,3.197379464131019e-05,0.004313970513635045,0.021360566454301854,0.020511942444864997,0.013215724
111.73875000000005,0.0,0.004010195989481028,0.047944927520750906,2.7145489596963017e-05,0.004313966233978183,0.021387711943898817,0.020537994202257274,0.013215724
112.00000000000006,0.0,0.004014715571336042,0.047897689883785115,2.4104436560077596e-05,0.004313962434032845,0.021411816380458894,0.020561127402662985,0.013215724
112.25000000000006,0.0,0.004019045400721848,0.047852435524953135,2.3092423390959477e-05,0.004313958793712496,0.021434908803849854,0.020583289338104008,0.013215724
112.51125000000006,0.0,0.0040235749482431865,0.047805093789156095,2.4157586780478654e-05,0.004313954985383655,0.021459066390630332,0.020606473487120573,0.013215724
112.8058333333334,0.0,0.004028688179602791,0.04775165156787707,2.7270567251218113e-05,0.00431395068599608,0.02148633695788155,0.020632645141148372,0.013215724
113.15333333333339,0.0,0.004034727570335021,0.0476885294098133,3.221008390522912e-05,0.004313945607276282,0.021518547041786778,0.020663557215306914,0.013215724
113.57000000000006,0.0,0.004041979891446794,0.047612730087660135,3.867904592946116e-05,0.004313939507646179,0.02155722608771624,0.02070067749153062,0.013215724
114.0670833333334,0.0,0.00405064744766988,0.04752213920963926,4.6226966523120884e-05,0.004313932216442037,0.02160345305423936,0.02074504140302837,0.013215724
114.65041666666673,0.0,0.004060840721543021,0.047415602100609015,5.436412732341883e-05,0.0043139236401774335,0.02165781718156278,0.0207972143847352,0.013215724
115.32000000000006,5.442595878099446,0.004072570560518952,0.047445770852146456,6.255914120496026e-05,0.0043139137692309185,0.021720376322767743,0.02085725188780505,0.013215724
116.07000000000006,14.554328958935598,0.004085747065307248,0.04771769275022758,7.027469220425013e-05,0.004313902678907502,0.021790651014971994,0.02092469369714799,0.013215724
116.88916666666672,17.6873296545261,0.0041001852591716435,0.04806618939140619,7.700370061010493e-05,0.004313890524773894,0.021867654715582097,0.020998592959425855,0.013215724
117.76125000000006,17.734322801166062,0.00411561040501082,0.04840743007270461,8.226744447560807e-05,0.004313877538254663,0.021949922160057707,0.02107754341038804,0.013215724
118.66666666666673,17.25168190578052,0.004131685338726341,0.04873001383956294,8.573297981611557e-05,0.004313864003605182,0.022035655139873822,0.021159819288300408,0.013215724
119.5833333333334,17.083311613681815,0.004148023521226585,0.04904697637690106,8.713697333463196e-05,0.004313850246868465,0.022122792113208455,0.021243442148364093,0.013215724
120.48875000000007,17.47571875995773,0.004164224952630706,0.04937854440180981,8.640763415531477e-05,0.004313836605501103,0.02220919974736377,0.0213263646876332,0.013215724
121.3608333333334,18.319308281880044,0.00417989082313605,0.04974192057533836,8.355130936183091e-05,0.004313823415917426,0.022292751056725603,0.021406545732884107,0.013215724
122.18000000000006,19.319639748716956,0.004194661429412796,0.050145446277594125,7.877656680931204e-05,0.0043138109814180306,0.022371527623534913,0.021482144300836625,0.013215724
122.93000000000006,19.898890173136802,0.0042082326258787535,0.05058002239931139,7.237971448510902e-05,0.004313799558266216,0.02244390733802002,0.021551603789818467,0.013215724
123.5995833333334,19.279733963559647,0.004220387859376073,0.051012414152387595,6.48279119857028e-05,0.004313789328682569,0.022508735250005723,0.02161381592650524,0.013215724
124.18291666666673,5.696120085577824,0.004231007924774513,0.05106733086914644,5.664034879168418e-05,0.00431378039269086,0.022565375598797406,0.02166817068317494,0.013215724
124.68000000000006,0.0,0.004240080494288577,0.05097250947664048,4.838703740834483e-05,0.00431377276019893,0.02261376263620575,0.021714605038272557,0.013215724
125.09666666666674,0.0,0.004247701626187308,0.05089285778877345,4.06460367932277e-05,0.004313766349858264,0.022654408672998977,0.021753610689346364,0.013215724
125.44416666666673,0.0,0.004254069066620768,0.050826309029802126,3.395968231178842e-05,0.00431376099482266,0.022688368355310764,0.021786199766005893,0.013215724
125.73875000000007,0.0,0.004259474970635102,0.050769809734094506,2.8831488076447828e-05,0.004313756448956247,0.02271719984338721,0.021813867573637066,0.013215724
126.00000000000007,0.0,0.004264275261847743,0.050719639980106625,2.5601553134087813e-05,0.004313752412641559,0.0227428013965213,0.021838435774490864,0.013215724
126.25000000000007,0.0,0.004268874014650251,0.050671576616606116,2.4526681613378775e-05,0.0043137485458814824,0.022767328078134676,0.02186197245637799,0.013215724
126.51125000000008,0.0,0.004273684889459234,0.0506212963169647,2.5657998981242267e-05,0.004313744500662678,0.02279298607711592,0.02188659475703816,0.013215724
126.80583333333341,0.0,0.004279115699699578,0.05056453687575331,2.896432128182943e-05,0.004313739933840284,0.02282195039839775,0.021914389876967724,0.013215724
127.1533333333334,0.0,0.004285530191493474,0.05049749666538239,3.4210622900779506e-05,0.00431373453920959,0.02285616102129853,0.02194721946443786,0.013215724
127.57000000000008,0.0,0.004293232946426697,0.050416992425049253,4.10813596438542e-05,0.004313728060166098,0.022897242380942383,0.021986642345127143,0.013215724
128.06708333333341,0.0,0.004302438833415277,0.05032077853178996,4.90980639390997e-05,0.004313720315430957,0.02294634044488148,0.022033758174447336,0.013215724
128.65041666666676,0.0,0.004313265195936353,0.050207628653414806,5.774060011240056e-05,0.004313711205703487,0.023004081044993883,0.022089167452710095,0.013215724
129.32000000000008,5.442003138960526,0.004325723553953681,0.0502396661523277,6.644457609241867e-05,0.004313700720764783,0.023070525621086302,0.022152929059898827,0.013215724
130.07000000000008,14.553507119806401,0.004339718423344785,0.05052847483999019,7.463930341922013e-05,0.004313688940605111,0.023145164924505524,0.02222455422186463,0.013215724
130.88916666666674,17.6869725340628,0.0043550533374889155,0.05089863044334476,8.178620876869518e-05,0.004313676030468843,0.023226951133274217,0.022303037340537266,0.013215724
131.76125000000008,17.734183423985726,0.004371436494799307,0.051261083999867924,8.737683898875027e-05,0.004313662236176508,0.023314327972262967,0.022386884912107177,0.013215724
132.66666666666674,17.25161679278083,0.004388509789914911,0.051603721991886606,9.105757394989437e-05,0.004313647859665232,0.02340538554621286,0.022474264121004114,0.013215724
133.5833333333334,17.083257285626164,0.004405862676505966,0.05194039131424434,9.25487284856276e-05,0.004313633247258541,0.023497934274698488,0.022563073800269572,0.013215724
134.48875000000007,17.475660937189836,0.004423070312099197,0.05229257346947277,9.177405649722855e-05,0.004313618757402917,0.023589708331195718,0.022651139659559453,0.013215724
135.3608333333334,18.319230741071017,0.004439709118875453,0.05267853796506055,8.874030280670108e-05,0.004313604747437189,0.023678448634002418,0.022736293924405994,0.013215724
136.18000000000006,19.319537189613847,0.004455397054820749,0.05310713987820947,8.366899170824679e-05,0.004313591539526293,0.023762117625710663,0.02281658143247063,0.013215724
136.93000000000006,19.89877022440138,0.004469811086556241,0.05356870386886773,7.687483592262674e-05,0.004313579405871806,0.02383899246163329,0.022890349045762714,0.013215724
137.59958333333338,19.279636693357887,0.0044827212133178715,0.05402789173042603,6.885400939536123e-05,0.0043135685400270095,0.02390784647102865,0.02295641976413487,0.013215724
138.18291666666673,5.696014595588712,0.0044940008281972865,0.054086212630828454,6.0157946023547084e-05,0.0043135590482357945,0.023968004417052196,0.02301414573651226,0.013215724
138.68000000000006,0.0,0.0045036368390686185,0.05398550626544257,5.139205798043232e-05,0.004313550941021189,0.02401939647503263,0.023063460043917707,0.013215724
139.09666666666672,0.0,0.004511731270843496,0.05390091111713683,4.317030279934849e-05,0.0043135441319741,0.02406256677783198,0.0231048848894241,0.013215724
139.44416666666672,0.0,0.004518494151227601,0.05383023212740294,3.606869538189477e-05,0.004313538443870254,0.024098635473213875,0.02313949518377609,0.013215724
139.73875000000004,0.0,0.00452423577965388,0.053770226314769416,3.0622018273486225e-05,0.0043135336152643495,0.024129257491487362,0.023168878978136128,0.013215724
140.00000000000003,0.0,0.004529334184101223,0.053716942883346545,2.719149038582858e-05,0.004313529327903317,0.02415644898187319,0.023194970919173163,0.013215724
140.25000000000003,0.0,0.004534218533410183,0.05366589657894194,2.604986298112233e-05,0.00431352522064314,0.02418249884485431,0.023219967360596644,0.013215724
140.51125000000002,0.0,0.004539328177562765,0.05361249575774011,2.725143548043786e-05,0.004313520923825163,0.02420975028033475,0.02324611674631804,0.013215724
140.80583333333334,0.0,0.004545096256226697,0.05355221369342108,3.0763086207639046e-05,0.004313516072962187,0.02424051336654239,0.02327563572442943,0.013215724
141.15333333333334,0.0,0.004551909104826019,0.05348101282545014,3.633519252971483e-05,0.004313510342804921,0.024276848559072105,0.023310501399870655,0.013215724
141.57,0.0,0.004560090219691381,0.053395512341285416,4.3632612615258074e-05,0.00431350346078947,0.024320481171687364,0.02335236927142012,0.013215724
142.06708333333333,0.0,0.004569867812785159,0.05329332726238475,5.214716316681703e-05,0.00431349523436283,0.02437262833485418,0.023402407187153976,0.013215724
142.65041666666667,0.0,0.0045813665137592,0.05317315516440397,6.132640519488779e-05,0.004313485558049164,0.024433954740049068,0.02346125287993987,0.013215724
143.32,5.441373780151699,0.004594598556627274,0.053207176631795854,7.057089529639665e-05,0.0043134744209951375,0.024504525635345463,0.02352896886922817,0.013215724
144.07,14.552634357205852,0.004609462526020273,0.05351391880805796,7.927450342932939e-05,0.0043134619081673315,0.024583800138774793,0.023605036054327743,0.013215724
144.88916666666665,17.686593272416772,0.004625749752928913,0.05390707801454065,8.686521017941084e-05,0.0043134481950888185,0.024670665348954204,0.023688386458478844,0.013215724
145.76125,17.734035411568808,0.004643150313202212,0.054292062016762954,9.280298812426004e-05,0.004313433542870048,0.024763468337078463,0.023777433942683193,0.013215724
146.66666666666666,17.251547647538963,0.00466128386184797,0.054655999984327484,9.671225944404899e-05,0.004313418272227841,0.02486018059652251,0.02387023201721647,0.013215724
147.58333333333331,17.083199593292854,0.004679714356928226,0.055013600518053256,9.829597376136093e-05,0.004313402751025466,0.024958476570283872,0.02396454920450688,0.013215724
148.48874999999998,17.47559953374662,0.004697990573304022,0.055387677511234024,9.747315400424658e-05,0.004313387360002491,0.02505594972428812,0.024058076375389578,0.013215724
149.36083333333332,18.319148398428307,0.004715662629774886,0.05579763325606975,9.425096784460531e-05,0.004313372478721315,0.025150200692132724,0.024148511327367707,0.013215724
150.17999999999998,19.31942827973303,0.004732324760952677,0.05625286781385534,8.886469961488955e-05,0.004313358449382317,0.02523906539174761,0.024233777660952357,0.013215724
150.92999999999998,19.898642846617946,0.004747633874953734,0.056743092467849206,8.164860800563429e-05,0.004313345561114733,0.025320713999753247,0.024312119735011985,0.013215724
151.5995833333333,19.279533338623278,0.004761345689971628,0.05723073018066229,7.312968009543377e-05,0.0043133340195079615,0.02539384367984868,0.02438228757532012,0.013215724
152.18291666666664,5.695902566071586,0.004773325738669289,0.05729266547137284,6.389359305419456e-05,0.004313323937412036,0.025457737272902875,0.024443593170769416,0.013215724
152.67999999999998,0.0,0.004783560117362654,0.057185709823635626,5.458335303128261e-05,0.004313315326003214,0.025512320625934157,0.02449596546547535,0.013215724
153.09666666666664,0.0,0.004792157187600134,0.05709586519278486,4.585104126656097e-05,0.004313308093497552,0.02555817166720072,0.024539959055059558,0.013215724
153.44416666666663,0.0,0.0047993400200467455,0.05702080029480371,3.830843971525968e-05,0.0043133020516483295,0.025596480106915977,0.024576715513325447,0.013215724
153.73874999999995,0.0,0.004805438183308233,0.056957070899593835,3.252353739459561e-05,0.004313296922750337,0.025629003644310575,0.024607921371140734,0.013215724
153.99999999999994,0.0,0.004810853179942635,0.05690048104437832,2.8879982050144742e-05,0.004313292368757955,0.02565788362636072,0.0246356312443061,0.013215724
154.24999999999994,0.0,0.004816040828772634,0.056846267146731064,2.766746042666399e-05,0.0043132880060674445,0.025685551086787384,0.024662177681526697,0.013215724
154.51124999999993,0.0,0.00482146776174144,0.05678955263607275,2.894364250029441e-05,0.004313283442031097,0.02571449472928768,0.024689948549684718,0.013215724
154.80583333333325,0.0,0.004827594014607979,0.05672552989099549,3.2673348621540683e-05,0.004313278289494469,0.02574716807790922,0.024721297946140443,0.013215724
155.15333333333325,0.0,0.004834829912264973,0.05664991081391266,3.8591454170638066e-05,0.004313272202981439,0.02578575953207986,0.024758325569052643,0.013215724
155.5699999999999,0.0,0.004843519038150012,0.056559104812815265,4.634200472020583e-05,0.004313264892978043,0.025832101536800066,0.02480278956542983,0.013215724
156.06708333333324,0.0,0.004853903774231438,0.05645057892885248,5.538525910094131e-05,0.004313256154957331,0.025887486795901006,0.024855930190291673,0.013215724
156.6504166666666,0.0,0.004866116487822022,0.05632294993742722,6.513447248311314e-05,0.004313245876885074,0.02595262126838412,0.024918424709233812,0.013215724
157.3199999999999,5.440705556211658,0.004880170171070407,0.05635907763024582,7.49529773247175e-05,0.004313234047234284,0.026027574245708836,0.02499033950457327,0.013215724
158.0699999999999,14.551707529366439,0.004895957109527352,0.05668486461585843,8.41970051037073e-05,0.0043132207562569325,0.026111771250812543,0.025071123272818283,0.013215724
158.88916666666657,17.686190501899244,0.004913255675260682,0.0571024553577923,9.225901724442666e-05,0.0043132061903930225,0.02620403026805697,0.025159641801134825,0.013215724
159.7612499999999,17.733878231277213,0.0049317366981054605,0.0575113690705858,9.856545517215674e-05,0.004313190626992211,0.026302595723229124,0.025254210588096473,0.013215724
160.66666666666657,17.25147422158025,0.0049509962148644475,0.05789793002402401,0.00010271742271459892,0.004313174406716881,0.026405313145943722,0.02535276244273099,0.013215724
161.58333333333323,17.083138329379636,0.004970571107690539,0.0582777621660636,0.00010439942840581645,0.00431315792030716,0.026509712574349538,0.025452927522241806,0.013215724
162.4887499999999,17.47553432899334,0.004989982133592499,0.05867509415539933,0.0001035254714771207,0.004313141572179517,0.02661323804582666,0.025552253525007538,0.013215724
163.36083333333323,18.31906095805646,0.005008751477812068,0.05911053105392034,0.00010010316917103947,0.004313125765499335,0.0267133412149977,0.02564829551311492,0.013215724
164.1799999999999,19.319312627776522,0.005026448181400183,0.05959405105455722,9.43824191366131e-05,0.004313110863745943,0.026807723634134313,0.025738848358524753,0.013215724
164.9299999999999,19.898507581867303,0.005042707850985125,0.06011471244164968,8.671823778635726e-05,0.004313097174026807,0.02689444187192067,0.025822047583914345,0.013215724
165.59958333333321,19.279423516693566,0.00505727103883861,0.060632554933922764,7.767033521858364e-05,0.004313084914714346,0.026972112207139253,0.025896565733124776,0.013215724
166.18291666666656,5.695783593168837,0.005069994930245363,0.06069832769796854,6.786075416935112e-05,0.004313074205674601,0.027039972961308605,0.025961672155064505,0.013215724
166.6799999999999,0.0,0.005080864759850493,0.06058473602553383,5.797242456069197e-05,0.004313065058777453,0.027097945385869297,0.02601729140293852,0.013215724
167.09666666666655,0.0,0.005089995618697004,0.06048931704666936,4.869791384805865e-05,0.004313057376530373,0.027146643299717357,0.02606401246795494,0.013215724
167.44416666666655,0.0,0.005097624428840342,0.06040959481984179,4.068698743113422e-05,0.0043130509589799654,0.02718733028714849,0.026103047707351373,0.013215724
167.73874999999987,0.0,0.005104101222305078,0.06034191141097258,3.454289847859093e-05,0.004313045511151845,0.027221873185627084,0.02613618821774199,0.013215724
167.99999999999986,0.0,0.005109852431056034,0.060281810517739745,3.067311333843394e-05,0.004313040673979351,0.027252546298965518,0.026165615997636393,0.013215724
168.24999999999986,0.0,0.005115362175479597,0.060224233005143624,2.9385303592335886e-05,0.004313036040005014,0.027281931602557853,0.02619380820664018,0.013215724
168.51124999999985,0.0,0.005121126060197112,0.060163999743584246,3.074071849341162e-05,0.004313031192165242,0.027312672321051265,0.026223300749706146,0.013215724
168.80583333333317,0.0,0.005127632683832613,0.06009600483422974,3.470199272267378e-05,0.004313025719231506,0.027347374313773938,0.026256593666337976,0.013215724
169.15333333333317,0.0,0.005135317847359302,0.06001569413923685,4.0987538809007325e-05,0.004313019254245522,0.027388361852582945,0.02629591682252186,0.013215724
169.56999999999982,0.0,0.005144546466058835,0.0599192543066823,4.9219299730838914e-05,0.0043130114896913095,0.027437581152313786,0.026343137355345568,0.013215724
170.06708333333316,0.0,0.005155575969909188,0.059803995241862994,5.882402053521721e-05,0.004313002208324926,0.027496405172849004,0.02639957239962966,0.013215724
170.6504166666665,0.0,0.005168546943226975,0.059668447922228904,6.91785243615333e-05,0.004312991291146845,0.027565583697210537,0.02646594119490221,0.013215724
171.31999999999982,5.439996086156981,0.005183473183079941,0.059706811554172776,7.960661254915091e-05,0.00431297872591478,0.027645190309759687,0.026542314223259162,0.013215724
172.06999999999982,14.550723302432386,0.0052002402853707184,0.06005282324842319,8.942454555081247e-05,0.004312964608494307,0.0277346148553105,0.02662810598675887,0.013215724
172.88916666666648,17.685762770985008,0.005218612859978307,0.06049636188475608,9.798706457380891e-05,0.004312949136920073,0.02783260191988431,0.026722111942119528,0.013215724
173.76124999999982,17.733711317922047,0.005238241297894447,0.060930691314409195,0.00010468500221940754,0.004312932605788949,0.02793728692210372,0.026822543146526608,0.013215724
174.6666666666665,17.2513962512758,0.005258696554020752,0.06134128029944008,0.0001090946993402962,0.004312915376946832,0.028046381621444013,0.02692720424923384,0.013215724
175.58333333333314,17.083073273942507,0.005279486756734971,0.06174472511733931,0.00011088108114249418,0.004312897865430514,0.02815726270258651,0.027033578493208164,0.013215724
176.4887499999998,17.475465088840803,0.005300102909065825,0.062166756625356125,0.00010995281243122602,0.004312880500802727,0.028267215515017735,0.027139061559320138,0.013215724
177.36083333333315,18.318968106014236,0.005320037531901259,0.0626292569314082,0.00010631798845564537,0.00431286371129652,0.02837353350347338,0.02724105695715812,0.013215724
178.1799999999998,19.319189818587763,0.005338832911811736,0.0631428174729261,0.00010024202618921561,0.004312847882990557,0.028473775529662595,0.02733722287920719,0.013215724
178.9299999999998,19.898363944286693,0.005356102034254151,0.06369580126170245,9.210198635955122e-05,0.004312833342086013,0.028565877516022145,0.027425579290527725,0.013215724
179.59958333333313,19.279306820593636,0.005371569346107202,0.06424571072621275,8.249232988292997e-05,0.004312820320531387,0.028648369845905075,0.027504716468829366,0.013215724
180.18291666666647,5.695657248278956,0.005385083168298557,0.06431555769847139,7.20737183538952e-05,0.004312808945643908,0.02872044356425897,0.027573858491167166,0.013215724
180.6799999999998,0.0,0.005396627820620419,0.06419491946012881,6.157147904993138e-05,0.004312799230029951,0.028782015043308903,0.0276329252504598,0.013215724
181.09666666666647,0.0,0.0054063255407344225,0.06409358127705322,5.172117394135234e-05,0.004312791070134018,0.028833736217250255,0.027682542259594038,0.013215724
181.44416666666646,0.0,0.005414427960426881,0.06400891359910697,4.321290502644347e-05,0.0043127842535695075,0.028876949122276698,0.02772399703251385,0.013215724
181.73874999999978,0.0,0.0054213068431025095,0.06393703156630011,3.668737427002077e-05,0.004312778467021196,0.02891363649654672,0.02775919169105069,0.013215724
181.99999999999977,0.0,0.005427415094753026,0.06387320243039465,3.257734213608475e-05,0.004312773329096955,0.028946213838682806,0.02779044348482006,0.013215724
182.24999999999977,0.0,0.005433266890841114,0.06381205321957967,3.1209579136473504e-05,0.004312768407005411,0.028977423417819278,0.02782038311649856,0.013215724
182.51124999999976,0.0,0.005439388603725644,0.06374808352803411,3.2649135384156575e-05,0.004312763257752057,0.029010072553203436,0.027851703672659964,0.013215724
182.80583333333308,0.0,0.005446299164530639,0.06367587072765528,3.685632429330632e-05,0.004312757444540502,0.02904692887749674,0.027887060148745497,0.013215724
183.15333333333308,0.0,0.005454461428659629,0.0635905781833143,4.353207535461413e-05,0.004312750577597365,0.029090460952851355,0.027928820617731862,0.013215724
183.56999999999974,0.0,0.0054642629647814215,0.06348815600420071,5.227485931622661e-05,0.004312742330287713,0.029142735812167583,0.02797896793752923,0.013215724
184.06708333333307,0.0,0.005475977183055315,0.06336574724111427,6.24758307940966e-05,0.004312732471861632,0.02920521164296168,0.028038900869821585,0.013215724
184.65041666666642,0.0,0.00548975339370482,0.06322179176865525,7.347312346402533e-05,0.004312720875922276,0.029278684766425703,0.02810938321881658,0.013215724
185.31999999999974,5.439242845583323,0.005505606248362775,0.06326252895514205,8.45485581757681e-05,0.004312707529467856,0.029363233324601473,0.02819048981760554,0.013215724
186.06999999999974,14.549678138939464,0.005523414238585966,0.06363001803071283,9.49759478570126e-05,0.004312692534326077,0.029458209272458485,0.028281598859748732,0.013215724
186.8891666666664,17.68530853925678,0.005542927359202574,0.06410111479577559,0.00010406997662191303,0.004312676100845854,0.0295622792490804,0.0283814311257924,0.013215724
187.76124999999973,17.73353407181292,0.0055637742959014054,0.06456243804643991,0.00011118366239376623,0.004312658541941579,0.029673462911474165,0.028488086779557532,0.013215724
188.6666666666664,17.251313456938682,0.005585499367651191,0.06499854721270647,0.00011586704933218575,0.004312640241957154,0.02978932996080635,0.028599234394457922,0.013215724
189.58333333333306,17.08300419364198,0.00560758016764961,0.06542707143361262,0.00011776426665823982,0.0043126216417335855,0.02990709422746459,0.028712201225909166,0.013215724
190.48874999999973,17.475391564942978,0.005629476101697473,0.06587533656285854,0.00011677831492193206,0.004312603197540028,0.030023872542386525,0.02882422154988879,0.013215724
191.36083333333306,18.318869509238237,0.005650648188755677,0.06636658058106001,0.00011291779764375376,0.004312585364232374,0.03013679034003028,0.02893253796591063,0.013215724
192.17999999999972,19.319059411729558,0.005670610303710779,0.066912045358233,0.00010646461309387798,0.004312568551890575,0.030243254953124157,0.02903466354877868,0.013215724
192.92999999999972,19.89821141840094,0.005688951409773644,0.06749935351997245,9.781923233527813e-05,0.004312553106993898,0.030341074185459435,0.029128495572690337,0.013215724
193.59958333333304,19.27918281746269,0.0057053788510295494,0.06808330584411205,8.761302003149368e-05,0.004312539275908967,0.03042868720549093,0.02921253697201001,0.013215724
194.1829166666664,5.695523076566259,0.005719731535206601,0.06815747823180587,7.654764894427536e-05,0.004312527193866235,0.030505234854435206,0.029285963759003327,0.013215724
194.67999999999972,0.0,0.00573199281080777,0.0680293576402839,6.539346987290091e-05,0.004312516874254063,0.030570628324308107,0.029348690880652402,0.013215724
195.09666666666638,0.0,0.005742292504990903,0.06792173419050067,5.4931702310041936e-05,0.0043125082070776975,0.030625560026618148,0.029401382628125597,0.013215724
195.44416666666638,0.0,0.0057508978705786435,0.06783181522195561,4.5895283134618974e-05,0.004312500966745892,0.03067145530975277,0.029445406313536038,0.013215724
195.7387499999997,0.0,0.005758203748544011,0.06775547491360823,3.8964682481963584e-05,0.004312494820464714,0.03071041999223473,0.029482781939401456,0.013215724
195.9999999999997,0.0,0.00576469115881278,0.06768768697443728,3.459952143343398e-05,0.0043124893631315345,0.030745019513668165,0.029515970357138967,0.013215724
196.2499999999997,0.0,0.00577090619360424,0.06762274518723708,3.314685222112006e-05,0.0043124841350494665,0.030778166365889287,0.029547765292118038,0.013215724
196.51124999999968,0.0,0.005777407898800355,0.06755480800185794,3.4675761045941296e-05,0.00431247866568447,0.03081284212693523,0.02958102671645123,0.013215724
196.805833333333,0.0,0.005784747416813599,0.06747811647455045,3.914409607063564e-05,0.004312472491086213,0.030851986223005865,0.029618574147688086,0.013215724
197.153333333333,0.0,0.005793416333177288,0.0673875340040701,4.623422060634068e-05,0.004312465197250962,0.030898220443612207,0.02966292239756208,0.013215724
197.56999999999965,0.0,0.005803826272993795,0.06727875953469462,5.551967902136747e-05,0.004312456437238896,0.030953740122633574,0.029716177187916203,0.013215724
198.067083333333,0.0,0.005816267616255175,0.06714875894677715,6.635383072736519e-05,0.004312445965956442,0.031020093953360937,0.02977982394510631,0.013215724
198.65041666666633,0.0,0.005830898939360645,0.0669958753813387,7.803372322916952e-05,0.004312433649150724,0.031098127676590107,0.029854673787315586,0.013215724
199.31999999999965,5.43844315833728,0.00584773580118771,0.06703913210976563,8.979659641101234e-05,0.004312419473013551,0.03118792427300112,0.029940806164985963,0.013215724
200.06999999999965,14.548568285634007,0.005866649148640249,0.06742942845942579,0.00010087118641354785,0.004312403545704831,0.03128879545941467,0.030037560719310238,0.013215724
200.8891666666663,17.68482617205602,0.005887373456000372,0.06792979324393181,0.0001105296392539829,0.004312386090651857,0.03139932509866865,0.030143578942381066,0.013215724
201.76124999999965,17.733345856696108,0.00590951435905745,0.06841978620215937,0.00011808481630441437,0.004312367440222988,0.031517409914973066,0.03025684325711585,0.013215724
202.66666666666632,17.251225541868564,0.005932587890952668,0.06888300018256063,0.00012305883677449887,0.004312348002655824,0.031640468751747565,0.030374877759844286,0.013215724
203.58333333333297,17.08293084094624,0.005956039218426599,0.06933816148876122,0.0001250737465276301,0.004312328246196256,0.03176554249827519,0.03049484408915819,0.013215724
204.48874999999964,17.47531349384915,0.005979294193133662,0.06981428945774876,0.00012402653177100845,0.004312308655476384,0.0318895690300462,0.030613805153696737,0.013215724
205.36083333333298,18.31876481440507,0.006001780381229522,0.07033606159389394,0.00011992633651125086,0.004312289713626169,0.03200949536655745,0.030728832712228996,0.013215724
206.17999999999964,19.318920939980927,0.006022981486544967,0.07091540957826616,0.00011307256168237238,0.004312271856215355,0.03212256792823982,0.030837285767017497,0.013215724
206.92999999999964,19.898049457358173,0.006042460962606104,0.07153916749324361,0.00010389053899273782,0.004312255451258815,0.03222645846723256,0.030936931331518213,0.013215724
207.59958333333296,19.279051046876017,0.00605990799183746,0.07215925905837285,9.305082256723702e-05,0.004312240760435297,0.03231950928979979,0.031026179608882067,0.013215724
208.1829166666663,5.695380595384385,0.006075151486117314,0.07223802340896214,8.129863615921873e-05,0.00431222792737903,0.03240080792595901,0.031104155582902214,0.013215724
208.67999999999964,0.0,0.006088173762773322,0.07210195789795033,6.945214216537108e-05,0.004312216966308643,0.03247026006812438,0.031170768951748647,0.013215724
209.0966666666663,0.0,0.00609911270866767,0.07198766062504923,5.834104476986085e-05,0.004312207760390571,0.03252860111289424,0.031226725179879896,0.013215724
209.4441666666663,0.0,0.006108252165169307,0.07189216573349923,4.8743768008729784e-05,0.00431220007000984,0.03257734488090297,0.031273476303421165,0.013215724
209.7387499999996,0.0,0.006116011480017267,0.07181109154346617,4.138301252245507e-05,0.004312193541685659,0.032618727893425424,0.031313167480931756,0.013215724
209.9999999999996,0.0,0.006122901528090299,0.07173910007363216,3.6746923056169176e-05,0.004312187745134351,0.032655474816481594,0.0313484120277096,0.013215724
210.2499999999996,0.0,0.006129502294823629,0.07167013126020026,3.520408924442684e-05,0.0043121821920848544,0.03269067890572602,0.031382176751897056,0.013215724
210.5112499999996,0.0,0.006136407522901204,0.07159798131980549,3.682788308040707e-05,0.004312176382755644,0.032727506788806426,0.03141749880921142,0.013215724
210.8058333333329,0.0,0.006144202560636457,0.07151653420327703,4.157353458801365e-05,0.0043121698243584645,0.03276908032339444,0.03145737239115187,0.013215724
211.1533333333329,0.0,0.006153409502689988,0.0714203348012135,4.910369095215921e-05,0.004312162077156582,0.0328181840143466,0.03150446810226323,0.013215724
211.56999999999957,0.0,0.0061644655201267586,0.07130481536850619,5.8965426329448295e-05,0.004312152772646139,0.032877149440676046,0.03156102210864109,0.013215724
212.0670833333329,0.0,0.0061776790134131085,0.07116675366558213,7.04719641938635e-05,0.0043121416505005105,0.03294762140486991,0.03162861184737128,0.013215724
212.65041666666625,0.0,0.006193218398672196,0.07100439012358561,8.287672138180538e-05,0.004312128568123788,0.033030498126251716,0.03170809866798599,0.013215724
213.31999999999957,5.437594187751074,0.006211100197921046,0.07105032125015658,9.536959599386365e-05,0.004312113510851611,0.03312586772224558,0.03179956692065132,0.013215724
214.06999999999957,14.547389760595074,0.006231187345925374,0.07146483669978834,0.00010713145602308542,0.004312096593569044,0.03323299917826866,0.03190231531264248,0.013215724
214.88916666666623,17.68431393482217,0.006253197835072668,0.07199628518387849,0.00011738927545224158,0.004312078053593063,0.0333503884537209,0.03201490115266129,0.013215724
215.76124999999956,17.73314599757461,0.006276712823741933,0.07251672755099624,0.00012541327290273852,0.004312058243952631,0.03347580172662364,0.03213518185575481,0.013215724
216.66666666666623,17.251132191342304,0.006301218307629933,0.07300872917056905,0.00013069591406933371,0.004312037598260916,0.03360649764069298,0.03226052812549335,0.013215724
217.5833333333329,17.082852953289482,0.006326125019157534,0.07349218182014028,0.0001328357948138746,0.004312016613868197,0.03373933343550685,0.03238792576491369,0.013215724
218.48874999999956,17.475230596108045,0.006350823178300237,0.07399790283890736,0.0001317235154277525,0.0043119958055282915,0.0338710569509346,0.032514255743176866,0.013215724
219.3608333333329,18.3186536467299,0.006374704827306196,0.07455209802039395,0.00012736879469844888,0.004311975686398358,0.03399842574563305,0.0326364084400452,0.013215724
220.17999999999955,19.318773907749357,0.006397221631173018,0.07516743054612508,0.00012008962062305075,0.004311956719118313,0.0341185153662561,0.03275157928264119,0.013215724
220.92999999999955,19.897877481066434,0.006417909954668682,0.07582989453551384,0.00011033772531020783,0.004311939294573725,0.03422885309156631,0.03285739699091551,0.013215724
221.59958333333287,19.27891101905562,0.006436439694473349,0.076488349404754,9.882527895822267e-05,0.004311923690704614,0.03432767837052453,0.03295217331962064,0.013215724
222.18291666666622,5.695229292606626,0.006452629148097301,0.07657198852372044,8.634375266107772e-05,0.004311910060069785,0.0344140221231856,0.033034979079408014,0.013215724
222.67999999999955,0.0,0.006466459538150241,0.07642748712431376,7.376208028235749e-05,0.004311898417769355,0.03448778420346796,0.03310571839853234,0.013215724
223.0966666666662,0.0,0.006478077310409272,0.07630610361428396,6.196145204816275e-05,0.004311888639706727,0.03454974565551612,0.03316514045651397,0.013215724
223.4441666666662,0.0,0.006487783921938037,0.07620468823513092,5.1768594820072615e-05,0.004311880471373541,0.034601514250336196,0.033214787240846935,0.013215724
223.73874999999953,0.0,0.0064960247445183935,0.07611858763556294,4.395105376190602e-05,0.004311873537319428,0.0346454653040981,0.033256936786653,0.013215724
223.99999999999952,0.0,0.0065033423562866136,0.07604213288210145,3.9027262763841065e-05,0.004311867380518363,0.034684492566861944,0.03329436427735065,0.013215724
224.24999999999952,0.0,0.006510352734139771,0.07596888819824843,3.7388681883506773e-05,0.0043118614823534655,0.03472188124874545,0.033330220279320165,0.013215724
224.5112499999995,0.0,0.006517686465508637,0.07589226518375891,3.911323396728096e-05,0.004311855311982388,0.034760994482712734,0.03336773005984241,0.013215724
224.80583333333283,0.0,0.006525965222114236,0.07580576861793087,4.415336856319117e-05,0.004311848345991031,0.034805147851275926,0.03341007325710727,0.013215724
225.15333333333282,0.0,0.006535743496344733,0.07570360520291852,5.215079589598014e-05,0.004311840117314308,0.03485729864717191,0.03346008587622365,0.013215724
225.56999999999948,0.0,0.006547485586516727,0.07558092402687178,6.26244809173031e-05,0.004311830234547498,0.03491992312808921,0.03352014257135309,0.013215724
226.06708333333282,0.0,0.00656151902892278,0.07543430310892142,7.484502616561237e-05,0.004311818421186658,0.03499476815425483,0.03359191846313783,0.013215724
226.65041666666616,0.0,0.006578022688265623,0.07526187382757514,8.801951649516181e-05,0.004311804525775825,0.03508278767074999,0.033676328227988946,0.013215724
227.31999999999948,5.436692927411401,0.006597014109004028,0.07531064360201112,0.0001012875772714948,0.004311788532741653,0.03518407524802148,0.03377346141511499,0.013215724
228.06999999999948,14.546138339625903,0.0066183477174387014,0.07575087690523054,0.00011377924498492991,0.0043117705641116,0.03529785449300641,0.03388257327032189,0.013215724
228.88916666666614,17.683769987108324,0.006641724003447328,0.07631533706448848,0.0001246735253793455,0.004311750871953721,0.03542252801838575,0.03400213172428983,0.013215724
229.76124999999948,17.732933778404767,0.006666698132509025,0.0768681187576996,0.0001331953549957161,0.004311729831238709,0.03555572337338147,0.03412986147254602,0.013215724
230.66666666666615,17.251033071548274,0.0066927242033266,0.07739069509189124,0.0001388057110270668,0.004311707902528618,0.03569452908440854,0.03426297036484058,0.013215724
231.5833333333328,17.082770252183142,0.006719176382437563,0.07790419588411936,0.00014107828859180165,0.004311685614082473,0.03583560737300034,0.03439825752501782,0.013215724
232.48874999999947,17.475142575321996,0.006745407052632815,0.07844134738991741,0.00013989690770801498,0.00431166351264309,0.03597550428070835,0.03453241076428264,0.013215724
233.3608333333328,18.31853560869712,0.006770770533593649,0.07902997787839398,0.00013527189845778044,0.004311642143256103,0.03611077617916613,0.03466212790103983,0.013215724
234.17999999999947,19.318617789393926,0.006794684468691536,0.07968352615791885,0.0001275409871887265,0.004311621997309428,0.03623831716635486,0.03478443070405275,0.013215724
234.92999999999947,19.897694874224932,0.006816656457642911,0.08038709146567057,0.00011718394107400502,0.004311603489976752,0.03635550110742886,0.03489680107634684,0.013215724
235.5995833333328,19.27876221296059,0.006836335918110617,0.08108626897997952,0.00010495712249443493,0.004311586916467038,0.0364604582299233,0.034997446258035525,0.013215724
236.18291666666613,5.695068624863596,0.006853529876668044,0.0811750829010893,9.170111230627597e-05,0.004311572438816535,0.03655215934222957,0.03508537955014558,0.013215724
236.67999999999947,0.0,0.006868218393789085,0.08102162452262625,7.833875797888546e-05,0.004311560073061211,0.03663049810020846,0.035160499170629744,0.013215724
237.09666666666612,0.0,0.0068805570041510335,0.08089271705987548,6.580592193038784e-05,0.004311549687391011,0.036696304022138845,0.03522360071145013,0.013215724
237.44416666666612,0.0,0.006890865870938599,0.0807850154899897,5.498062286702484e-05,0.004311541011480885,0.03675128464500587,0.03527632165846889,0.013215724
237.73874999999944,0.0,0.006899618000705218,0.0806935780072351,4.667802542195697e-05,0.004311533646549043,0.03679796267042783,0.03532108111580154,0.013215724
237.99999999999943,0.0,0.006907389636977946,0.08061238428230119,4.1448726787889515e-05,0.004311527107169497,0.036839411397215714,0.03536082611394755,0.013215724
238.24999999999943,0.0,0.006914834975574717,0.08053459961840838,3.9708472516119385e-05,0.004311520842498641,0.03687911986973183,0.03539890230532425,0.013215724
238.51124999999942,0.0,0.006922623728885293,0.08045322724163459,4.154001765640714e-05,0.004311514288708132,0.036920659887388234,0.03543873466444163,0.013215724
238.80583333333274,0.0,0.006931416139931719,0.08036136934007321,4.6892858914263095e-05,0.004311506889859862,0.0369675527463025,0.03548369970708875,0.013215724
239.15333333333274,0.0,0.006941801103714206,0.08025287354003957,5.538647350659636e-05,0.004311498149866647,0.0370229392198091,0.035536809033615786,0.013215724
239.5699999999994,0.0,0.006954271724442652,0.08012258827507643,6.650997721837966e-05,0.00431148765300364,0.03708944919702748,0.03560058432136054,0.013215724
240.06708333333273,0.0,0.006969175858240562,0.07996687948914474,7.94887135888567e-05,0.004311475105587118,0.03716893791061634,0.035676804393703375,0.013215724
240.65041666666608,0.0,0.006986703464701932,0.0797837627767755,9.348056779396758e-05,0.004311460346752172,0.0372624184784103,0.03576644053827864,0.013215724
241.3199999999994,5.435736191453281,0.00700687317363996,0.07983554539626578,0.00010757178100282023,0.00431144335996044,0.03736999025941312,0.03586958782057553,0.013215724
242.0699999999994,14.544809541876118,0.007029530375958546,0.08030308752667836,0.00012083841236579945,0.004311424274824779,0.03749082867177892,0.03598545534257,0.013215724
242.88916666666606,17.68319237625098,0.007054356975525855,0.08090260653321765,0.00013240853102563819,0.004311403359078882,0.03762323720280456,0.036112416144567824,0.013215724
243.7612499999994,17.7327084396632,0.007080880536085885,0.0814897344775217,0.00014145898965349315,0.0043113810109953075,0.03776469619245806,0.03624805401952438,0.013215724
244.66666666666606,17.250927828461226,0.00710852128528349,0.08204478328084228,0.00014741732905389083,0.004311357719755367,0.03791211352151195,0.036389403924176444,0.013215724
245.58333333333272,17.08268244227765,0.007136614560967501,0.08259019788723061,0.00014983080364806177,0.004311334046442449,0.03806194432516001,0.03653306679713505,0.013215724
246.48874999999938,17.47504911714845,0.0071644725674669535,0.08316073116204327,0.00014857603466374421,0.004311310571770779,0.03821052035982375,0.03667552538807269,0.013215724
247.36083333333272,18.318410278720798,0.007191409567909308,0.08378593378174763,0.00014366400235922748,0.004311287874650473,0.03835418436218298,0.03681327308899491,0.013215724
248.17999999999938,19.318452027455894,0.007216807079227327,0.08448006687657621,0.0001354533936961007,0.004311266476998696,0.03848963775587908,0.03694314731168964,0.013215724
248.92999999999938,19.897500984245788,0.007240142156654301,0.08522727612690428,0.00012445374627719662,0.004311246819782015,0.03861409150215628,0.037062474098813,0.013215724
249.5995833333327,19.27860407424955,0.007261042472163949,0.08596967892998003,0.00011146834938478041,0.004311229216548076,0.03872555985154106,0.0371693497396713,0.013215724
250.18291666666605,5.694898015676349,0.0072793030844607075,0.0860639859407135,9.738993224938828e-05,0.004311213839397497,0.038822949783790445,0.037262726485923485,0.013215724
250.67999999999938,0.0,0.007294902820358442,0.08590101755074392,8.319859145457696e-05,0.004311200705359765,0.038906148375245024,0.03734249628443849,0.013215724
251.09666666666604,0.0,0.007308006866073076,0.08576412158940343,6.988824381138354e-05,0.004311189674433152,0.03897603661905641,0.0374095040019676,0.013215724
251.44416666666604,0.0,0.007318955248471685,0.08564974571001885,5.8391372792580636e-05,0.004311180459495671,0.03903442799184899,0.03746548850855961,0.013215724
251.73874999999936,0.0,0.007328250318753426,0.08555264184045563,4.957370816928244e-05,0.004311172636988319,0.03908400170001827,0.03751301866995354,0.013215724
251.99999999999935,0.0,0.007336504068731545,0.08546641655867748,4.4019999883304375e-05,0.004311165691325354,0.03912802169990158,0.03755522395184838,0.013215724
252.24999999999935,0.0,0.0073444112776863265,0.08538381161752365,4.217178109216603e-05,0.004311159037439617,0.039170193480993744,0.037595657111910034,0.013215724
252.51124999999934,0.0,0.007352683203500609,0.08529739665651555,4.4116937676174264e-05,0.00431115207647293,0.03921431041866992,0.03763795513524197,0.013215724
252.80583333333266,0.0,0.007362021046716933,0.08519984641754877,4.980183048705969e-05,0.004311144217948021,0.03926411224915698,0.03768570354372169,0.013215724
253.15333333333265,0.0,0.007373050233195856,0.08508462728370188,5.882232788758304e-05,0.004311134934957496,0.03932293457704456,0.03774210034968099,0.013215724
253.5699999999993,0.0,0.007386294454960577,0.08494626847452792,7.063584941184973e-05,0.004311123785949665,0.039393570426456415,0.0378098233094431,0.013215724
254.06708333333265,0.0,0.007402123144800021,0.08478091076945218,8.441967914370371e-05,0.004311110458996801,0.039477990105600116,0.037890761335375146,0.013215724
254.650416666666,0.0,0.00742073804324346,0.08458644683570152,9.927945836500206e-05,0.004311094783242366,0.039577269563965116,0.037985945810760806,0.013215724
255.3199999999993,5.4347206043555465,0.0074421589321961995,0.08464142702949068,0.00011424474108128306,0.0043110767411235415,0.0396915143050464,0.03809547765355385,0.013215724
256.0699999999993,14.543398614660095,0.0074662216077594845,0.08513796678743434,0.00012833426967084717,0.004311056470308925,0.03981984857471725,0.03821851697541032,0.013215724
256.889166666666,17.682579030680575,0.007492588237573569,0.08577471832939206,0.0001406220256751164,0.0043110342551688045,0.039960470600392366,0.03835333607711511,0.013215724
257.7612499999993,17.732469175777783,0.007520757075778897,0.08639832366368061,0.0001502338037617543,0.004311010518721608,0.04011070440415412,0.03849736916633519,0.013215724
258.66666666666595,17.250816086655018,0.007550112383409627,0.08698786019093424,0.00015656164069722828,0.004310985780541214,0.04026726604485135,0.03864746765483462,0.013215724
259.58333333333263,17.08258921037236,0.007579948267588966,0.08756716987382043,0.00015912471562314062,0.004310960636569057,0.04042639076047449,0.03880002208789203,0.013215724
260.4887499999993,17.47494988824635,0.007609534268872405,0.0881731570666755,0.00015779200684500066,0.00431093570359532,0.04058418276731949,0.03895129752398565,0.013215724
261.3608333333326,18.3182772097309,0.0076381421162861,0.08883720087327367,0.00015257518620637644,0.004310911596492334,0.04073675795352587,0.039097570340171445,0.013215724
262.17999999999927,19.31827603079119,0.007665114966071376,0.0895744341466524,0.00014385519885480865,0.004310888869597477,0.040880613152380674,0.039235482240479076,0.013215724
262.92999999999927,19.897295119060438,0.007689897440138844,0.09036798630403874,0.00013217319502649384,0.004310867991267616,0.04101278634740717,0.03936219381267867,0.013215724
263.5995833333326,19.27843601310656,0.007712094120243155,0.09115626881727827,0.00011838229388965991,0.004310849294524676,0.04113116864129683,0.039475683567110356,0.013215724
264.1829166666659,5.694716853486812,0.0077314873574752885,0.09125640654220875,0.00010343059857137436,0.004310832962156677,0.041234599239868205,0.03957483895096512,0.013215724
264.6799999999992,0.0,0.00774805466911421,0.091083341240085,8.835899540758822e-05,0.004310819012247803,0.04132295823527579,0.03965954525768127,0.013215724
265.0966666666659,0.0,0.007761971490196784,0.09093796378597771,7.422304577372353e-05,0.004310807296096951,0.041397181281049515,0.039730699666014835,0.013215724
265.4441666666659,0.0,0.007773598940055387,0.09081650171096142,6.201306591254966e-05,0.004310797508744549,0.04145919434696207,0.03979014867511857,0.013215724
265.73874999999924,0.0,0.007783470529586801,0.09071338177348358,5.264847750087336e-05,0.00431078920031951,0.04151184282446294,0.039840620135095546,0.013215724
265.99999999999926,0.0,0.007792236209893812,0.09062181443307495,4.675029497071735e-05,0.004310781823208157,0.04155859311943366,0.03988543718053347,0.013215724
266.24999999999926,0.0,0.007800633853680411,0.09053409175379037,4.478743352853184e-05,0.004310774755999939,0.04160338055296219,0.03992837242628951,0.013215724
266.5112499999993,0.0,0.007809418833712016,0.09044232303183733,4.685322683523015e-05,0.004310767362637136,0.04165023377979742,0.03997328792140732,0.013215724
266.8058333333326,0.0,0.007819335841008405,0.0903387291860697,5.2890705580738906e-05,0.004310759015964048,0.04170312448537816,0.040023991061594225,0.013215724
267.1533333333326,0.0,0.007831049091402885,0.09021637183177604,6.247066877056093e-05,0.004310749156344215,0.041765595154148724,0.04008387774711731,0.013215724
267.5699999999993,0.0,0.007845114756208025,0.0900694412790555,7.501687896075127e-05,0.004310737314799619,0.04184061203310947,0.0401557914208771,0.013215724
268.0670833333326,0.0,0.00786192517896723,0.08989383925244646,8.965558804909922e-05,0.0043107231600287765,0.04193026762115857,0.04024173785943705,0.013215724
268.65041666666593,0.0,0.007881694609332385,0.08968732791179074,0.00010543696194748571,0.0043107065105650036,0.04203570458310606,0.040342812238145294,0.013215724
269.31999999999925,5.4336425902222265,0.007904444052090205,0.08974570155783197,0.000121330361375034,0.004310687347757956,0.042157034944481094,0.0404591216836284,0.013215724
270.06999999999925,14.54190051742905,0.007929999114678433,0.09027303150929755,0.0001362936671372216,0.004310665817831329,0.04229332861161832,0.04058977429674266,0.013215724
270.8891666666659,17.681927752853028,0.007958001007509681,0.09094932355336134,0.00014934342843332795,0.004310642222822809,0.04244267204005164,0.040732935432641774,0.013215724
271.7612499999992,17.732215132415458,0.007987916862193115,0.09161166927537467,0.00015955122497831055,0.004310617012029655,0.04260222326502995,0.040885880501438064,0.013215724
272.6666666666659,17.250697448050516,0.008019092748721663,0.09223783351893844,0.0001662713948189163,0.004310590737300862,0.04276849465984887,0.04104526606857763,0.013215724
273.5833333333326,17.08249022437161,0.008050778993759602,0.09285314226102304,0.00016899330686901624,0.004310564031594817,0.04293748796671788,0.04120725933392459,0.013215724
274.48874999999924,17.47484453516507,0.008082199835989385,0.0934967838393858,0.00016757782522550696,0.004310537550011791,0.04310506579194339,0.041367894265685205,0.013215724
275.36083333333255,18.318135927682455,0.008112581840506526,0.09420207825552958,0.00016203735742475152,0.004310511945613207,0.043267103149368144,0.041523216870759876,0.013215724
276.1799999999992,19.318089172601283,0.008141227431307598,0.09498508233514266,0.00015277648427237898,0.0043104878071639876,0.043419879633640523,0.041669661103605524,0.013215724
276.9299999999992,19.897076544805856,0.008167546792091961,0.09582784219512477,0.00014036992418327347,0.004310465632107027,0.043560249557823796,0.04180421191870224,0.013215724
277.59958333333253,19.27825740192024,0.008191119987284062,0.09666481956451693,0.00012572370769119837,0.004310445774143978,0.043685973265514995,0.041924722803958155,0.013215724
278.18291666666585,5.6945244895735065,0.008211715875210619,0.09677114610951447,0.00010984473560831092,0.004310428427411593,0.0437958180011233,0.04203001241885927,0.013215724
278.67999999999915,0.0,0.00822931058313219,0.096587361087854,9.383844224838524e-05,0.0043104136111136535,0.043889656443371686,0.04211995899827135,0.013215724
279.09666666666584,0.0,0.008244090428942063,0.09643297898629656,7.882584431932265e-05,0.004310401167310687,0.043968482287691006,0.04219551525550946,0.013215724
279.44416666666586,0.0,0.008256438928772036,0.0963039936317596,6.585866575985907e-05,0.00431039077210081,0.044034340953450865,0.042258641944286565,0.013215724
279.7387499999992,0.0,0.00826692267983646,0.09619448655349477,5.591333901025826e-05,0.004310381947671492,0.04409025429246112,0.04231223568354114,0.013215724
279.9999999999992,0.0,0.008276231939420519,0.09609724765808812,4.96493844483184e-05,0.004310374112397941,0.04413990367690944,0.042359825194499476,0.013215724
280.2499999999992,0.0,0.008285150337864887,0.09600409158332635,4.7564791703296346e-05,0.004310366606275903,0.04418746846861273,0.04240541647755795,0.013215724
280.5112499999992,0.0,0.008294480090101818,0.09590663888856434,4.9758678596972045e-05,0.004310358753744868,0.04423722714720971,0.042453110493722995,0.013215724
280.80583333333254,0.0,0.008305012066232057,0.09579662867935619,5.6170539361260874e-05,0.004310349888699779,0.044293397686570965,0.04250695016356988,0.013215724
281.15333333333257,0.0,0.00831745166998287,0.09566669283985531,6.634455333767959e-05,0.004310339416748804,0.04435974223990864,0.04257054144973308,0.013215724
281.56999999999925,0.0,0.008332389559637778,0.09551066187084557,7.966874482617914e-05,0.004310326839789673,0.04443941098473482,0.04264690367391663,0.013215724
282.06708333333256,0.0,0.008350242405524929,0.0953241837025098,9.521517806480451e-05,0.0043103118059479185,0.04453462616279962,0.04273816666418761,0.013215724
282.6504166666659,0.0,0.008371237739302706,0.09510488194427329,0.00011197511348147323,0.004310294122490149,0.044646601276281096,0.04284549330894264,0.013215724
283.3199999999992,5.43249836153212,0.00839539786371944,0.09516685671940926,0.00012885399688925998,0.0043102737696116035,0.04477545527317035,0.04296899732084655,0.013215724
284.0699999999992,14.540309904858319,0.00842253756713441,0.09572687948569246,0.00014474508487984404,0.004310250902621223,0.044920200358050194,0.04310773158505659,0.013215724
284.88916666666586,17.681236211782135,0.008452275806647248,0.09644516250863946,0.0001586039440684631,0.00431022584231838,0.04507880430211866,0.04325974792669548,0.013215724
285.76124999999917,17.7319454036216,0.0084840466669651,0.09714865158486569,0.00016944458836187442,0.0043101990659065,0.045248248890480534,0.04342215318491258,0.013215724
286.66666666666583,17.250571490595348,0.008517155665904145,0.09781371595282226,0.00017658132767490206,0.00431017115950811,0.04542483021815544,0.043591397089397695,0.013215724
287.5833333333325,17.08238513218395,0.008550806643273874,0.09846725802225251,0.0001794718793052268,0.004310142795390318,0.045604302097460664,0.04376340975422431,0.013215724
288.4887499999992,17.47473268317298,0.008584175735724798,0.09915089067818256,0.00017796849307159598,0.004310114669335066,0.04578227059053226,0.04393397984304059,0.013215724
289.3608333333325,18.317985929983603,0.008616441553073397,0.09989999412348063,0.00017208435919252794,0.004310087474956721,0.04595435494972479,0.04409890882513423,0.013215724
290.17999999999915,19.31789078835751,0.008646863269892644,0.10073160440389184,0.0001622491563693154,0.004310061837578542,0.046116604106094104,0.04425441013147691,0.013215724
290.92999999999915,19.896844483384676,0.008674814503699876,0.1016266126442654,0.00014907324697190197,0.0043100382855294295,0.046265677353066005,0.0443972822862967,0.013215724
291.5995833333325,19.278067572806915,0.008699849286895437,0.10251527018171021,0.00013351884370966128,0.004310017194470313,0.04639919619677567,0.044525246071666545,0.013215724
292.1829166666658,5.694320235853554,0.008721722151738418,0.10262816534193561,0.00011665527916256865,0.004309998770588621,0.04651585147593824,0.04463704713449661,0.013215724
292.6799999999991,0.0,0.008740407750106283,0.10243299972995308,9.965652462861018e-05,0.004309983034276587,0.046615508000566845,0.04473255622185053,0.013215724
293.0966666666658,0.0,0.008756103955772152,0.1022690578543533,8.371309688463313e-05,0.004309969817784168,0.04669922109745148,0.044812785000565666,0.013215724
293.4441666666658,0.0,0.008769218066138474,0.10213208542539517,6.994192195372155e-05,0.004309958777094468,0.046769163019405195,0.04487981550757007,0.013215724
293.73874999999913,0.0,0.008780351809693525,0.10201579745708331,5.937996562693731e-05,0.004309949404723923,0.04682854298503213,0.044936723510255,0.013215724
293.99999999999915,0.0,0.008790238240928928,0.10191253737511437,5.272763325548433e-05,0.00430994108293146,0.04688127061828762,0.04498725595896846,0.013215724
294.24999999999915,0.0,0.008799709575640375,0.1018136129584064,5.051378512771774e-05,0.004309933110730419,0.04693178440341533,0.04503566659054871,0.013215724
294.51124999999917,0.0,0.008809617765679524,0.10171012590085807,5.28436802087873e-05,0.004309924770612591,0.04698462808362412,0.045086309967888254,0.013215724
294.8058333333325,0.0,0.008820802713914878,0.1015933037941872,5.965305725522612e-05,0.004309915355112997,0.04704428114087935,0.0451434790173039,0.013215724
295.1533333333325,0.0,0.008834013557111593,0.10145532230291383,7.045783038247557e-05,0.004309904232933513,0.047114738971261824,0.04521100267819479,0.013215724
295.5699999999992,0.0,0.008849877571453186,0.10128962994198257,8.460807648849308e-05,0.004309890875045319,0.04719934704775032,0.045292086962637555,0.013215724
296.0670833333325,0.0,0.008868837256986948,0.10109160520772353,0.000101118322846741,0.004309874907728007,0.04730046537059706,0.04538899337404984,0.013215724
296.6504166666658,0.0,0.008891134247661558,0.10085872462546026,0.00011891728359792192,0.0043098561262846025,0.04741938265419498,0.04550295667271519,0.013215724
297.31999999999914,5.43128390734176,0.008916792223810633,0.10092452069061847,0.000136842539461728,0.004309834509684969,0.04755622519365671,0.04563409755704873,0.013215724
298.06999999999914,14.53862110900993,0.00894561448552178,0.10151925560814512,0.0001537187291261214,0.004309810222886101,0.047709943922782834,0.04578141029616153,0.013215724
298.8891666666658,17.680501935155743,0.008977196360851387,0.10228213132478453,0.0001684366684245687,0.00430978360661069,0.0478783805912074,0.04594282619991543,0.013215724
299.7612499999991,17.73165902880226,0.009010936845029347,0.10302931529284645,0.00017994924894912203,0.004309755167695789,0.048058329840156525,0.04611527316856013,0.013215724
300.6666666666658,17.250437766872942,0.009046098397564711,0.1037356927541788,0.00018752828018860153,0.004309725528658775,0.048245858120345125,0.04629498137759653,0.013215724
301.58333333333246,17.082273560562363,0.009081835498858073,0.10442984073124453,0.0001905978735645953,0.004309695403508167,0.04843645599390972,0.046477629279819486,0.013215724
302.48874999999913,17.474613935023203,0.00911727321149109,0.10515594576946384,0.00018900113404276197,0.004309665531224952,0.048625457127952486,0.04665874515644573,0.013215724
303.36083333333244,18.317826683839456,0.00915153922735204,0.10595157481411062,0.0001827520845917334,0.004309636648485585,0.04880820921254422,0.04683387091127574,0.013215724
304.1799999999991,19.317680173613727,0.009183846799970665,0.10683480153023409,0.00017230705396599917,0.004309609419433386,0.04898051626651022,0.04699898590240731,0.013215724
304.9299999999991,19.896598109893603,0.009213530722182298,0.10778528535372049,0.00015831425179537126,0.004309584405193827,0.04913883051830559,0.04715069077167854,0.013215724
305.5995833333324,19.27786581496594,0.009240117386791173,0.10872878849582986,0.000141795544580668,0.004309562004745229,0.04928062606288625,0.047286565445976154,0.013215724
306.18291666666573,5.694103362560645,0.009263346115625608,0.10884865503056843,0.0001238865537836632,0.00430954243707074,0.049404512616669914,0.04740527807888112,0.013215724
306.67999999999904,0.0,0.009283189994646505,0.10864140761302424,0.00010583402144478028,0.0043095257238240465,0.0495103466381147,0.04750669147498053,0.013215724
307.0966666666657,0.0,0.00929985916788528,0.10846731694902456,8.89022572734639e-05,0.004309511686837143,0.04959924889538816,0.047591879881706746,0.013215724
307.44416666666575,0.0,0.00931378618348007,0.1083218653392282,7.427741650555918e-05,0.004309499960733307,0.049673526311893715,0.04766305407499754,0.013215724
307.7387499999991,0.0,0.009325610071653312,0.10819837869654117,6.30607369239498e-05,0.004309490006522036,0.049736587048817664,0.04772347998076061,0.013215724
307.9999999999991,0.0,0.009336109327985627,0.10808872645488293,5.599603377235013e-05,0.004309481168111436,0.04979258308259001,0.047777136188646506,0.013215724
308.2499999999991,0.0,0.009346167755056247,0.10798367830501188,5.364494437663589e-05,0.004309472700996937,0.04984622802696665,0.047828539394140925,0.013215724
308.5112499999991,0.0,0.009356690113994438,0.10787378510775296,5.611924767035843e-05,0.004309463843127495,0.04990234727463701,0.04788231334372947,0.013215724
308.80583333333243,0.0,0.009368568369198037,0.10774973142772727,6.335069441919272e-05,0.00430945384311953,0.0499656979690562,0.047943016329335966,0.013215724
309.15333333333245,0.0,0.009382598091745792,0.10760320860483617,7.482518692136293e-05,0.004309442030485543,0.05004052315597756,0.048014713965305704,0.013215724
309.56999999999914,0.0,0.009399445437353958,0.10742725963857425,8.985250991022001e-05,0.0043094278433571526,0.05013037566588778,0.048100810421657404,0.013215724
310.06708333333245,0.0,0.00941958033088205,0.10721697699805795,0.00010738609881648392,0.004309410884816878,0.050237761764704264,0.04820370696335722,0.013215724
310.65041666666576,0.0,0.009443259379114412,0.10696968107088203,0.00012628825723926888,0.004309390937464519,0.05036405002194353,0.04832471463329386,0.013215724
311.3199999999991,5.4299949809242865,0.009470507724403509,0.10703953179279185,0.00014532450820851082,0.004309367978969314,0.05050937453015204,0.04846396153893869,0.013215724
312.0699999999991,14.536828120527318,0.009501116468237801,0.10767112196346784,0.00016324663378289973,0.0043093421845337675,0.05067262116393494,0.04862037972590361,0.013215724
312.88916666666574,17.679722301013356,0.009534655849426484,0.1084813525798528,0.00017887669967297417,0.00430931391603696,0.05085149786360792,0.0487917725789125,0.013215724
313.76124999999905,17.731354989543597,0.009570487605782182,0.1092749406724625,0.00019110270056372784,0.004309283711783208,0.05104260056417165,0.04897487806157957,0.013215724
314.6666666666657,17.250295802637797,0.009607828478603354,0.11002519339699122,0.0001991513217129052,0.004309252232936429,0.051241751885884555,0.04916569330458559,0.013215724
315.5833333333324,17.082155113883058,0.009645780540114807,0.11076246668997479,0.00020241099472774647,0.0043092202378287,0.0514441628806123,0.049359629639397766,0.013215724
316.4887499999991,17.474487869654077,0.009683414624518513,0.11153367892653453,0.000200715116819768,0.004309188511312058,0.051644877997432066,0.049551938972247724,0.013215724
317.3608333333324,18.317657624507934,0.009719804361468286,0.11237871799946417,0.00019407859706546546,0.004309157835788273,0.05183895659449753,0.049737887702293,0.013215724
318.17999999999904,19.317456581703773,0.00975411424805767,0.11331675690400532,0.00018298606181004677,0.004309128916621308,0.05202194265630758,0.0499132067440902,0.013215724
318.92999999999904,19.896336549915027,0.009785637855527277,0.11432614130488489,0.00016812590650457194,0.0043091023497610435,0.05219006856281215,0.050074286711112796,0.013215724
319.59958333333236,19.277651371857115,0.009813872231029796,0.11532784611281795,0.0001505833360134255,0.004309078558944651,0.05234065189882558,0.05021855803230535,0.013215724
320.1829166666657,5.69387309579355,0.009838540547463085,0.11545511109027944,0.00013156435431087914,0.004309057776741693,0.05247221625313646,0.050344606616247754,0.013215724
320.679999999999,0.0,0.009859614228865717,0.11523503789553925,0.00011239296748069937,0.004309040026144747,0.05258460922061716,0.05045228684350725,0.013215724
321.09666666666567,0.0,0.00987731644776789,0.11505017351524527,9.441183414492064e-05,0.004309025117923092,0.05267902105476208,0.050542739389656303,0.013215724
321.4441666666657,0.0,0.009892106562644724,0.11489572061436236,7.888061267644795e-05,0.004309012664018891,0.05275790166743853,0.05061831167786275,0.013215724
321.738749999999,0.0,0.009904663209005522,0.11476459204129534,6.696878059092819e-05,0.004309002091986057,0.05282487044802946,0.050682471470338844,0.013215724
321.99999999999903,0.0,0.009915813129500841,0.1146481540497071,5.946624264170705e-05,0.004308992705010116,0.05288433669067116,0.05073944321928537,0.013215724
322.24999999999903,0.0,0.00992649489881834,0.11453660510881429,5.696943635999622e-05,0.004308983712377406,0.05294130612703116,0.05079402272381819,0.013215724
322.51124999999905,0.0,0.009937669348060995,0.11441991132982707,5.959706262749068e-05,0.0043089743047395905,0.053000903189658645,0.05085111944017791,0.013215724
322.8058333333324,0.0,0.00995028371757012,0.11428818081596763,6.727663738200022e-05,0.004308963684078706,0.053068179827040644,0.050915573316655346,0.013215724
323.1533333333324,0.0,0.009965182879577155,0.11413259076447946,7.946219737085125e-05,0.004308951138294674,0.053147642024411496,0.05099170117077266,0.013215724
323.5699999999991,0.0,0.009983074269560665,0.11394575369591141,9.542074657872226e-05,0.004308936070649114,0.05324306277099022,0.05108311749276198,0.013215724
324.0670833333324,0.0,0.010004456930006237,0.11372245844802976,0.00011404085570972118,0.0043089180595934475,0.05335710362669994,0.051192371884933904,0.013215724
324.6504166666657,0.0,0.010029603364369501,0.11345985966617872,0.0001341143166040691,0.004308896874239248,0.053491217943304005,0.051320856350180875,0.013215724
325.319999999999,5.428627086832849,0.010058540266546174,0.11353401237712991,0.00015433014494225283,0.004308872490875334,0.05364554808824626,0.051468706853237504,0.013215724
326.069999999999,14.534924568820646,0.010091045785468353,0.11420473213049609,0.00017336276758496378,0.004308845095583929,0.05381891085583122,0.051634789389337826,0.013215724
326.8891666666657,17.67889452896682,0.010126663520907329,0.11506525015280793,0.00018996125567452915,0.004308815072709339,0.054008872111505755,0.051816771558386224,0.013215724
327.761249999999,17.731032206261364,0.010164715652372567,0.11590811897397581,0.0002029447011479413,0.004308782993969408,0.0542118168126537,0.05201118972257866,0.013215724
328.66666666666566,17.25014509527345,0.010204370379981863,0.11670496749626189,0.0002114918805829084,0.004308749561564537,0.054423308693236604,0.05221379365932517,0.013215724
329.58333333333235,17.082029372860056,0.01024467413216049,0.11748804137554242,0.0002149533449526732,0.004308715580890996,0.05463826203818928,0.05241971118194622,0.013215724
330.488749999999,17.474354040821193,0.010284640167141097,0.11830715857739103,0.000213152186563243,0.004308681885507864,0.05485141422475252,0.05262390086051523,0.013215724
331.3608333333323,18.317478153463945,0.010323284715417345,0.11920467026152239,0.00020610425747332278,0.004308649306368855,0.05505751848222585,0.05282133668541845,0.013215724
332.179999999999,19.31721922131785,0.010359720508602155,0.1202009139410479,0.00019432423031897473,0.004308618592606415,0.055251842712544824,0.053007485887381335,0.013215724
332.929999999999,19.89605887666534,0.010393197352672126,0.12127283362973854,0.00017854316837318277,0.004308590377147003,0.055430385880918004,0.053178516170900456,0.013215724
333.5995833333323,19.277423438186087,0.010423181138657478,0.12233629785404472,0.00015991352525521847,0.004308565110016457,0.05559029940617322,0.053331699301845406,0.013215724
334.1829166666656,5.693628614932705,0.010449377894633873,0.12247141406932599,0.00013971603187410819,0.0043085430382098925,0.05573001543804733,0.05346553390534433,0.013215724
334.6799999999989,0.0,0.010471757280919399,0.12223772581977432,0.00011935672685614006,0.0043085241861408816,0.05584937216490347,0.05357986542803986,0.013215724
335.0966666666656,0.0,0.010490556303300095,0.12204142474039702,0.00010026145269703683,0.004308508352831621,0.055949633617600504,0.05367590505472013,0.013215724
335.44416666666564,0.0,0.010506262785769481,0.1218774166454883,8.37679065034009e-05,0.004308495126140777,0.0560334015241039,0.05375614524312544,0.013215724
335.73874999999896,0.0,0.010519597413801759,0.12173817589580449,7.111801617214879e-05,0.004308483898098458,0.05610451954027605,0.053824267976637113,0.013215724
335.999999999999,0.0,0.010531438154977044,0.12161453459862967,6.315061960151903e-05,0.004308473928650344,0.05616767015987757,0.05388475865421041,0.013215724
336.249999999999,0.0,0.010542781736512047,0.121496084850637,6.0499101520016255e-05,0.004308464378017429,0.056228169261397586,0.05394270930068307,0.013215724
336.511249999999,0.0,0.010554648519877013,0.12137217203177952,6.328951127981771e-05,0.0043084543866306535,0.056291458772677404,0.05400333260826072,0.013215724
336.8058333333323,0.0,0.010568044432619468,0.12123229231404438,7.14448679597621e-05,0.004308443106955338,0.05636290364063717,0.0540717674580361,0.013215724
337.15333333333234,0.0,0.010583866690508485,0.12106707711885603,8.438537540809518e-05,0.004308429782707001,0.05644728901604526,0.05415259727781634,0.013215724
337.569999999999,0.0,0.010602866555965306,0.12086868200503965,0.00010133261576969871,0.004308413780122324,0.05654862163181496,0.054249659775863025,0.013215724
338.06708333333233,0.0,0.010625573985522564,0.12063157350395484,0.00012110629097204674,0.00430839465149969,0.05666972792278701,0.05436566198597579,0.013215724
338.65041666666565,0.0,0.010652278359637574,0.12035273033057578,0.00014242332861338732,0.004308372151629384,0.0568121512514004,0.054502081830741456,0.013215724
339.31999999999897,5.4271754673729795,0.01068300801866071,0.12043144712774212,0.00016389151479005097,0.00430834625533519,0.05697604276619045,0.054659063606634146,0.013215724
340.06999999999897,14.532903701201596,0.01071752735873814,0.12114370991715948,0.0001841031470796328,0.0043083171602522384,0.05716014591327008,0.05483540319919091,0.013215724
340.88916666666563,17.678015670941107,0.01075535169581269,0.12205762854826627,0.0002017297977309311,0.00430828527457926,0.057361875711001015,0.05502862408744787,0.013215724
341.76124999999894,17.73068953467237,0.010795761209233925,0.12295283233413119,0.00021551740491325636,0.004308251205513312,0.05757739311591427,0.055235048661031974,0.013215724
342.6666666666656,17.249985112170904,0.010837872562065348,0.12379916527218228,0.00022459388176758748,0.004308215698827822,0.05780198699768185,0.05545016416965914,0.013215724
343.5833333333323,17.081895893193355,0.010880673105186303,0.12463088045333114,0.0002282695633117664,0.0043081796098919795,0.05803025656099362,0.05566879751981317,0.013215724
344.48874999999896,17.47421197565872,0.01092311496834475,0.12550087335078017,0.00022635660351171246,0.00430814382398176,0.05825661316450533,0.05588559595869611,0.013215724
345.36083333333227,18.317287636468688,0.010964153441727806,0.1264541092996937,0.0002188718580429742,0.00430810922360271,0.058475485022548304,0.05609522314216879,0.013215724
346.1799999999989,19.31696725395373,0.011002846298318745,0.12751215916577197,0.00020636190181833774,0.0043080766043597125,0.05868184692436664,0.05629286645620833,0.013215724
346.9299999999989,19.895764107995113,0.0110383968795753,0.12865047118683764,0.00018960310003496942,0.004308046638439845,0.05887145002440161,0.05647445703804343,0.013215724
347.59958333333225,19.277181156686442,0.011070237999242486,0.12977946592160425,0.00016981930489165268,0.00430801980378109,0.05904126932929327,0.05663709827240183,0.013215724
348.18291666666556,5.693369049914004,0.01109805748384618,0.12992291339106857,0.0001483705845530226,0.004307996362694594,0.05918963991384629,0.056779196159008734,0.013215724
348.67999999999887,0.0,0.011121823122056018,0.12967477280887196,0.00012675007045246815,0.004307976341101975,0.05931638998429876,0.056900586670752866,0.013215724
349.09666666666556,0.0,0.011141786606997753,0.12946633172990427,0.00010647191968925637,0.004307959525551969,0.05942286190398802,0.057002555830031304,0.013215724
349.4441666666656,0.0,0.01115846598470662,0.12929218085502606,8.895668111395611e-05,0.00430794547833137,0.059511818585101975,0.057087750023795576,0.013215724
349.7387499999989,0.0,0.011172626584926163,0.12914432908758985,7.552320117090196e-05,0.004307933553751474,0.059587341786272875,0.05716007859006088,0.013215724
349.9999999999989,0.0,0.011185200760254529,0.1290130415390058,6.706226841795056e-05,0.004307922965846584,0.05965440405469082,0.05722430387022697,0.013215724
350.2499999999989,0.0,0.011197246977699537,0.1288872666448147,6.424649304004437e-05,0.0043079128227410364,0.059718650547730866,0.05728583227137804,0.013215724
350.51124999999894,0.0,0.011209848801210598,0.1287556908842046,6.7209725392331e-05,0.004307902211542498,0.059785860273123194,0.057350198306595795,0.013215724
350.80583333333226,0.0,0.01122407446550028,0.12860716087157734,7.587020954497206e-05,0.00430789023214062,0.059861730482668164,0.05742285810967809,0.013215724
351.1533333333323,0.0,0.011240876758369244,0.12843172869640693,8.961222863447311e-05,0.004307876081337123,0.05995134271130264,0.05750867805621404,0.013215724
351.56999999999897,0.0,0.011261053472152071,0.12822106486350637,0.00010760914017507969,0.004307859086056818,0.06005895185147772,0.05761173274893952,0.013215724
352.0670833333323,0.0,0.011285167383684588,0.12796929378831184,0.00012860752817341466,0.004307838770829918,0.06018755937965114,0.05773489629596062,0.013215724
352.6504166666656,0.0,0.011313525790640853,0.12767320744917154,0.00015124483710007836,0.004307814875241368,0.06033880421675122,0.057879737798000826,0.013215724
353.3199999999989,5.42563508847719,0.011346158780436216,0.12775676603501712,0.00017404261224193717,0.0043077873725602235,0.060512846828993154,0.058046410385450185,0.013215724
354.0699999999989,14.5307583609207,0.011382816147131151,0.12851313279106336,0.00019550595570632742,0.004307756472689054,0.06070835278469948,0.058233635528645265,0.013215724
354.8891666666656,17.6770826014154,0.011422983177320167,0.12948375694841602,0.00021422416100807864,0.00430772260915542,0.06092257694570756,0.05843878374530173,0.013215724
355.7612499999989,17.730325762081645,0.011465895458872345,0.13043453844681854,0.00022886550161161322,0.004307686426827905,0.061151442447319175,0.058657950333466484,0.013215724
356.66666666666555,17.249815289023775,0.011510614938609902,0.1313334228081255,0.0002385038919336395,0.004307648717744967,0.061389946339252814,0.058886343923959736,0.013215724
357.58333333333223,17.08175420414796,0.011556066246076217,0.13221679561644337,0.00024240697315368618,0.00430761039033563,0.0616323533124065,0.05911847207773976,0.013215724
358.4887499999989,17.474061173167435,0.011601136612769873,0.13314081852230153,0.00024037528903282483,0.00430757238478698,0.061872728601439324,0.05934865164684327,0.013215724
359.3608333333322,18.317085401539952,0.011644716630929936,0.1341532310345423,0.00023242676352034668,0.004307535638339965,0.06210515536495967,0.05957121694547401,0.013215724
360.17999999999887,19.31669979123827,0.011685805726597385,0.13527691002824177,0.00021914184355972382,0.004307500995941394,0.06232429720851939,0.05978105837952873,0.013215724
360.92999999999887,19.89545120323496,0.01172355791253065,0.13648570710883712,0.0002013449916440844,0.00430746917146275,0.06252564220016348,0.05997385603761511,0.013215724
361.5995833333322,19.276923614683618,0.011757370886696053,0.13768422905964625,0.000180335862215484,0.0043074406724769605,0.06270597806237896,0.06014653462010429,0.013215724
362.1829166666655,5.693093478357516,0.011786913152864347,0.13783651659501983,0.00015755875289756994,0.004307415777556087,0.06286353681527652,0.060297401838245626,0.013215724
362.6799999999988,0.0,0.011812150513643403,0.1375730355559923,0.00013459925748829414,0.0043073945142220954,0.06299813607276482,0.06042628361978486,0.013215724
363.0966666666655,0.0,0.011833350255883827,0.1373517084688378,0.00011306529194893184,0.004307376655779322,0.06311120136471375,0.06053454541499044,0.013215724
363.4441666666655,0.0,0.011851062511624488,0.13716679154819678,9.446536395019222e-05,0.004307361737363129,0.06320566672866394,0.06062499697168125,0.013215724
363.73874999999884,0.0,0.011866100007803783,0.137009799631887,8.019997962289885e-05,0.004307349073236594,0.06328586670828684,0.06070178890836813,0.013215724
363.99999999999886,0.0,0.011879452835305662,0.13687039599088333,7.121508001002637e-05,0.004307337828687532,0.06335708178829687,0.060769977469361754,0.013215724
364.24999999999886,0.0,0.011892245007459223,0.13673684584668885,6.822491815232725e-05,0.004307327056526746,0.06342530670644919,0.060835302695403895,0.013215724
364.5112499999989,0.0,0.011905627187240827,0.1365971362906735,7.137162550189003e-05,0.004307315787246145,0.06349667833195108,0.06090364062591736,0.013215724
364.8058333333322,0.0,0.011920733757716925,0.13643942446899723,8.056837587252778e-05,0.004307303064913538,0.06357724670782361,0.060980784071721084,0.013215724
365.1533333333322,0.0,0.011938576504497578,0.13625314754616547,9.516131616348156e-05,0.00430728803652041,0.06367240802398709,0.06107189967838936,0.013215724
365.5699999999989,0.0,0.011960002617942722,0.13602946117588033,0.00011427260504076458,0.004307269987252817,0.06378668062902786,0.06118131344363372,0.013215724
366.0670833333322,0.0,0.011985609717870497,0.135762126646574,0.00013657119961480203,0.004307248412158877,0.06392325182864265,0.06131207677332526,0.013215724
366.65041666666554,0.0,0.012015724122856371,0.13544773773911145,0.00016061015992466015,0.004307223034680137,0.06408386198856732,0.06146585552086314,0.013215724
367.31999999999886,5.424000624971412,0.012050377774018343,0.13553643230437884,0.0001848194728638478,0.004307193826435818,0.06426868146143117,0.061642812181924314,0.013215724
368.06999999999886,14.528480964071688,0.012089304961999562,0.13633962026960092,0.00020761166923316835,0.004307161010354319,0.06447629313066433,0.06184158924544854,0.013215724
368.8891666666655,17.676092007141943,0.012131959091734146,0.1373704582598519,0.000227488691917789,0.004307125046856769,0.06470378182258212,0.062059394893397075,0.013215724
369.7612499999988,17.729939603477938,0.012177528409840164,0.13838026026460212,0.00024303636323210235,0.004307086620809867,0.06494681818581421,0.062292083421600676,0.013215724
370.6666666666655,17.249635028037947,0.012225016773384842,0.1393349523737962,0.0002532712722382664,0.0043070465733738884,0.06520008945805249,0.0625345677804247,0.013215724
371.5833333333322,17.081603807061473,0.012273282224130646,0.140273185524537,0.0002574157373109668,0.004307005869313544,0.06545750519536346,0.06278101663532039,0.013215724
372.48874999999884,17.47390110262645,0.012321143095276568,0.14125458759553744,0.00025525797944490517,0.004306965507116658,0.06571276317480837,0.06302539622198183,0.013215724
373.36083333333215,18.316870736820327,0.012367421293993581,0.14232984188466924,0.00024681705982406414,0.0043069264821378826,0.06595958023463243,0.06326169136145668,0.013215724
374.1799999999988,19.316415892114357,0.012411054304207178,0.1435232079346076,0.00023270938780584952,0.004306889691710884,0.06619228962243828,0.06348447731311925,0.013215724
374.9299999999988,19.895119059881342,0.012451143770992459,0.14480683260189595,0.00021381048952150345,0.004306855893963509,0.06640610011195978,0.06368916776471109,0.013215724
375.59958333333213,19.276649840425893,0.012487050113692286,0.14607911699216652,0.00019150049439907834,0.004306825627931675,0.06659760060635886,0.0638724978099409,0.013215724
376.18291666666545,5.692800922542557,0.012518421323788782,0.14624078385768255,0.0001673131205146584,0.004306799189450928,0.06676491372687351,0.06403267086882847,0.013215724
376.67999999999876,0.0,0.012545221096554997,0.14596102038577224,0.00014293212141980338,0.004306776607741395,0.06690784584829332,0.06416950221931897,0.013215724
377.09666666666544,0.0,0.0125677332744003,0.14572601604954769,0.00012006494850829042,0.004306757642044865,0.0670279107968016,0.06428444160703523,0.013215724
377.44416666666547,0.0,0.012586542053217369,0.145529672028883,0.00010031348702435086,0.004306741798669045,0.06712822428382596,0.06438047214067553,0.013215724
377.7387499999988,0.0,0.012602510478200301,0.14536297875263934,8.516493324231439e-05,0.004306728349356888,0.06721338921706828,0.06446200048367688,0.013215724
377.9999999999988,0.0,0.012616689936548641,0.1452149606937785,7.562377785781703e-05,0.004306716407641223,0.0672890129949261,0.06453439476467987,0.013215724
378.2499999999988,0.0,0.012630274026854762,0.1450731579087205,7.244848163263373e-05,0.004306704967605732,0.06736146147655873,0.06460374906810527,0.013215724
378.5112499999988,0.0,0.012644484645556755,0.1449248151594828,7.578996641062598e-05,0.004306692999632772,0.06743725144296936,0.06467630185093234,0.013215724
378.80583333333215,0.0,0.01266052639975044,0.14475735779408294,8.555602236631523e-05,0.004306679488523649,0.06752280746533568,0.06475820319396589,0.013215724
379.15333333333217,0.0,0.012679473707735789,0.14455957030187055,0.00010105230925520659,0.004306663528386115,0.06762385977459089,0.06485493837692308,0.013215724
379.56999999999886,0.0,0.01270222620104094,0.1443220618829091,0.0001213466309607964,0.004306644360092255,0.06774520640555168,0.06497110016492373,0.013215724
380.06708333333216,0.0,0.012729418488535055,0.1440382084151422,0.0001450255333019671,0.004306621447389451,0.06789023193885364,0.06510992809938866,0.013215724
380.6504166666655,0.0,0.012761397080639371,0.1437043933280113,0.000170552491223008,0.004306594496580522,0.06806078443007665,0.06527319069529655,0.013215724
381.3199999999988,5.422266445229747,0.012798195885185121,0.14379853547875912,0.00019626029091065545,0.004306563477534077,0.06825704472098731,0.06546106037573589,0.013215724
382.0699999999988,14.526063475312062,0.012839532732900337,0.1446514275488894,0.00022046318781448446,0.004306528627009203,0.0684775079088018,0.0656720958060513,0.013215724
382.88916666666546,17.675040376321558,0.012884827181540234,0.14574620343640116,0.0002415703927461132,0.004306490433981127,0.06871907830154791,0.06590333289284228,0.013215724
383.76124999999877,17.729529697430344,0.012933217218745869,0.14681868101409912,0.0002580801984300517,0.004306449625783572,0.06897715849997797,0.06615037018132272,0.013215724
384.66666666666544,17.24944369605219,0.012983645032340162,0.14783263809835948,0.00026894833916955385,0.004306407095730126,0.06924610683914753,0.06640780685300847,0.013215724
385.5833333333321,17.081444173777832,0.013034897973866911,0.1488291321287627,0.00027334902147600906,0.004306363868397278,0.06951945586062354,0.06666945195196963,0.013215724
386.4887499999988,17.47373120192654,0.013085721234103335,0.14987146930684803,0.0002710573879275822,0.0043063210041703786,0.06979051324855112,0.06692889966078873,0.013215724
387.3608333333321,18.316642888340024,0.013134863804824183,0.15101345650739395,0.00026209371051120117,0.004306279560102467,0.07005260695906232,0.067179763945121,0.013215724
388.17999999999876,19.31611455988898,0.013181197413437545,0.15228081678349584,0.0002471125792712495,0.004306240489144973,0.07029971953833357,0.06741628566053733,0.013215724
388.92999999999876,19.8947665101178,0.013223768113103504,0.1536438762911088,0.00022704373155178626,0.004306204596411078,0.07052676326988536,0.06763359582039462,0.013215724
389.5995833333321,19.27635879916761,0.013261896749923454,0.15499441043130804,0.00020335272970641111,0.00430617245433929,0.07073011599959177,0.06782822833459635,0.013215724
390.1829166666654,5.692490346223639,0.013295209541159692,0.15516602808724106,0.00017766821992659201,0.004306144377092314,0.07090778421951836,0.0679982759699623,0.013215724
390.6799999999987,0.0,0.013323667946223625,0.15486898318193473,0.00015177816034096567,0.00430612039569212,0.07105956237985933,0.06814354271492769,0.013215724
391.0966666666654,0.0,0.013347573383695889,0.15461946245898237,0.0001274956665187489,0.004306100254449711,0.07118705804637808,0.0682655677713613,0.013215724
391.4441666666654,0.0,0.013367546211882495,0.15441099026977861,0.00010652175032858157,0.004306083429066461,0.07129357979670665,0.06836751821023647,0.013215724
391.73874999999873,0.0,0.01338450289349081,0.15423400045320368,9.043563524433566e-05,0.004306069146142268,0.07138401543195098,0.06845407239156706,0.013215724
391.99999999999875,0.0,0.013399559887075736,0.15407683948910156,8.030396578627266e-05,0.004306056464262695,0.07146431939773726,0.06853092938988294,0.013215724
392.24999999999875,0.0,0.013413984661745091,0.15392627777836287,7.693213156989094e-05,0.004306044315162221,0.07154125152930715,0.06860455896905172,0.013215724
392.51124999999877,0.0,0.013429074733943534,0.1537687722130966,8.048038505835737e-05,0.004306031605406471,0.07162173191436551,0.06868158414925962,0.013215724
392.8058333333321,0.0,0.013446109258975446,0.15359097145160447,9.085080017021631e-05,0.0043060172568752456,0.07171258271453572,0.06876853411058154,0.013215724
393.1533333333321,0.0,0.013466229144310423,0.1533809672737709,0.00010730605511987468,0.004306000307531389,0.07181988876965559,0.06887123223329523,0.013215724
393.5699999999988,0.0,0.013490389691274453,0.15312878891187143,0.00012885625047483095,0.004305979951200602,0.07194874502013042,0.06899455434471988,0.013215724
394.0670833333321,0.0,0.013519264774610977,0.15282740320271843,0.00015400044446146208,0.004305955618399898,0.07210274546459189,0.06914193960941142,0.013215724
394.6504166666654,0.0,0.01355322233879686,0.1524729703367122,0.00018110700899137087,0.004305926997237383,0.07228385247358327,0.06931526546642626,0.013215724
395.31999999999874,5.420426595216469,0.013592298378123438,0.15257289006682062,0.0002084055430750814,0.0043058940557242345,0.07249225801665835,0.06951471486076663,0.013215724
396.06999999999874,14.523497382368276,0.013636193248423429,0.15347854466452185,0.00023410597493328866,0.004305857045304384,0.07272636399159163,0.06973875749983491,0.013215724
396.8891666666654,17.673923987213545,0.013684290574764035,0.1546412113727696,0.00025651907381656416,0.004305816485269214,0.07298288306540819,0.06998424647721124,0.013215724
397.7612499999987,17.729094601779217,0.01373567499007566,0.1557802448220164,0.0002740502149953375,0.004305773148039239,0.07325693328040353,0.07024650895270809,0.013215724
398.6666666666654,17.249240622567463,0.013789223215154332,0.15685713729227208,0.0002855905337529098,0.0043057279822980125,0.07354252381415644,0.07051981116425908,0.013215724
399.58333333333206,17.081274745005004,0.01384364755879204,0.15791550268348456,0.0002902631660677825,0.004305682076122141,0.07383278698022422,0.07079758056473755,0.013215724
400.48874999999873,17.473550875822536,0.013897615566574496,0.15902255035653529,0.0002878293748397623,0.00430563655561082,0.07412061635506398,0.0710730165609941,0.013215724
401.36083333333204,18.316401057670564,0.013949798826829653,0.16023540130802638,0.00027831072136083005,0.004305592543318893,0.07439892707642481,0.07133933962042455,0.013215724
402.1799999999987,19.31579473913849,0.013998999263743346,0.16158132731516447,0.0002624023302063679,0.004305551051243528,0.07466132940663119,0.07159043578378614,0.013215724
402.9299999999987,19.894392317165472,0.01404420391804215,0.1630287094202896,0.0002410914895936146,0.004305512934378612,0.0749024208962248,0.07182113614222008,0.013215724
403.599583333332,19.27604938898766,0.014084691628350856,0.16446224696421793,0.0002159344549797717,0.004305478800623037,0.07511835535120458,0.07202776115222226,0.013215724
404.18291666666534,5.692160651281219,0.014120065499083253,0.16464442090014134,0.0001886606439061041,0.004305448983595089,0.07530701599511068,0.07220828618567418,0.013215724
404.67999999999864,0.0,0.014150284617594157,0.1643290351888763,0.00016116863205816446,0.004305423516228464,0.07546818462716884,0.07236250326488106,0.013215724
405.0966666666653,0.0,0.014175669061548319,0.1640641082333487,0.00013538370108886932,0.0043054021269820445,0.07560356832825771,0.07249204651931977,0.013215724
405.44416666666535,0.0,0.014196877578145974,0.16384276444434012,0.00011311208852080861,0.004305384259063615,0.07571668041677852,0.07260027821980754,0.013215724
405.7387499999987,0.0,0.014214883335698654,0.16365484694415758,9.603070694763039e-05,0.004305369091147015,0.07581271112372616,0.07269216501304245,0.013215724
405.9999999999987,0.0,0.01423087186911423,0.1634879826555137,8.527217821640713e-05,0.004305355623483514,0.07589798330194257,0.07277375712346991,0.013215724
406.2499999999987,0.0,0.014246189064270212,0.16332812514487383,8.169170749857535e-05,0.004305342721615345,0.07597967500944114,0.07285192292661119,0.013215724
406.5112499999987,0.0,0.014262212711307528,0.16316089514235438,8.545945086569251e-05,0.004305329224358104,0.07606513446030683,0.07293369347826494,0.013215724
406.80583333333203,0.0,0.01428030110123882,0.1629721170130239,9.647141296688507e-05,0.004305313986792163,0.07616160587327371,0.07302600019462853,0.013215724
407.15333333333206,0.0,0.014301665721991135,0.1627491473749313,0.00011394464401235337,0.0043052959872754175,0.07627555051728606,0.07313502518870878,0.013215724
407.56999999999874,0.0,0.014327320969856444,0.16248139995476577,0.00013682798861496952,0.004305274369688169,0.07641237850590103,0.07326594462025933,0.013215724
408.06708333333205,0.0,0.014357982400813894,0.16216140749155739,0.00016352763177307744,0.004305248529269848,0.07657590613767411,0.07342240945169465,0.013215724
408.65041666666536,0.0,0.01439404071110383,0.1617850932725688,0.00019231098821298955,0.0043052181348135704,0.07676821712588709,0.07360641268247027,0.013215724
409.3199999999987,5.418474781917693,0.01443553410834261,0.16189113998306504,0.00022129811860682096,0.004305183152359895,0.07698951524449392,0.07381814840807131,0.013215724
410.0699999999987,14.520773669277114,0.014482144396497174,0.16285280149121065,0.00024858820349101093,0.004305143848944017,0.07723810344798493,0.0740559919344394,0.013215724
410.88916666666535,17.67273889615875,0.014533217055273644,0.16408755467797742,0.00027238751347451754,0.004305100776043128,0.07751049096145944,0.07431660237179244,0.013215724
411.76124999999865,17.728632789114865,0.014587780078523224,0.16529726326287106,0.0002910027906644232,0.004305054753944182,0.07780149375212386,0.0745950189221688,0.013215724
412.6666666666653,17.249025097682186,0.014644640690918118,0.1664409877308319,0.00030325659943943983,0.004305006790113585,0.0781047503515633,0.07488515455619445,0.013215724
413.583333333332,17.081094928594485,0.014702431540963514,0.16756505775984235,0.0003082178669087661,0.004304958040041302,0.07841296821847207,0.07518003185014684,0.013215724
414.4887499999987,17.473359494102517,0.014759737752231066,0.16874082418354067,0.00030563312676028866,0.004304909699589336,0.07871860134523236,0.07547243135271497,0.013215724
415.360833333332,18.31614439946694,0.014815148748489599,0.17002892403705921,0.00029552531337883714,0.004304862960849514,0.0790141266586112,0.0757551560359767,0.013215724
416.17999999999864,19.315455312466863,0.014867392357878952,0.1714582675948201,0.0002786325834098974,0.004304818898501527,0.07929275924202109,0.07602171549495672,0.013215724
416.92999999999864,19.89399517145833,0.014915392980222337,0.17299515722899644,0.00025600331916471867,0.004304778420491642,0.0795487625611858,0.07626662262063351,0.013215724
417.59958333333196,19.275720436325805,0.014958384864528653,0.17451673314084698,0.00022929004963369607,0.004304742172362153,0.0797780526108195,0.07648597141446058,0.013215724
418.1829166666653,5.69181067420009,0.014995946582495612,0.1747101048019117,0.0002003291624904511,0.004304710508383944,0.07997838177330995,0.0766776127102699,0.013215724
418.6799999999986,0.0,0.015028034705122807,0.1743752550093984,0.00017113665401169453,0.0043046834635188415,0.08014951842732164,0.07684132584877153,0.013215724
419.09666666666527,0.0,0.015054989118096017,0.1740939783021228,0.00014375686919045261,0.004304660749396042,0.08029327529651209,0.07697884568685666,0.013215724
419.4441666666653,0.0,0.015077509319534865,0.1738589746424192,0.00012010774100719084,0.004304641774727391,0.08041338303751928,0.07709374160555309,0.013215724
419.7387499999986,0.0,0.015096628671520897,0.1736594602499787,0.00010196987725883156,0.004304625667308078,0.08051535291477811,0.07719128612073477,0.013215724
419.99999999999864,0.0,0.015113606033953586,0.17348229841888965,9.05459329743528e-05,0.0043046113654616695,0.08060589884775246,0.07727790201884943,0.013215724
420.24999999999864,0.0,0.015129870532262422,0.17331257585664797,8.674399098045356e-05,0.004304597664460993,0.08069264283873291,0.07736088059011065,0.013215724
420.51124999999865,0.0,0.015146885167007098,0.1731350259269282,9.074471863827787e-05,0.004304583331198731,0.08078338755737119,0.07744768580119214,0.013215724
420.805833333332,0.0,0.015166092231385769,0.17293459822762824,0.00010243767668625015,0.004304567149841701,0.08088582523405743,0.07754567582380585,0.013215724
421.153333333332,0.0,0.015188778133836607,0.1726978692032858,0.00012099147973780876,0.004304548035472108,0.08100681671379524,0.07766141336841045,0.013215724
421.5699999999987,0.0,0.015216019999001481,0.1724135993954271,0.00014528994754599295,0.004304525078949326,0.08115210666134123,0.07780039322872316,0.013215724
422.067083333332,0.0,0.015248577626218434,0.17207386087950793,0.0001736406784904175,0.004304497638063403,0.08132574733983165,0.07796649106615194,0.013215724
422.6504166666653,0.0,0.015286865861167365,0.1716743255539699,0.00020420391972762186,0.004304465361104096,0.08152995125955928,0.07816182247196236,0.013215724
423.31999999999863,5.416404356171571,0.015330925259173496,0.17178686912043772,0.0002349834560327052,0.004304428212021439,0.08176493471559199,0.07838659335651253,0.013215724
424.06999999999863,14.517882788332907,0.015380417929667758,0.17280797890285213,0.0002639609093027199,0.0043043864744036694,0.08202889562489471,0.07863907885365712,0.013215724
424.8891666666653,17.671480924994114,0.015434648859575467,0.17411927165205363,0.0002892316261744563,0.004304340733897493,0.08231812725106917,0.07891573225075635,0.013215724
425.7612499999986,17.728142642037433,0.015492585919433388,0.17540402815399042,0.0003089976525755652,0.004304291861605371,0.08262712490364474,0.07921128722821791,0.013215724
426.66666666666526,17.24879636993129,0.01555296256361839,0.17661872122710517,0.00032200876898668166,0.00430424092739735,0.08294913367263142,0.07951928195070718,0.013215724
427.58333333333195,17.080904097740625,0.01561432688206075,0.17781256559094097,0.00032727636502592685,0.004304189158328307,0.08327641003765734,0.0798323094415442,0.013215724
428.4887499999986,17.47315638967177,0.015675176509165896,0.17906130611565182,0.000324531344560764,0.0043041378243184845,0.0836009413822181,0.08014270587121451,0.013215724
429.3608333333319,18.315872018894904,0.015734013653763704,0.18042930980949212,0.000313798104521654,0.004304088191277421,0.08391473948673976,0.08044283128785544,0.013215724
430.1799999999986,19.31509509711351,0.01578948749441031,0.18194721996641475,0.00029586048344855685,0.004304041400425333,0.08421059997018832,0.08072579592033506,0.013215724
430.9299999999986,19.89357368663912,0.015840455941283398,0.18357911684456535,0.00027183171665647824,0.0043039984159193,0.0844824316868448,0.08098577509273293,0.013215724
431.5995833333319,19.275370691219504,0.01588610591498036,0.18519406309970335,0.00024346652638377523,0.004303959923260687,0.08472589821322858,0.08121862257619619,0.013215724
432.1829166666652,5.691439182370609,0.015925989948581486,0.18539931190917128,0.00021271484587268634,0.004303926298642637,0.08493861305910126,0.08142205709932637,0.013215724
432.67999999999853,0.0,0.01596006194387139,0.18504380713536708,0.00018171730821280832,0.0043038975791784275,0.08512033036731408,0.08159584456491777,0.013215724
433.0966666666652,0.0,0.015988682813454023,0.18474518035806106,0.0001526446377740548,0.004303873458630367,0.08527297500508813,0.08174182670444972,0.013215724
433.44416666666524,0.0,0.01601259531199257,0.1844956811061132,0.00012753332553893328,0.0043038533090901075,0.08540050833062705,0.08186379263085866,0.013215724
433.73874999999856,0.0,0.0160328966954561,0.18428386033103827,0.0001082740451388109,0.0043038362043418986,0.08550878237576587,0.0819673393607948,0.013215724
433.9999999999986,0.0,0.01605092365547111,0.18409577097324276,9.614378674672284e-05,0.004303821016969567,0.08560492616251258,0.08205928493184361,0.013215724
434.2499999999986,0.0,0.016068193672731157,0.18391557984534693,9.210675872025943e-05,0.004303806467651348,0.08569703292123285,0.08214736930101917,0.013215724
434.5112499999986,0.0,0.016086260194753756,0.1837270786582245,9.635478412053576e-05,0.004303791246930299,0.08579338770535339,0.08223951570402105,0.013215724
434.8058333333319,0.0,0.016106654678916876,0.18351428873119668,0.0001087705822032922,0.004303774063695344,0.08590215828755668,0.08234353504884556,0.013215724
435.15333333333194,0.0,0.016130743057732974,0.18326295861543174,0.00012847135368585768,0.004303753765859021,0.08603062964124254,0.08246639381092466,0.013215724
435.56999999999863,0.0,0.016159669038127895,0.1829611557214348,0.00015427189543955252,0.004303729387997287,0.0861849015366821,0.08261392480948207,0.013215724
436.06708333333194,0.0,0.016194239380368597,0.18260046329855126,0.00018437515861709363,0.004303700248147021,0.08636927669529919,0.0827902420737485,0.013215724
436.65041666666525,0.0,0.016234894561938645,0.18217628650161893,0.0002168276350402491,0.004303665972834138,0.08658610433033943,0.08299759123564059,0.013215724
437.3199999999986,5.414208294910309,0.01628167762819542,0.18229571839084308,0.00024950968670282777,0.0043036265237911325,0.08683561401704226,0.08323619072241882,0.013215724
438.0699999999986,14.514814630701222,0.01633422978174217,0.1833799264293066,0.000280278152249321,0.004303582202179764,0.08711589216929158,0.08350420937922769,0.013215724
438.88916666666523,17.67014564783811,0.016391813026544206,0.18477248480426872,0.00030711063894419175,0.004303533629920781,0.08742300280823577,0.0837978821235486,0.013215724
439.76124999999854,17.727622448192506,0.016453331413855157,0.18613693093826833,0.0003280980656583969,0.004303481732060707,0.08775110087389416,0.08411161850212434,0.013215724
440.6666666666652,17.248553644026586,0.01651744009397391,0.1874269838368438,0.0003419129606333507,0.0043034276447142875,0.08809301383452751,0.08443855905073672,0.013215724
441.5833333333319,17.080701589098183,0.016582597402576487,0.18869492309348865,0.00034750564588042435,0.004303372670905322,0.08844051948040794,0.08477084109316485,0.013215724
442.48874999999856,17.472940856549663,0.01664720811022851,0.19002115524231103,0.0003445904408107772,0.00430331815916881,0.08878510992121873,0.08510032938224299,0.013215724
443.36083333333187,18.315582968941275,0.016709681854058654,0.19147400389568958,0.00033319330042742216,0.004303265453772824,0.08911830322164616,0.08541891410065465,0.013215724
444.17999999999853,19.31471284140765,0.016768584333375164,0.19308594482846447,0.0003141465563547206,0.004303215766570433,0.08943244977800088,0.08571928182804248,0.013215724
444.92999999999853,19.89312639537106,0.016822702886686153,0.19481868204208594,0.00028863228432526975,0.0043031701213857645,0.08972108206232615,0.08599524980441407,0.013215724
445.59958333333185,19.274998822221438,0.016871174201485623,0.19653264408344145,0.00025851367893050804,0.004303129246135416,0.08997959574125666,0.08624241697802507,0.013215724
446.18291666666516,5.691044870205804,0.016913523175240926,0.19675048956460825,0.00022586119336160938,0.004303093540281367,0.09020545693461827,0.0864583619571702,0.013215724
446.6799999999985,0.0,0.016949700878620785,0.19637306736295218,0.00019294775135925764,0.004303063043218962,0.09039840468597753,0.086642836407467,0.013215724
447.09666666666516,0.0,0.016980090544163974,0.19605603010475306,0.00016207821623035002,0.004303037429743263,0.09056048290220788,0.08679779544943579,0.013215724
447.4441666666652,0.0,0.017005480840808433,0.19579114933728586,0.00013541491543711247,0.0043030160330723086,0.09069589781764499,0.08692726130146589,0.013215724
447.7387499999985,0.0,0.0170270368430235,0.19556627007228466,0.00011496534514701097,0.004302997869656779,0.09081086316279201,0.08703717522132005,0.013215724
447.9999999999985,0.0,0.01704617785426117,0.1953665853639223,0.00010208539326759147,0.004302981742297138,0.0909129485560596,0.08713477453641484,0.013215724
448.2499999999985,0.0,0.01706451513644184,0.19517528590807282,9.779883829688054e-05,0.004302966292489123,0.09101074739435648,0.08722827515396743,0.013215724
448.51124999999854,0.0,0.017083698138120103,0.1949751642159089,0.00010230934228406482,0.004302950129730601,0.09111305673664055,0.0873260875038473,0.013215724
448.80583333333186,0.0,0.017105352955830298,0.1947492566033058,0.0001154923611210462,0.004302931883003231,0.0912285490977616,0.08743650275532935,0.013215724
449.1533333333319,0.0,0.017130929928800224,0.19448243314317945,0.00013641052250627108,0.004302910328919484,0.09136495962026787,0.08756691569294944,0.013215724
449.5699999999986,0.0,0.017161643433747292,0.19416202577172256,0.00016380535971769,0.0043028844423113576,0.09152876497998556,0.08772351770468864,0.013215724
450.0670833333319,0.0,0.017198350074053497,0.19377909906062465,0.00019576874829976642,0.00430285349901902,0.09172453372828533,0.08791067566748678,0.013215724
450.6504166666652,0.0,0.017241517531039335,0.19332877514721902,0.00023022643725779861,0.004302817102467688,0.09195476016554313,0.08813077314363464,0.013215724
451.3199999999985,5.411879182835466,0.01729119149079788,0.1934555095840754,0.00026492778537890463,0.004302775212037794,0.09221968795092203,0.08838404181884463,0.013215724
452.0699999999985,14.511558495668998,0.017346990963046947,0.19460668676123005,0.00029759718532834537,0.004302728147547297,0.09251728513625038,0.08866853776704962,0.013215724
452.8891666666652,17.668728377227445,0.017408132327388668,0.19608552626626286,0.0003260872764891984,0.004302676569423518,0.09284337241273957,0.08898026424095246,0.013215724
453.7612499999985,17.727070395076485,0.017473451895558136,0.19753458901029752,0.00034837103023716,0.00430262145997573,0.09319174344297673,0.08931328693382216,0.013215724
454.66666666666515,17.24829607849715,0.01754152170503134,0.19890466305321822,0.000363038983857092,0.004302564025637765,0.09355478242683382,0.08966032457248703,0.013215724
455.58333333333184,17.080486700816547,0.017610704826590894,0.20025128392599884,0.00036897664831763116,0.004302505650073723,0.09392375907515145,0.09001303108109786,0.013215724
456.4887499999985,17.47271214777817,0.01767930746661638,0.20165980337249373,0.0003658807468025584,0.004302447765266416,0.09428963982195401,0.09036277115005549,0.013215724
457.3608333333318,18.315276247605073,0.017745641009322025,0.20320274164861524,0.0003537788944301211,0.004302391798658744,0.09464341871638414,0.09070093655676428,0.013215724
458.1799999999985,19.31430722106646,0.017808182552708253,0.20491451159889512,0.0003335548980598756,0.004302339037077086,0.09497697361444402,0.09101976450912158,0.013215724
458.9299999999985,19.892651744962727,0.017865644534576258,0.20675427524062986,0.00030646390329604233,0.0043022905676783334,0.09528343751774006,0.09131269243072919,0.013215724
459.5995833333318,19.27460341097896,0.017917110328977734,0.20857322921120935,0.00027448423680785763,0.004302247163399237,0.09555792175454791,0.09157504899118701,0.013215724
460.1829166666651,5.690626355068424,0.017962075504338846,0.20880443321171355,0.00023981426859259782,0.00430220924839862,0.09579773602314051,0.0918042641905218,0.013215724
460.6799999999984,0.0,0.018000488128767145,0.2084037554591371,0.00020486733028427477,0.004302176864492222,0.09600260335342478,0.09200007461281398,0.013215724
461.0966666666651,0.0,0.018032755126265954,0.20806718374832986,0.00017209065332698476,0.004302149666340579,0.09617469400675177,0.09216455567029425,0.013215724
461.4441666666651,0.0,0.018059713898869734,0.20778598244330643,0.0001437801205534762,0.004302126945897895,0.09631847412730525,0.09230197685476421,0.013215724
461.73874999999845,0.0,0.018082601501898842,0.20754724750511147,0.00012206721615523836,0.004302107658757066,0.09644054134346049,0.09241864457680393,0.013215724
461.99999999999847,0.0,0.01810292492020848,0.20733525959953036,0.00010839156431805776,0.004302090533646309,0.09654893290777855,0.092522240918067,0.013215724
462.24999999999847,0.0,0.018122394951443622,0.20713217371398726,0.00010384016658744777,0.004302074128012731,0.096652773074366,0.09262148663702265,0.013215724
462.5112499999985,0.0,0.018142762935524526,0.2069197221644097,0.00010862924843148581,0.004302056965328718,0.09676140232279748,0.09272530893816872,0.013215724
462.8058333333318,0.0,0.018165755414536366,0.20667989613957607,0.00012262655472979823,0.004302037589758626,0.09688402887752728,0.09284250840827253,0.013215724
463.15333333333183,0.0,0.01819291231257387,0.20639663361910177,0.0001448367895333707,0.004302014702234079,0.09702886566706065,0.09298093413921346,0.013215724
463.5699999999985,0.0,0.01822552301097273,0.20605648618606306,0.00017392372479391326,0.00430198721417287,0.09720278939185456,0.09314715784745825,0.013215724
464.0670833333318,0.0,0.018264497012708478,0.20564996809681782,0.0002078613425906615,0.004301954356626907,0.09741065073444523,0.09334581459411283,0.013215724
464.65041666666514,0.0,0.018310330869895825,0.20517190122555362,0.00024444723833250544,0.004301915708503,0.09765509797277773,0.09357943422704453,0.013215724
465.31999999999846,5.409409193553863,0.018363073068908806,0.205306376410985,0.00028129172806924994,0.004301871226687084,0.09793638970084698,0.0938482624734288,0.013215724
466.06999999999846,14.508103058504691,0.0184223190623772,0.20652862746954376,0.0003159786318314387,0.0043018212508018835,0.09825236833267842,0.09415023576669551,0.013215724
466.8891666666651,17.66722414958561,0.01848723680397443,0.20809907046870246,0.00034622795518521966,0.0043017664821494075,0.09859859628786363,0.09448111160958457,0.013215724
467.7612499999984,17.72648456460759,0.018556590708182674,0.2096379793568333,0.0003698874891106239,0.004301707963821737,0.09896848377697426,0.09483459095170366,0.013215724
468.6666666666651,17.248022783228095,0.01862886459974275,0.21109302236458957,0.0003854607549870752,0.004301646976893258,0.09935394453196134,0.09520294509717563,0.013215724
469.5833333333318,17.080258690489842,0.018702320440401134,0.21252319395914784,0.00039176448351137727,0.004301584990622911,0.09974570901547271,0.09557731522948862,0.013215724
470.48874999999845,17.47246947324047,0.01877515982717569,0.21401909145567724,0.0003884767294643085,0.004301523525567203,0.10013418574493702,0.09594853563629088,0.013215724
471.36083333333175,18.314950794968016,0.018845589866634704,0.21565768594789633,0.0003756268771147557,0.004301464097451825,0.10050981262205178,0.09630746946191794,0.013215724
472.1799999999984,19.31387683533531,0.018911993623848187,0.21747543725154128,0.0003541533718052348,0.004301408072679665,0.10086396599385701,0.09664587729995783,0.013215724
472.9299999999984,19.89214809280295,0.018973004045372836,0.21942878711955824,0.00032538891479812703,0.0043013566056278795,0.10118935490865513,0.09695679374221314,0.013215724
473.59958333333174,19.274182946454403,0.019027647925546367,0.22135905788980953,0.00029143402759215504,0.004301310517015758,0.10148078893624729,0.09723526081259456,0.013215724
474.18291666666505,5.690182173004204,0.01907538970826371,0.22160442691114196,0.000254622841159173,0.0043012702572132,0.10173541177740646,0.09747855091582718,0.013215724
474.67999999999836,0.0,0.019116174277554326,0.22117907546132143,0.00021751770288329074,0.004301235870602782,0.10195292948028975,0.09768638466276441,0.013215724
475.09666666666504,0.0,0.01915043370356837,0.2208217781151095,0.00018271693874156542,0.004301206990472352,0.10213564641903132,0.0978609650702348,0.013215724
475.44416666666507,0.0,0.01917905711083105,0.2205232611027571,0.00015265817206761543,0.004301182864977203,0.10228830459109893,0.09800682391051957,0.013215724
475.7387499999984,0.0,0.019203357949577775,0.22026982564413253,0.0001296044733158705,0.004301162385114775,0.1024179090644148,0.09813065489582828,0.013215724
475.9999999999984,0.0,0.019224936262130326,0.22004478437425612,0.0001150843336136095,0.004301144200992452,0.1025329933980284,0.09824061183209111,0.013215724
476.2499999999984,0.0,0.01924560848418461,0.2198291934170521,0.00011025185095619227,0.00430112678084798,0.10264324524898459,0.09834595093833892,0.013215724
476.5112499999984,0.0,0.019267234093345367,0.21960366025105407,0.00011533658219070868,0.004301108556846525,0.1027585818311753,0.09845614752214625,0.013215724
476.80583333333175,0.0,0.019291646234512905,0.21934906722048977,0.000130198086226865,0.0043010879831279205,0.10288877991740217,0.09858054246648368,0.013215724
477.1533333333318,0.0,0.019320479907648867,0.21904836339268363,0.00015377959005845408,0.004301063680297075,0.10304255950746062,0.09872746670423137,0.013215724
477.56999999999846,0.0,0.019355104095354608,0.2186872724379936,0.00018466233443062343,0.004301034492465298,0.10322722184189125,0.09890389532449077,0.013215724
478.06708333333177,0.0,0.019396484441177267,0.21825572477147223,0.0002206951777208429,0.004300999603148012,0.10344791701961209,0.09911474781329133,0.013215724
478.6504166666651,0.0,0.019445148135447975,0.21774822373145114,0.0002595397027770968,0.004300958565230333,0.1037074567223892,0.09936270915053531,0.013215724
479.3199999999984,5.406790070213491,0.019501146633691565,0.21789090311216047,0.000298658657299158,0.004300911332952913,0.10400611537968835,0.09964803993133292,0.013215724
480.0699999999984,14.504436336905586,0.019564050384477623,0.21918858032150493,0.00033548667085897055,0.004300858266961595,0.10434160205054732,0.09996854967054788,0.013215724
480.88916666666506,17.665627710006202,0.019632975944387815,0.22085627446549405,0.00036760298618769994,0.004300800111944777,0.10470920503673502,0.10031973520095865,0.013215724
481.76124999999837,17.725862927458824,0.01970661142145354,0.22249057989799279,0.00039272254435055224,0.004300737975510642,0.10510192758108557,0.1006949106022325,0.013215724
482.66666666666504,17.2477328168971,0.01978334701950122,0.22403584356405465,0.0004092565229209332,0.004300673217957219,0.1055111841040065,0.10108587262803957,0.013215724
483.5833333333317,17.080016773021697,0.019861337394029968,0.22555473454946504,0.0004159486641533376,0.004300607399392629,0.10592713276815985,0.10148321864748636,0.013215724
484.4887499999984,17.47221199738936,0.01993867312248154,0.22714341385957934,0.00041245721840836916,0.004300542134382967,0.10633958998656821,0.1018772204149999,0.013215724
485.3608333333317,18.314605490143208,0.02001345064541575,0.2288835725568854,0.0003988134556491276,0.004300479032353457,0.10673840344221734,0.10225818043207911,0.013215724
486.17999999999836,19.313420202968942,0.020083953235681247,0.23081383282263154,0.00037601381474931095,0.004300419544164837,0.10711441725696665,0.10261735383090052,0.013215724
486.92999999999836,19.89161370160435,0.020148729481274986,0.2328877242543009,0.0003454733098333037,0.0043003648955367785,0.10745989056679994,0.10294734800184754,0.013215724
487.5995833333317,19.27373581876598,0.020206746133771665,0.23493600426085667,0.0003094221466489417,0.0043003159579001965,0.10776931271344889,0.10324290099445274,0.013215724
488.182916666665,5.689710774273995,0.020257434609050277,0.2351963918956492,0.00027033853481924733,0.004300273209441493,0.10803965124826814,0.10350111810461703,0.013215724
488.6799999999983,0.0,0.020300736414921965,0.23474486400696837,0.00023094296464901237,0.004300236697265111,0.10827059421291715,0.10372170302864885,0.013215724
489.096666666665,0.0,0.020337110310415688,0.2343655787921355,0.00019399410929986908,0.004300206031972986,0.10846458832221702,0.10390699413418185,0.013215724
489.444166666665,0.0,0.02036750031251779,0.2340486915480689,0.00016208001121120565,0.004300180415233047,0.10862666833342823,0.10406180136703723,0.013215724
489.73874999999833,0.0,0.02039330094689801,0.2337796603358293,0.00013760338336115736,0.0043001586694836275,0.10876427171678939,0.10419322919591566,0.013215724
489.99999999999835,0.0,0.020416211013831845,0.23354077079759866,0.00012218702364713313,0.004300139361387771,0.10888645874043652,0.10430993171049915,0.013215724
490.24999999999835,0.0,0.02043815905757051,0.23331191327186776,0.00011705623327285233,0.004300120864501284,0.10900351497370937,0.1044217330029572,0.013215724
490.51124999999837,0.0,0.0204611193165331,0.23307250190281814,0.00012245471446716545,0.0043001015140812305,0.10912596968817653,0.10453868965753965,0.013215724
490.8058333333317,0.0,0.02048703806708427,0.23280224267376753,0.00013823333627292663,0.004300079668721134,0.10926420302444946,0.10467071555031734,0.013215724
491.1533333333317,0.0,0.020517651207185447,0.23248303553406932,0.00016327008053959715,0.004300053863772712,0.10942747310498906,0.10482665260947596,0.013215724
491.5699999999984,0.0,0.02055441219446413,0.23209972584819435,0.0001960585988196464,0.004300022871913491,0.1096235317038087,0.10501390369653128,0.013215724
492.0670833333317,0.0,0.020598346249278702,0.2316416246682107,0.0002343149590110486,0.0042999858262083406,0.10985784666281975,0.10523768991750389,0.013215724
492.650416666665,0.0,0.020650013073903673,0.2311028974386833,0.0002755563979998424,0.004299942251926837,0.11013340306081959,0.10550086074903144,0.013215724
493.31999999999834,5.404013105684518,0.020709467271713473,0.23125427102893029,0.0003170890549855993,0.004299892100504749,0.1104504921158052,0.10580369252614351,0.013215724
494.06999999999834,14.50054565601716,0.02077625275259341,0.23263198859076253,0.00035618923135965553,0.004299835754903328,0.11080668134716486,0.10614386013521407,0.013215724
494.889166666665,17.66393349633563,0.020849431525317475,0.23440292630500606,0.00039028678786168523,0.0042997740058610765,0.11119696813502654,0.10651658393752395,0.013215724
495.7612499999983,17.725203337149484,0.02092761071607379,0.2361385189310616,0.0004169556840336899,0.004299708029461321,0.11161392381906023,0.10691476771151183,0.013215724
496.666666666665,17.247425184308163,0.021009081173292646,0.23777957721501494,0.0004345091051672269,0.004299639270085778,0.11204843292422745,0.10732970493444574,0.013215724
497.58333333333167,17.079760118405254,0.02109188367531316,0.2393926740231189,0.0004416133441093944,0.0042995693842634315,0.11249004626833685,0.10775141625848687,0.013215724
498.48874999999833,17.471938836885037,0.02117399098343777,0.2410798709139963,0.0004379056433312501,0.004299500086334,0.1129279519116681,0.10816957688507398,0.013215724
499.36083333333164,18.314239148101827,0.021253382099018874,0.24292786380457596,0.00042341928309923375,0.004299433085165816,0.11335137119476733,0.10857389478262493,0.013215724
500.1799999999983,19.312935758053293,0.02132823439663734,0.24497755830126128,0.00039921225396514576,0.0042993699212531536,0.11375058344873248,0.1089550890817624,0.013215724
500.9299999999983,19.891046734454395,0.021397006945534407,0.2471793651865014,0.0003667869274510222,0.0042993118960288935,0.11411737037618351,0.10930531417308187,0.013215724
501.5995833333316,19.27326031262808,0.021458602783266778,0.24935273409612646,0.0003285111345726424,0.004299259934741039,0.11444588151075616,0.10961898578865328,0.013215724
502.18291666666494,5.689210518682257,0.021512418279968658,0.24962904357550736,0.0002870159824100325,0.004299214545094447,0.11473289749316619,0.10989303204686911,0.013215724
502.67999999999824,0.0,0.021558391363892718,0.24914974710526455,0.00024518978092831554,0.0042991757770794725,0.1149780872740945,0.11012713873618359,0.013215724
503.09666666666493,0.0,0.02159700911889532,0.24874713670263346,0.00020596136001387063,0.004299143217219452,0.11518404863410837,0.11032378777880081,0.013215724
503.44416666666496,0.0,0.021629273815519916,0.24841076197715964,0.0001720783819978547,0.004299116017844152,0.11535612701610623,0.11048808412227677,0.013215724
503.7387499999983,0.0,0.021656666017388655,0.24812518653118626,0.00014609174329994177,0.0042990929286299525,0.11550221875940617,0.1106275678249502,0.013215724
503.9999999999983,0.0,0.021680989326553563,0.24787160654363186,0.00012972431554618928,0.004299072427681087,0.11563194307495235,0.1107514234969584,0.013215724
504.2499999999983,0.0,0.021704291255956666,0.24762867566479996,0.00012427695681654577,0.0042990527880687685,0.1157562200317689,0.11087007741897376,0.013215724
504.5112499999983,0.0,0.021728667826721466,0.247374542133922,0.0001300083774122516,0.004299032242203345,0.11588622840918116,0.11099420257243948,0.013215724
504.80583333333163,0.0,0.021756185368337157,0.2470876640425811,0.0001467602219503507,0.00429900904727731,0.11603298863113151,0.11113432044183004,0.013215724
505.15333333333166,0.0,0.021788686849304476,0.2467488284377394,0.0001733412318257029,0.004298981648165744,0.11620632986295722,0.11129981481484603,0.013215724
505.56999999999834,0.0,0.02182771536926902,0.2463419489907176,0.0002081521064775676,0.004298948741736376,0.11641448196943478,0.11149854215539028,0.013215724
506.06708333333165,0.0,0.021874359368243175,0.24585567976037911,0.0002487679945288158,0.004298909407513973,0.1166632499639636,0.11173604339119997,0.013215724
506.65041666666497,0.0,0.021929213046628072,0.24528382779337943,0.00029255295138612555,0.004298863141462917,0.11695580291534972,0.11201534240681352,0.013215724
507.3199999999983,5.401069122347381,0.02199233434470189,0.24544441354897567,0.0003366469230603682,0.004298809892045204,0.1172924498384101,0.1123367321967788,0.013215724
508.0699999999983,14.496417612017932,0.02206323900623721,0.2469070627741427,0.0003781581948550371,0.004298750065908056,0.11767060803326514,0.11269774485296204,0.013215724
508.88916666666495,17.662135622541918,0.02214093115143187,0.24878760186309878,0.0004143581077048449,0.004298684502664735,0.11808496614096999,0.11309330753309062,0.013215724
509.76124999999826,17.724503523894406,0.02222393196751103,0.25063073309416056,0.0004426710190888337,0.004298614451071682,0.11852763716005882,0.11351588890586202,0.013215724
510.6666666666649,17.247098833623262,0.02231042686771093,0.252373501692445,0.00046130613439947265,0.004298541444747474,0.11898894329445829,0.11395624875978314,0.013215724
511.5833333333316,17.079487849418143,0.022398335786847568,0.25408662779204916,0.0004688475687287402,0.004298467242549488,0.11945779086318703,0.1144037961979609,0.013215724
512.4887499999983,17.471649058142898,0.02248550646471252,0.2558784301456184,0.00046491028194642575,0.004298393664702349,0.11992270114513345,0.11484757385597599,0.013215724
513.3608333333316,18.31385051637864,0.02256979328306879,0.2578409110198104,0.00044952969790009665,0.0042983225256069,0.12037223084303356,0.11527665929534793,0.013215724
514.1799999999982,19.312421845669185,0.022649261245316233,0.26001738633338833,0.00042382913198636967,0.004298255460878107,0.12079605997501992,0.11568120331935515,0.013215724
514.9299999999982,19.890445249674904,0.022722274431898976,0.2623549253587437,0.0003894036617746223,0.004298193852295616,0.12118546363679454,0.11605288001373182,0.013215724
515.5995833333316,19.272754600369314,0.022787668274857592,0.2646608705680519,0.00034876716244596124,0.004298138682216568,0.1215342307992405,0.11638576338045904,0.013215724
516.1829166666649,5.688679670697767,0.022844801960029023,0.26495405742099587,0.0003047129875809643,0.0042980904896682956,0.12183894378682146,0.11667659370662092,0.013215724
516.6799999999982,0.0,0.022893609620965257,0.26444530577752834,0.0002603075249932631,0.0042980493277006504,0.12209925131181472,0.11692503782509517,0.013215724
517.0966666666649,0.0,0.02293460840096457,0.26401795354323954,0.00021866015999633668,0.0042980147572815475,0.12231791147181105,0.11713372989938764,0.013215724
517.4441666666648,0.0,0.022968862387468716,0.26366090782102813,0.00018268792802212454,0.0042979858783799745,0.12250059939983317,0.1173080876935769,0.013215724
517.7387499999982,0.0,0.022997943442949722,0.263357783409354,0.00015509896256536986,0.004297961363454428,0.12265569836239854,0.11745611314268566,0.013215724
517.9999999999982,0.0,0.02302376637832319,0.26308862084692786,0.0001377223219918194,0.004297939596627947,0.12279342068439035,0.11758755338311996,0.013215724
518.2499999999982,0.0,0.023048504947593838,0.2628307619875862,0.00013193903611012194,0.004297918744335272,0.12292535972050048,0.11771347320635146,0.013215724
518.5112499999982,0.0,0.02307438439836661,0.26256101229153866,0.00013802373745478385,0.004297896929844041,0.12306338345795526,0.11784519916494418,0.013215724
518.8058333333315,0.0,0.023103598450712106,0.2622565061869602,0.00015580827917600028,0.004297872302738738,0.12321919173713125,0.11799389699034663,0.013215724
519.1533333333315,0.0,0.023138103686922668,0.2618968502535823,0.0001840279264563242,0.004297843211880157,0.12340321966358757,0.11816952499726824,0.013215724
519.5699999999981,0.0,0.02317953832586562,0.26146496991966317,0.00022098474102907908,0.0042978082736870715,0.12362420440461665,0.11838042059015821,0.013215724
520.0670833333314,0.0,0.023229057888599074,0.2609488223936523,0.0002641043345784224,0.004297766510868948,0.12388830873919507,0.1186324637815907,0.013215724
520.6504166666648,0.0,0.023287293178766627,0.2603418346098973,0.0003105882142269491,0.004297717388293965,0.12419889695342201,0.11892886335111874,0.013215724
521.3199999999981,5.397948451558243,0.02335430567350827,0.2605121798541541,0.00035739997195542304,0.004297660851271704,0.12455629692537744,0.11926992992216498,0.013215724
522.0699999999981,14.492038034270182,0.02342958122481595,0.26206494514306344,0.0004014696069743102,0.004297597331588767,0.12495776653235174,0.11965304414456221,0.013215724
522.8891666666648,17.660227861359036,0.023512062522421884,0.26406183056788596,0.0004399002538983138,0.004297527720728155,0.12539766678625006,0.12007282225860565,0.013215724
523.7612499999981,17.723761088210843,0.023600179559371822,0.2660191342821704,0.0004699575303996728,0.0042974533445702436,0.12586762431664972,0.12052127156191798,0.013215724
524.6666666666647,17.24675265349307,0.023692005868558973,0.26786989123471094,0.0004897403156648068,0.004297375831433803,0.12635736463231453,0.12098858596316903,0.013215724
525.5833333333313,17.079199039233917,0.02378533315654912,0.2696892275399236,0.0004977455359474393,0.004297297048767461,0.12685511016826198,0.1214635261494083,0.013215724
526.4887499999979,17.47134167479228,0.02387787650378414,0.2715920966439749,0.0004935645185867534,0.004297218929159425,0.12734867468684874,0.12193446407582058,0.013215724
527.3608333333312,18.31343827165718,0.023967358061336177,0.2736761261605047,0.00047723497361088163,0.004297143398998312,0.12782590966045962,0.12238980893184209,0.013215724
528.1799999999979,19.31187671739998,0.02405172360046501,0.2759871751841058,0.00044994954202045234,0.004297072194836399,0.12827585920248008,0.122819108985169,0.013215724
528.9299999999979,19.88980719549217,0.02412923641506838,0.2784687313590449,0.00041340167788462634,0.004297006783711685,0.1286892608803647,0.12321352912343805,0.013215724
529.5995833333312,19.272216734507957,0.024198660207258096,0.2809151693366702,0.0003702602250118261,0.004296948208579861,0.12905952110537652,0.12356678107877767,0.013215724
530.1829166666646,5.688116394363063,0.02425931471227511,0.2812262441628393,0.00032349069342406736,0.00429689704170269,0.1293830117988006,0.12387540603679457,0.013215724
530.6799999999979,0.0,0.024311130041398774,0.28068625100746103,0.00027634842199285536,0.00429685333937312,0.12965936022079347,0.12413905077017996,0.013215724
531.0966666666645,0.0,0.024354655236393845,0.28023265652428536,0.00023213437330705296,0.004296816635437797,0.12989149459410052,0.12436051088004858,0.013215724
531.4441666666645,0.0,0.024391019978901307,0.27985368630874957,0.0001939452933731206,0.004296785974300537,0.13008543988747365,0.12454553580221124,0.013215724
531.7387499999978,0.0,0.0244218930067735,0.27953194879392285,0.00016465614865168745,0.004296759946478247,0.13025009603612533,0.1247026171683863,0.013215724
531.9999999999978,0.0,0.024449307131129566,0.279246258786845,0.0001462086632323723,0.004296736836364693,0.1303963046993577,0.12484209851223173,0.013215724
532.2499999999978,0.0,0.02447557005545146,0.27897256679524546,0.00014006892971677454,0.0042967146972368,0.13053637362907447,0.12497572157411449,0.013215724
532.5112499999979,0.0,0.02450304414384429,0.27868625408156616,0.00014652847142840883,0.004296691536545482,0.13068290210050287,0.12511550581636535,0.013215724
532.8058333333312,0.0,0.024534058284207787,0.27836305116048443,0.00016540874860532055,0.004296665389687607,0.1308483108491082,0.12527329998884176,0.013215724
533.1533333333311,0.0,0.02457068960797282,0.27798131258761916,0.00019536706008019267,0.004296634503639654,0.1310436779091884,0.12545967150162687,0.013215724
533.5699999999978,0.0,0.02461467725852203,0.27752291565876297,0.00023460080292914105,0.004296597409453964,0.13127827871211753,0.12568346762755395,0.013215724
534.0670833333311,0.0,0.02466724793047515,0.276975078523514,0.000280376917083283,0.004296553069553148,0.1315586556292008,0.12595092784571965,0.013215724
534.6504166666645,0.0,0.024729071261580714,0.2763308250121536,0.0003297244325630088,0.004296500915811031,0.13188838006176382,0.12626545692451702,0.013215724
535.3199999999978,5.394640912882125,0.02480021247727335,0.2765115079131412,0.00037941981702739646,0.0042964408901958176,0.13226779987879123,0.12662738413753566,0.013215724
536.0699999999978,14.487391946051016,0.02488012570812649,0.27815988357230387,0.0004262038978833882,0.00429637345117463,0.13269400377667462,0.12703392953691453,0.013215724
536.8891666666644,17.658203626200276,0.024967688458734146,0.28028027046092363,0.00046700133657419027,0.004296299545275395,0.1331610051132488,0.1274793796961352,0.013215724
537.7612499999977,17.72297349428437,0.025061233957406906,0.28235878596208713,0.0004989093262547187,0.004296220580220735,0.1336599144395035,0.12795525274853675,0.013215724
538.6666666666644,17.246385470088736,0.025158717025095378,0.28432419345558196,0.0005199096943385119,0.004296138284821046,0.13417982413384202,0.12845114265666532,0.013215724
539.583333333331,17.07889270895166,0.025257793312896945,0.28625629993023294,0.0005284068682750492,0.004296054641754941,0.13470823100211707,0.12895512267952466,0.013215724
540.4887499999976,17.471015645048368,0.0253560371466895,0.288277093013531,0.0005239671135602766,0.004295971702841462,0.13523219811567735,0.12945485376228016,0.013215724
541.3608333333309,18.31300101623791,0.02545103038025789,0.290490163095485,0.0005066305790314121,0.0042958915132991875,0.13573882869470877,0.12993803655315353,0.013215724
542.1799999999976,19.311298526687004,0.02554059228142633,0.29294405141771473,0.000477663472898362,0.004295815916782782,0.13621649216760712,0.13039358059251005,0.013215724
542.9299999999976,19.889130404521293,0.025622879213292527,0.29557840493476323,0.0004388636366197215,0.004295746470794185,0.13665535580422683,0.1308121110034746,0.013215724
543.5995833333309,19.271644639863364,0.025696578777381855,0.2981737034080874,0.0003930643418097568,0.004295684282585713,0.13704842014603658,0.13118695552134088,0.013215724
544.1829166666643,5.687518747991331,0.025760968857015332,0.2985037347651421,0.00034341375804520906,0.0042956299596796045,0.13739183390408177,0.13151444431113365,0.013215724
544.6799999999976,0.0,0.025815975300544313,0.2979306084561132,0.00029336769882125054,0.00429558356180606,0.137685201602903,0.13179420292134125,0.013215724
545.0966666666642,0.0,0.025862180997686758,0.29744918286828437,0.00024643038475972377,0.004295544594030409,0.13793163198766273,0.1320291981244103,0.013215724
545.4441666666642,0.0,0.025900785227877924,0.29704696078524584,0.0002058892276862182,0.00429551204179463,0.13813752121534895,0.13222553097976258,0.013215724
545.7387499999975,0.0,0.02593355951467661,0.29670548331737606,0.00017479619625964456,0.004295484408667133,0.1383123174116086,0.13239221225137274,0.013215724
545.9999999999975,0.0,0.025962661867090855,0.296402265315924,0.00015521254620930628,0.004295459873219855,0.13846752995781791,0.1325402177066155,0.013215724
546.2499999999975,0.0,0.025990542107593637,0.2961117817042035,0.00014869461601482736,0.0042954363686598575,0.13861622457383274,0.1326820067023212,0.013215724
546.5112499999975,0.0,0.02601970807868325,0.2958079033305504,0.0001555518458112583,0.0042954117795475175,0.138771776419644,0.132830333230163,0.013215724
546.8058333333308,0.0,0.02605263207837931,0.29546487181854814,0.0001755946650456688,0.004295384020118429,0.13894737108468966,0.13299777007711958,0.013215724
547.1533333333308,0.0,0.02609151913719426,0.29505971392890945,0.00020739764701308792,0.004295351229243268,0.13915476873170274,0.13319553031974513,0.013215724
547.5699999999974,0.0,0.026138215475221993,0.29457319541068905,0.0002490471361478962,0.004295311847396127,0.13940381586785064,0.13343300170181766,0.013215724
548.0670833333307,0.0,0.02619402329751353,0.29399175066477273,0.0002976417188882103,0.004295264773033604,0.13970145758673885,0.13371680472884578,0.013215724
548.6504166666641,0.0,0.026259653439696322,0.29330797607798886,0.0003500274249748989,0.004295209403023746,0.14005148501171374,0.13405055189065473,0.013215724
549.3199999999974,5.391135793195354,0.026335175099000244,0.2934996071760102,0.0004027821829542125,0.004295145675793597,0.14045426719466797,0.1344345921864323,0.013215724
550.0699999999974,14.482463523887846,0.026420008744933186,0.29524941510314545,0.0004524461116423685,0.004295074078124741,0.14090671330631033,0.13486597537895773,0.013215724
550.8891666666641,17.656055952337667,0.026512962717214497,0.2975008930537356,0.0004957545188336504,0.0042949956149558495,0.14140246782514398,0.13533863853390848,0.013215724
551.7612499999974,17.722138063098196,0.026612267575372606,0.29970808934917903,0.0005296259101766123,0.004294911780853035,0.1419320937353206,0.13584358121267948,0.013215724
552.666666666664,17.245996044038282,0.026715752188157676,0.30179521678027443,0.0005519179348536676,0.004294824411256732,0.14248401167017427,0.13636976138944312,0.013215724
553.5833333333306,17.078567825046605,0.026820927856099446,0.3038470553030611,0.0005609368956894634,0.004294735611111753,0.14304494856586372,0.13690452362327415,0.013215724
554.4887499999973,17.470669869000158,0.02692521957171441,0.30599304938120575,0.0005562224832798057,0.004294647558746101,0.14360117104914352,0.137434775186266,0.013215724
555.3608333333306,18.312537274392998,0.027026060343344815,0.3083431090107487,0.0005378174486954987,0.004294562425459641,0.14413898849783902,0.13794746569491936,0.013215724
556.1799999999972,19.310685324038477,0.02712113523030193,0.31094860276920455,0.0005070660637712869,0.004294482168542848,0.1446460545616103,0.1384308276816292,0.013215724
556.9299999999972,19.888412588070732,0.027208487154358543,0.3137450572492988,0.00046587692830190274,0.004294408441478026,0.14511193148991222,0.13887491417680192,0.013215724
557.5995833333305,19.27103610518454,0.027286722985535992,0.31649805823247606,0.00041725776627975697,0.004294342419732746,0.145529189256192,0.1392726459421087,0.013215724
558.1829166666639,5.6868846786502605,0.02735507621123791,0.31684817563822854,0.0003645505370768715,0.0042942847482363425,0.14589373979326886,0.13962012952006583,0.013215724
558.6799999999972,0.0,0.027413468162469434,0.3162399134094096,0.00031142373990145674,0.004294235490361522,0.1462051635331703,0.1399169680089833,0.013215724
559.0966666666639,0.0,0.02746251764322336,0.31572897453483134,0.0002615972306876117,0.004294194120632602,0.14646676076385792,0.1401663096528739,0.013215724
559.4441666666638,0.0,0.02750349777359784,0.31530209525035285,0.00021856069533055046,0.004294159561929726,0.14668532145918847,0.14037462824202185,0.013215724
559.7387499999971,0.0,0.02753828912608808,0.3149396848025092,0.00018555387994794134,0.004294130225566477,0.14687087533913643,0.14055148480991753,0.013215724
559.9999999999972,0.0,0.02756918253486163,0.31461787950141373,0.0001647648467922686,0.004294104177836187,0.14703564018592868,0.14070852526422076,0.013215724
560.2499999999972,0.0,0.027598778598351827,0.3143095894998819,0.0001578456719477351,0.004294079224550918,0.14719348585787642,0.14085896959380484,0.013215724
560.5112499999972,0.0,0.027629739498178273,0.31398708395324637,0.0001651247990743697,0.004294053119884035,0.1473586106569508,0.14101635034136603,0.013215724
560.8058333333305,0.0,0.02766468967637349,0.313623025627956,0.00018640095037448208,0.004294023649519595,0.14754501160732528,0.14119400771628188,0.013215724
561.1533333333305,0.0,0.027705969850735212,0.3131930332727142,0.0002201609299291901,0.004293988837629405,0.14776517253725446,0.1414038391415945,0.013215724
561.5699999999971,0.0,0.027755539836949658,0.3126766939565511,0.0002643732598103737,0.004293947028586376,0.14802954579706484,0.14165580519794715,0.013215724
562.0670833333304,0.0,0.027814781945631657,0.31205961102404406,0.00031595791297069,0.004293897052982482,0.14834550371003552,0.14195693021748357,0.013215724
562.6504166666638,0.0,0.027884450714501314,0.31133392765804846,0.00037156676730483175,0.004293838270548852,0.14871707047734034,0.14231104681617435,0.013215724
563.3199999999971,5.3874218257833695,0.027964619548767156,0.3115371514417066,0.0004275671160845047,0.0042937706159602105,0.14914463759342483,0.14271852485059336,0.013215724
564.0699999999971,14.477236055540502,0.028054673200854634,0.313394559711487,0.0004802861444665389,0.004293694606044737,0.14962492373789138,0.1431762335373464,0.013215724
564.8891666666638,17.65377747734982,0.02815334662788299,0.31578517845205833,0.0005262582774846021,0.00429361130771926,0.15015118201537597,0.1436777394431345,0.013215724
565.7612499999971,17.721251965331625,0.02825876146396296,0.3181289799187495,0.0005622124590931678,0.004293522307693772,0.15071339447446913,0.1442134924491464,0.013215724
566.6666666666637,17.24558306727192,0.028368612953368306,0.3203453282827808,0.0005858746101618261,0.004293429554544033,0.15129926908463096,0.14477177641789907,0.013215724
567.5833333333303,17.07822329674562,0.028480259256378933,0.32252428684049245,0.0005954469493900519,0.0042933352829374475,0.151894716034021,0.1453391635569752,0.013215724
568.4887499999969,17.470303185818604,0.028590966942212383,0.3248032039419999,0.0005904409911117083,0.00429324180542346,0.1524851570251327,0.145901762345595,0.013215724
569.3608333333302,18.312045488612963,0.02869801111665304,0.32729868642533994,0.0005709022636835149,0.004293151427066976,0.15305605928881622,0.1464457264343327,0.013215724
570.1799999999969,19.310035052099174,0.02879893446699601,0.33006508169395193,0.0005382578684958373,0.004293066225717065,0.15359431715731206,0.1469585708683515,0.013215724
570.9299999999969,19.887651330275556,0.02889165957612006,0.33303349386774267,0.0004945339153282683,0.004292987956681272,0.15408885107264034,0.14742974240310738,0.013215724
571.5995833333302,19.270388774277198,0.028974707676641166,0.3359535375215364,0.00044292320277923005,0.004292917867794125,0.15453177427541956,0.1478517305349502,0.013215724
572.1829166666636,5.6862120164328065,0.02904726516534414,0.33632493457060547,0.000386973273082512,0.004292856643666034,0.15491874754850207,0.14822040486393617,0.013215724
572.6799999999969,0.0,0.029109248587001663,0.3356794164380147,0.0003305782488401316,0.004292804351529133,0.1552493257973422,0.14853534474768684,0.013215724
573.0966666666635,0.0,0.029161314849744685,0.33513718365217354,0.0002776867346294329,0.004292760433501658,0.15552701253197165,0.14879989079889855,0.013215724
573.4441666666635,0.0,0.02920481541012579,0.33468415959984343,0.000232002988699252,0.004292723746086984,0.1557590155206709,0.14902091186252941,0.013215724
573.7387499999968,0.0,0.029241746525799934,0.33429955334181566,0.0001969659502620883,0.004292692602721004,0.15595598147093298,0.1492085521702951,0.013215724
573.9999999999968,0.0,0.029274539937380727,0.33395803946123265,0.00017489819509756375,0.004292664950576724,0.15613087966603054,0.1493751678557805,0.013215724
574.2499999999968,0.0,0.029305956191391494,0.3336308689353492,0.00016755335472408816,0.004292638460309471,0.15629843302075463,0.14953478502693984,0.013215724
574.5112499999968,0.0,0.029338821196475007,0.3332886126077221,0.00017528002711206483,0.004292610747762384,0.1564737130478667,0.14970176132745486,0.013215724
574.8058333333302,0.0,0.02937592079208716,0.3329022591601017,0.00019786450993149098,0.004292579462237423,0.15667157755779818,0.14989025026514374,0.013215724
575.1533333333301,0.0,0.029419739634646308,0.33244593442258186,0.00023370049364882536,0.0042925425062217745,0.156905278051447,0.15011287450901473,0.013215724
575.5699999999968,0.0,0.02947235804178607,0.3318979757287446,0.0002806315047454046,0.0042924981221354125,0.1571859095561924,0.15038020169810662,0.013215724
576.0670833333301,0.0,0.029535243297693303,0.3312431052989602,0.00033538803150521407,0.004292445068575195,0.15752129758769762,0.15069968409638573,0.013215724
576.6504166666634,0.0,0.029609196294738675,0.3304729858536502,0.000394415984242003,0.004292382665877758,0.15791571357193962,0.15107538755745376,0.013215724
577.3199999999968,5.383487169577252,0.029694294895612237,0.33068848238229304,0.00045385920465897735,0.004292310844742367,0.1583695727765986,0.15150770398563376,0.013215724
578.0699999999968,14.47169189668774,0.029789885956574096,0.33266002476415163,0.000509818991796581,0.004292230153879779,0.1588793917683952,0.15199331119895979,0.013215724
578.8891666666634,17.651360420845943,0.029894626582834948,0.3351983212326599,0.0005586166733912227,0.00429214172596554,0.1594380084417864,0.1525253830627313,0.013215724
579.7612499999967,17.720312214036863,0.030006522853784367,0.3376871347407154,0.0005967801117302137,0.004292047245470121,0.16003478855351663,0.15309378687930933,0.013215724
580.6666666666633,17.245145159782204,0.0301231282603708,0.3400406624140951,0.0006218955017943012,0.004291948780997644,0.16065668405531094,0.15368609208582423,0.013215724
581.58333333333,17.077857973332513,0.030241638510296598,0.3423545806929668,0.0006320546662709099,0.00429184870483858,0.16128873872158186,0.15428805238243232,0.013215724
582.4887499999966,17.469914370890407,0.03035915211944683,0.34477461453775643,0.0006267392488012474,0.004291749471935284,0.1619154779703831,0.15488492975060839,0.013215724
583.3608333333299,18.311524015752703,0.03047277669618639,0.34742446631427226,0.0006059977426109635,0.004291653529258395,0.16252147571299408,0.1554620343698608,0.013215724
584.1799999999965,19.309345540591135,0.030579903907980363,0.3503616200944709,0.0005713451295678619,0.004291563082549729,0.16309282084256194,0.15600612100614758,0.013215724
584.9299999999965,19.886844082070134,0.030678328692386025,0.3535124309691605,0.000524932183496868,0.004291479995133975,0.1636177530260588,0.15650599400786283,0.013215724
585.5995833333299,19.26970013661428,0.030766481448271807,0.3566093802759176,0.00047014803139083257,0.004291405591610498,0.16408790105744964,0.15695368593181075,0.013215724
586.1829166666632,5.6854984685184355,0.03084349862797367,0.3570033178697184,0.00041075829174327553,0.0042913405986792705,0.16449865934919292,0.1573448153611004,0.013215724
586.6799999999965,0.0,0.030909291705947094,0.35631830025992334,0.0003508964158582788,0.004291285087661027,0.1648495557650512,0.15767893655503717,0.013215724
587.0966666666632,0.0,0.03096455801491976,0.3557428891464422,0.00029475364785418515,0.004291238466291445,0.1651443094129054,0.15795959402066415,0.013215724
587.4441666666631,0.0,0.0310107321109573,0.35526214605990053,0.00024626184553356976,0.004291199520655043,0.16539057125843895,0.15819407526167228,0.013215724
587.7387499999965,0.0,0.031049932967197585,0.35485400756676366,0.00020907123328152145,0.004291166460352712,0.16559964249172046,0.1583931425215276,0.013215724
587.9999999999965,0.0,0.03108474179166702,0.3544915984866738,0.00018564706383696162,0.004291137106188646,0.16578528955555744,0.15856990453778053,0.013215724
588.2499999999965,0.0,0.031118088795370084,0.35414441071371083,0.0001778506864163388,0.004291108985438374,0.16596314024197378,0.15873924162432715,0.013215724
588.5112499999965,0.0,0.031152973558813864,0.35378121453107014,0.0001860520717001618,0.004291079567199625,0.16614919231367395,0.15891638573526767,0.013215724
588.8058333333298,0.0,0.031192353121124478,0.353371223761232,0.00021002433232329083,0.004291046356096492,0.16635921664599723,0.15911635217278255,0.013215724
589.1533333333298,0.0,0.031238864817927404,0.3528869814653801,0.00024806238294893565,0.004291007125530908,0.16660727902894618,0.15935253208568545,0.013215724
589.5699999999964,0.0,0.03129471678446256,0.3523055000517989,0.00029787715485413943,0.004290960009770808,0.1669051561838003,0.15963613634441254,0.013215724
590.0670833333297,0.0,0.03136146643471354,0.35161056763950876,0.00035599813467193604,0.004290903691042479,0.16726115431847224,0.15997507062203073,0.013215724
590.6504166666631,0.0,0.03143996382489631,0.35079333764993037,0.00041865274764143345,0.004290837447896952,0.16767980706611368,0.16037364786396774,0.013215724
591.3199999999964,5.379319388698176,0.031530291538662096,0.3510218242195789,0.0004817478067508605,0.004290761206822347,0.16816155487286455,0.16083228327343863,0.013215724
592.0699999999964,14.465812426397363,0.03163175622691254,0.35311442065799503,0.0005411450040023608,0.0042906755503577775,0.16870269987686692,0.1613474517901733,0.013215724
592.8891666666631,17.648796563481152,0.03174293240776971,0.355809447568792,0.0005929396312382242,0.004290581680943321,0.16929563950810514,0.16191191110080547,0.013215724
593.7612499999964,17.719315657106403,0.031861703582834106,0.358452191135313,0.000633446267010121,0.004290481386760697,0.16992908577511526,0.1625149111465047,0.013215724
594.666666666663,17.244680866306823,0.03198547287851402,0.3609513411219721,0.0006601029102928568,0.0042903768637450965,0.17058918868540812,0.1631432643210562,0.013215724
595.5833333333296,17.077470641389695,0.03211126368549019,0.3634085375698821,0.0006708843038729271,0.0042902706301797214,0.17126007298928106,0.16378185702728248,0.013215724
596.4887499999962,17.469502132884067,0.03223599626578313,0.36597838177500963,0.000665240428228964,0.004290165292056163,0.17192531341751002,0.1644150543256524,0.013215724
597.3608333333295,18.310971123085768,0.032356600567511204,0.368792092846758,0.0006432229425497415,0.004290063446874167,0.17256853636005975,0.16502727271640144,0.013215724
598.1799999999962,19.30861450113768,0.032470308079018115,0.37191045573360193,0.0006064400613701943,0.0042899674360369205,0.17317497642142995,0.1656044614631691,0.013215724
598.9299999999962,19.885988155014612,0.03257477835436432,0.3752547232931743,0.0005571748018464435,0.004289879237444644,0.1737321512232764,0.16613474432584785,0.013215724
599.5995833333295,19.26896751741636,0.032668345455674395,0.37853898952202153,0.0004990245403203902,0.004289800257119385,0.17423117576359679,0.1666096697948463,0.013215724
600.1829166666629,5.684741613028428,0.03275009286904603,0.37895679920997116,0.0004359862046487102,0.004289731266401129,0.1746671619682455,0.16702459056951063,0.013215724
600.6799999999962,0.0,0.032819926698579166,0.3782299083051287,0.00037244709084337626,0.004289672340941243,0.17503960905908889,0.16737903438350973,0.013215724
601.0966666666628,0.0,0.032878587160065476,0.377619325068639,0.00031285579459365694,0.004289622851998644,0.17535246485368255,0.16767676182540578,0.013215724
601.4441666666628,0.0,0.03292759695447238,0.3771091973157594,0.00026138557017013527,0.004289581510956921,0.1756138504238527,0.16792550400811523,0.013215724
601.7387499999961,0.0,0.03296920521700179,0.3766761126082161,0.00022191073349023605,0.004289546417271347,0.17583576115734292,0.1681366779821683,0.013215724
601.9999999999961,0.0,0.033006151690679074,0.3762915528535777,0.0001970478596121453,0.004289515257699176,0.17603280901695506,0.16832418987719455,0.013215724
602.2499999999961,0.0,0.03304154654218718,0.3759231451564171,0.00018877254137660194,0.004289485407425835,0.17622158155833167,0.1685038250329785,0.013215724
602.5112499999962,0.0,0.0330785735569177,0.3755377510583812,0.0001974774118960745,0.004289454179889925,0.17641905897022775,0.16869174171911833,0.013215724
602.8058333333295,0.0,0.033120371355519436,0.3751027029029916,0.00022292159254259895,0.004289418926250592,0.17664198056277033,0.16890386828196535,0.013215724
603.1533333333294,0.0,0.03316973921007194,0.37458886592310675,0.00026329522428002416,0.004289377282985717,0.17690527578705037,0.16915441003757015,0.013215724
603.5699999999961,0.0,0.03322902082128894,0.37397184805583233,0.00031616859315729463,0.004289327269645241,0.17722144438020768,0.16945525931168723,0.013215724
604.0670833333294,0.0,0.033299869193483836,0.3732344472770317,0.0003778579850394573,0.004289267487450786,0.17759930236524712,0.16981480210544836,0.013215724
604.6504166666627,0.0,0.033383186521241386,0.37236727721089385,0.00044435908137360503,0.004289197170635712,0.17804366144662073,0.17023761309021262,0.013215724
605.3199999999961,5.374905432504596,0.033479060387308045,0.3726095100599977,0.0005113272856888266,0.00428911624122812,0.17855498873230957,0.17072413208218126,0.013215724
606.0699999999961,14.459578001480748,0.033586754790517453,0.3748304881462704,0.0005743701504501721,0.004289025317657336,0.17912935888275974,0.17127061900263968,0.013215724
606.8891666666627,17.646077225285534,0.03370475664584406,0.3776918441099458,0.0006293432284085937,0.004288925676371789,0.17975870211116834,0.17186939054134603,0.013215724
607.761249999996,17.71825896954659,0.03383081943811808,0.38049797715771816,0.000672334892128119,0.004288819215568174,0.18043103700329646,0.17250904251517302,0.013215724
608.6666666666626,17.244188652943194,0.033962186808554604,0.3831517058722239,0.0007006259756614344,0.004288708266248214,0.18113166297895789,0.17317558523425472,0.013215724
609.5833333333293,17.077060021984153,0.03409569938332716,0.38576100630704824,0.0007120670654536714,0.004288595501552978,0.18184373004441157,0.17385298624571965,0.013215724
610.4887499999959,17.469065110757118,0.034228088367664646,0.38848988419710523,0.000706074583133211,0.004288483687691671,0.18254980462754478,0.1745246604091091,0.013215724
611.3608333333292,18.310384984278322,0.03435609528695016,0.39147752025706384,0.0006827035695227356,0.0042883755818261616,0.18323250819706752,0.17517407749713146,0.013215724
612.1799999999959,19.307839521986363,0.03447678175114821,0.39478817085224954,0.0006436611423896155,0.004288273669248363,0.18387616933945714,0.17578633349414324,0.013215724
612.9299999999959,19.88508071499263,0.034587663736902266,0.3983376043365645,0.0005913705906883139,0.004288180049379311,0.18446753993014545,0.17634883123777736,0.013215724
613.5995833333292,19.268188067194043,0.03468697314295088,0.4018201732645009,0.0005296501655926197,0.004288096214595954,0.18499719009573806,0.17685260650003423,0.013215724
614.1829166666625,5.6839388926819785,0.034773737290157064,0.4022632606932301,0.0004627421184329873,0.004288022983578567,0.18545993221417104,0.17729273039831114,0.013215724
614.6799999999959,0.0,0.034847856595494525,0.4014919854886608,0.00039530296179978217,0.004287960436564654,0.18585523517597083,0.17766870264108067,0.013215724
615.0966666666625,0.0,0.03491011676208081,0.4008441211265775,0.00033205422179351024,0.004287907906117779,0.18618728939776433,0.17798451278137045,0.013215724
615.4441666666625,0.0,0.034962133979309355,0.40030284684247824,0.00027742515855224065,0.004287864024385084,0.18646471455631658,0.17824836190691754,0.013215724
615.7387499999958,0.0,0.03500629543052841,0.3998433202565979,0.00023552773983498928,0.004287826773992559,0.18670024229615156,0.17847236075296286,0.013215724
615.9999999999958,0.0,0.03504550899622219,0.3994352818311555,0.0002091390170334457,0.004287793699518736,0.18690938131318502,0.17867126016137183,0.013215724
616.2499999999958,0.0,0.03508307569678832,0.3990443820672244,0.00020035573635270783,0.004287762014834175,0.18710973704953773,0.1788618041889502,0.013215724
616.5112499999958,0.0,0.0351223746764617,0.39863545933529615,0.00020959455825800285,0.004287728868278299,0.18731933160779574,0.17906113236262042,0.013215724
616.8058333333291,0.0,0.03516673713113598,0.39817385172422043,0.00023659975826285533,0.004287691448239504,0.18755593136605858,0.17928614021543332,0.013215724
617.1533333333291,0.0,0.03521913407199048,0.3976286460932291,0.0002794503512240046,0.004287647245970236,0.1878353817172826,0.17955189549520062,0.013215724
617.5699999999957,0.0,0.035282052969300655,0.3969739617752969,0.00033556745232089753,0.0042875941593492305,0.18817094916960347,0.17987101236081196,0.013215724
618.067083333329,0.0,0.035357248199415735,0.39619154733469386,0.00040104122728042813,0.004287530703686345,0.1885719903968839,0.1802523855741346,0.013215724
618.6504166666624,0.0,0.03544567724424416,0.3952714443515057,0.00047162157241828517,0.004287456066216459,0.1890436119693022,0.18070086698490448,0.013215724
619.3199999999957,5.370231616366424,0.03554743297911206,0.3955282204020121,0.0005426972526288149,0.004287370164244984,0.189586309221931,0.18121692240147314,0.013215724
620.0699999999957,14.452967909862368,0.03566173415877843,0.39788533786465696,0.0006096062915539487,0.004287273654275949,0.19019591551348497,0.18179658389172967,0.013215724
620.8891666666624,17.643193243339,0.03578697478238215,0.4009231991292442,0.0006679499925531749,0.004287167891261321,0.19086386550603815,0.1824317009207885,0.013215724
621.7612499999957,17.717138645577556,0.03592077043985389,0.40390275442684026,0.0007135768398492435,0.004287054890089255,0.1915774423458874,0.18311017633679533,0.013215724
622.6666666666623,17.243666903706686,0.03606019562873297,0.4067205620888785,0.0007436010073551334,0.004286937125020344,0.19232104335324252,0.1838171707811702,0.013215724
623.5833333333289,17.076624767807335,0.03620189714773466,0.4094913299308131,0.0007557414346756902,0.004286817433441764,0.1930767847879182,0.18453567847924648,0.013215724
624.4887499999955,17.46860187071454,0.036342405706540154,0.4123890260328679,0.0007493789802959765,0.004286698751489215,0.19382616376821418,0.18524810780991244,0.013215724
625.3608333333289,18.30976367529657,0.03647826301242983,0.41556126237220015,0.0007245722980782853,0.004286584005657643,0.19455073606629247,0.18593692578831533,0.013215724
626.1799999999955,19.307018062649774,0.03660635052791695,0.41907594351626404,0.0006831334159312703,0.0042864758338391875,0.19523386948222374,0.1865863246618131,0.013215724
626.9299999999955,19.884118775802285,0.03672403197742784,0.42284293932133155,0.0006276343973913973,0.004286376464329236,0.19586150387961512,0.18718294375326167,0.013215724
627.5995833333288,19.267358750748464,0.03682943092823664,0.42653539816521324,0.0005621277376469482,0.004286287481081364,0.19642363161726206,0.18771727586417586,0.013215724
628.1829166666622,5.683087608263258,0.036921515150093946,0.427005246631332,0.0004911158499056606,0.004286209752974408,0.19691474746716772,0.18818409396020794,0.013215724
628.6799999999955,0.0,0.03700017903854301,0.4261869317028054,0.00041954073839502084,0.004286143365101642,0.19733428820556273,0.1885828681503395,0.013215724
629.0966666666621,0.0,0.03706625654225434,0.42549955593367567,0.0003524133531270872,0.004286087608981311,0.1976867015586898,0.18891783056634218,0.013215724
629.4441666666621,0.0,0.03712146299727748,0.4249252719506434,0.00029443442679007837,0.004286041032721039,0.1979811359854799,0.1891976801225844,0.013215724
629.7387499999954,0.0,0.03716833198505015,0.4244377218353934,0.0002499679347875901,0.004286001495040091,0.1982311039202675,0.18943526230304678,0.013215724
629.9999999999955,0.0,0.03720994969045626,0.42400480040273253,0.00022196109549923042,0.004285966389727683,0.19845306501576673,0.18964622264020844,0.013215724
630.2499999999955,0.0,0.03724981952604635,0.42359006330674154,0.00021263912314712578,0.004285932759571781,0.19866570413891385,0.18984832061305232,0.013215724
630.5112499999955,0.0,0.03729152780411846,0.42315620473976207,0.00022244414971792358,0.004285897577817107,0.19888814828863177,0.19005973503031384,0.013215724
630.8058333333288,0.0,0.037338609935203604,0.42266644928041475,0.0002511046991207787,0.00428585786022806,0.19913925298775256,0.1902983857905404,0.013215724
631.1533333333288,0.0,0.037394219047729334,0.4220879990948946,0.00029658193347053923,0.0042858109440421,0.1994358349212231,0.19058025404259002,0.013215724
631.5699999999954,0.0,0.037460995066990306,0.42139339595147746,0.0003561387693918858,0.004285754598104921,0.199791973690615,0.19091871841661526,0.013215724
632.0670833333287,0.0,0.03754079986190843,0.4205632763392275,0.0004256255728966647,0.004285687246619442,0.20021759926351165,0.19132321245596853,0.013215724
632.6504166666621,0.0,0.03763464953462454,0.4195870757082192,0.00050053158781923,0.0042856080269844,0.2007181308513309,0.19179888149915764,0.013215724
633.3199999999954,5.3652836034226885,0.03774264256259257,0.41985923433648414,0.0005759628158295107,0.004285516851505376,0.2012940936671604,0.19234621879295963,0.013215724
634.0699999999954,14.445960323122286,0.03786394971102476,0.4223607025749839,0.0006469714583049947,0.004285414417075158,0.2019410651254654,0.19296101498637513,0.013215724
634.889166666662,17.64013494883436,0.03799686643739198,0.4255858564570761,0.0007088892072918339,0.004285302161909825,0.20264995433275723,0.1936346246114623,0.013215724
635.7612499999954,17.715950990584055,0.03813886209509572,0.4287494738185892,0.0007573101744199461,0.004285182224658919,0.20340726450717717,0.19435421651778256,0.013215724
636.666666666662,17.243113917046188,0.038286831811939495,0.43174143653536184,0.000789171823166827,0.004285057231516452,0.20419643633034398,0.19510405142161413,0.013215724
637.5833333333286,17.076163460280934,0.03843721684679974,0.4346836047433758,0.0008020535192546426,0.004284930194055975,0.20499848984959862,0.19586609270867433,0.013215724
638.4887499999952,17.46811090313125,0.03858633530421171,0.43776049804862016,0.0007952984395304843,0.004284804228618883,0.20579378828912911,0.1966216828497879,0.013215724
639.3608333333285,18.309105170264456,0.038730517010329875,0.44112865532491613,0.0007689690992968856,0.004284682441271714,0.206562757388426,0.19735222694438506,0.013215724
640.1799999999952,19.306147448487074,0.038866452410088514,0.444859812220841,0.0007249887987127415,0.004284567631729053,0.20728774618713874,0.1980409602334098,0.013215724
640.9299999999952,19.88309919266659,0.038991343793716,0.44885749145855314,0.0006660873793466114,0.004284462164944825,0.20795383356648536,0.19867371356389926,0.013215724
641.5995833333285,19.266476335633662,0.039103199868899985,0.45277205646089935,0.0005965657343145468,0.004284367721976263,0.2085503993007999,0.19924040483757516,0.013215724
642.1829166666619,5.682184911910311,0.03920092527140994,0.4532702305614577,0.0005212021467197715,0.0042842852249255995,0.20907160144751968,0.19973549138556868,0.013215724
642.6799999999952,0.0,0.03928440802269904,0.4524020685408964,0.0004452413402085342,0.004284214764026298,0.20951684278772822,0.20015841206592147,0.013215724
643.0966666666618,0.0,0.039354533237750185,0.4516728234882843,0.00037400114693944526,0.004284155587262614,0.20989084393466767,0.20051365597159412,0.013215724
643.4441666666618,0.0,0.03941312138956095,0.4510635600617784,0.0003124701429907295,0.004284106153617263,0.2102033140776584,0.2008104492551093,0.013215724
643.7387499999951,0.0,0.03946286129696843,0.4505463143036638,0.0002652795061732164,0.0042840641904098534,0.21046859358383163,0.20106241550705062,0.013215724
643.9999999999951,0.0,0.03950702821167289,0.45008702521492383,0.00023555687842378127,0.00428402693152455,0.2107041504622554,0.2012861477173668,0.013215724
644.2499999999951,0.0,0.03954934015235067,0.44964702859486094,0.00022566368361481674,0.004283991238326197,0.21092981414587023,0.2015004806538149,0.013215724
644.5112499999951,0.0,0.039593603099768344,0.449186746531117,0.0002360690528943146,0.004283953898383285,0.21116588319876453,0.20172469366466456,0.013215724
644.8058333333285,0.0,0.03964356899953291,0.44866716401991036,0.00026648479874434686,0.004283911744405491,0.2114323679975089,0.20197779137712688,0.013215724
645.1533333333284,0.0,0.039702584082474957,0.4480534861411745,0.0003147471090242026,0.0042838619503108065,0.2117471151065331,0.20227672214683853,0.013215724
645.569999999995,0.0,0.03977344992204928,0.44731658306023925,0.00037795114439640316,0.0042838021481189995,0.2121250662509295,0.20263567408337738,0.013215724
646.0670833333284,0.0,0.03985814235758736,0.4464359129570454,0.0004516929895364188,0.004283730665427119,0.21257675924046593,0.20306465119703485,0.013215724
646.6504166666617,0.0,0.039957739638275896,0.44540026913291697,0.0005311854970055101,0.004283646586794711,0.21310794473747144,0.20356910952415772,0.013215724
647.319999999995,5.360046387614227,0.04007234617003679,0.445688693963923,0.0006112348360581575,0.004283549819235271,0.2137191795735296,0.20414957126527125,0.013215724
648.069999999995,14.438532248406306,0.040201081821029994,0.44834320264754995,0.0006865901386303609,0.004283441102481188,0.21440576971215997,0.20480157131741455,0.013215724
648.8891666666617,17.636892143583122,0.040342137550778805,0.45176708272202015,0.0007522972253270174,0.004283321963053331,0.21515806693748699,0.20551594001702897,0.013215724
649.761249999995,17.71469211294738,0.040492827645525906,0.4551260445460528,0.0008036805053178506,0.004283194670847677,0.21596174744280483,0.20627906889228698,0.013215724
650.6666666666616,17.24252790233364,0.04064985703856213,0.45830284816075506,0.0008374900961932146,0.004283062013174918,0.21679923753899805,0.20707426567586204,0.013215724
651.5833333333283,17.07567460664236,0.04080944905157331,0.46142695295550124,0.0008511574027262992,0.004282927186317545,0.21765039494172433,0.2078824021958149,0.013215724
652.4887499999949,17.467590619453198,0.040967696366878435,0.46469405203183745,0.0008439856816273311,0.004282793497703381,0.21849438062335166,0.20868369228737976,0.013215724
653.3608333333282,18.308407337291406,0.04112070416245455,0.46827013398161593,0.0008160415764059596,0.004282664243807597,0.21931042219975763,0.20945841669724058,0.013215724
654.1799999999948,19.30522486525318,0.041264960361808205,0.47223095428137407,0.0007693663965527994,0.004282542395927984,0.22007978859631044,0.21018879744400767,0.013215724
654.9299999999948,19.88201865569478,0.041397496104317456,0.47647320203193166,0.000706857293382646,0.00428243046391522,0.2207866458896931,0.21085980945641852,0.013215724
655.5995833333282,19.26553738009221,0.041516198330477275,0.48062274662990684,0.0006330785395190457,0.004282330231779046,0.22141972442921215,0.21146076205056993,0.013215724
656.1829166666615,5.681227800243215,0.04161990475166451,0.481150896003107,0.0005531009129985682,0.004282242678045433,0.22197282534221072,0.21198577848490208,0.013215724
656.6799999999948,0.0,0.041708496643386765,0.48022991976322216,0.00047249008918537095,0.0042821678983879,0.2224453154313961,0.21243426463560158,0.013215724
657.0966666666615,0.0,0.04178291337920579,0.4794563133956134,0.0003968892577014621,0.004282105094621685,0.22284220468909754,0.21281098174550883,0.013215724
657.4441666666614,0.0,0.041845086909581775,0.47880998872679065,0.000331592162005303,0.004282052631221382,0.22317379685110283,0.21312571425232626,0.013215724
657.7387499999948,0.0,0.04189787064610634,0.47826128010200303,0.0002815132614642941,0.004282008096175863,0.22345531011256714,0.21339290961564958,0.013215724
657.9999999999948,0.0,0.041944740297602465,0.477774054270624,0.0002499714746460007,0.0042819685538158,0.22370528158721315,0.21363016397238258,0.013215724
658.2499999999948,0.0,0.04198964141511675,0.47730729505738195,0.00023947262674283568,0.004281930673138363,0.223944754213956,0.21385745055888183,0.013215724
658.5112499999948,0.0,0.04203661287703701,0.4768190172437809,0.00025051446357478275,0.0042818910448363875,0.22419526867753076,0.21409521390890815,0.013215724
658.8058333333281,0.0,0.042089636202515886,0.4762678330051621,0.00028279106922063054,0.004281846307525194,0.2244780597467514,0.2143636070783063,0.013215724
659.1533333333281,0.0,0.042152262349880926,0.4756168315570149,0.0003340061192802242,0.004281793461955894,0.2248120658660316,0.21468060240717327,0.013215724
659.5699999999947,0.0,0.04222746426907416,0.4748351120862596,0.0004010769023639037,0.004281729995075021,0.22521314276839552,0.21506124497556464,0.013215724
660.067083333328,0.0,0.042317338624270215,0.473900884477831,0.0004793298943789467,0.0042816541320545975,0.22569247266277448,0.2155161426896143,0.013215724
660.6504166666614,0.0,0.04242302954280617,0.4728022618355884,0.0005636848988584455,0.004281564901437691,0.22625615756163292,0.21605108043299853,0.013215724
661.3199999999947,5.354504278322972,0.042544647702944985,0.473107882552756,0.0006486301874070167,0.004281462204637643,0.22690478774903994,0.21666661094616055,0.013215724
662.0699999999947,14.430659479937402,0.04268125899727593,0.4759246253024775,0.0007285935697650019,0.004281346826821696,0.22763338131880495,0.21735799823519705,0.013215724
662.8891666666614,17.63345407603312,0.04283094358253887,0.4795593484191358,0.0007983177880690188,0.004281220388151637,0.22843169910687397,0.2181155175483868,0.013215724
663.7612499999947,17.713357915794372,0.04299085133151419,0.4831256171476819,0.0008528413278683973,0.004281085297692753,0.22928454043474236,0.21892473736596343,0.013215724
664.6666666666613,17.241906976347334,0.04315748552692511,0.48649859293351094,0.0008887157088582634,0.004280944513592124,0.23017325614360062,0.2197679564419539,0.013215724
665.5833333333279,17.075156637026442,0.04332683843379074,0.4898158093909268,0.0009032155032833121,0.004280801427977668,0.23107647164688394,0.22062489097571084,0.013215724
666.4887499999945,17.467039349095053,0.04349476374939235,0.4932847894325166,0.0008956016832086036,0.004280659550878509,0.23197207333009254,0.22147455998250534,0.013215724
667.3608333333278,18.30766793429383,0.04365712849445057,0.4970815226121982,0.0008659453069771822,0.004280522380646399,0.2328380186370697,0.2222960539854774,0.013215724
668.1799999999945,19.304247353647572,0.04381020589935917,0.50128597853641,0.0008164128261791992,0.004280393070490685,0.2336544314632489,0.2230705224800705,0.013215724
668.9299999999945,19.880873683332087,0.043950845672620906,0.5057874848204899,0.0007500787907292641,0.00428027428387546,0.23440451025397818,0.22378203443696312,0.013215724
669.5995833333278,19.26453822048646,0.04407680568016191,0.5101855683122175,0.0006717867068853491,0.0042801679139508825,0.23507629696086352,0.2244192550630209,0.013215724
670.1829166666612,5.680213107349465,0.04418685270001258,0.5107454314591588,0.0005869174392035938,0.004280074999051827,0.2356632144000671,0.22497595410708018,0.013215724
670.6799999999945,0.0,0.044280860869827326,0.5097685060096399,0.0005013769056786355,0.004279995640607879,0.23616459130574574,0.22545150265092054,0.013215724
671.0966666666611,0.0,0.04435982709491244,0.5089479053386269,0.0004211532004539588,0.0042799289914758265,0.2365857445061997,0.22585095012147954,0.013215724
671.4441666666611,0.0,0.04442580151291063,0.5082623198953165,0.0003518635626570119,0.004279873315924951,0.23693760806885672,0.226184672002133,0.013215724
671.7387499999944,0.0,0.044481812027442204,0.5076802812510586,0.0002987227441683739,0.004279826054220429,0.2372363308130251,0.22646798790222245,0.013215724
671.9999999999944,0.0,0.04453154685650871,0.5071634608760645,0.00026525242168806506,0.004279784090929517,0.23750158323471315,0.22671955585552853,0.013215724
672.2499999999944,0.0,0.04457919276041381,0.5066683510281604,0.00025411148749386733,0.004279743891100537,0.23775569472220703,0.22696055421593866,0.013215724
672.5112499999944,0.0,0.044629035512295426,0.5061504163380203,0.0002658280100352499,0.00427970183670001,0.23802152273224228,0.2272126608960436,0.013215724
672.8058333333278,0.0,0.044685299999975316,0.5055657553928692,0.0003000772676261114,0.004279654360567546,0.23832159999986838,0.22749724457356854,0.013215724
673.1533333333277,0.0,0.044751754208698126,0.5048752160581607,0.000354422446521635,0.004279598279867794,0.23867602244639002,0.22783336146175548,0.013215724
673.5699999999944,0.0,0.044831552757117754,0.504046021560837,0.0004255922582379918,0.004279530927747909,0.239101614704628,0.2282369637008411,0.013215724
674.0670833333277,0.0,0.04492692038541884,0.5030550595648894,0.0005086273509391295,0.004279450420798341,0.23961024205556714,0.22871929834584956,0.013215724
674.650416666661,0.0,0.04503907104531111,0.5018897227976071,0.000598136852758818,0.00427935572818489,0.24020837890832594,0.22928649826037303,0.013215724
675.3199999999944,5.348640886990011,0.04516812204955503,0.5022135169591891,0.0006882720226342421,0.004279246745396192,0.2408966509309602,0.22993914838341717,0.013215724
676.0699999999944,14.422316550406157,0.04531308205623662,0.5052022181261799,0.0007731200356351044,0.004279124305781939,0.24166977096659528,0.2306722258456736,0.013215724
676.889166666661,17.62980941688131,0.04547191374698645,0.5090606233207363,0.0008471023506657644,0.004278990128792512,0.24251687331726104,0.23147541820666884,0.013215724
677.7612499999943,17.711944088706556,0.04564159269127437,0.5128468808991627,0.0009049543695356186,0.004278846771046919,0.24342182768679665,0.23233342265451723,0.013215724
678.666666666661,17.24124915977152,0.04581840839991315,0.5164280431792055,0.0009430171127401762,0.004278697371813717,0.24436484479953682,0.23322746989480778,0.013215724
679.5833333333276,17.07460790156256,0.045998108200862406,0.5199502227806296,0.0009583989383960272,0.004278545530849737,0.24532324373793285,0.23413605291734008,0.013215724
680.4887499999942,17.46645533635478,0.04617629245783811,0.5236334646818572,0.0009503160372037373,0.004278394972968449,0.2462735597751366,0.2350369261155026,0.013215724
681.3608333333275,18.306884604837492,0.04634857574354786,0.5276643403218427,0.0009188441904519915,0.004278249410530822,0.2471924039655886,0.23590792032562427,0.013215724
682.1799999999942,19.30321180390004,0.04651100372016597,0.5321272328805667,0.0008662825419632778,0.004278112189583993,0.24805868650755186,0.23672904999254263,0.013215724
682.9299999999942,19.879660615841765,0.04666023379199557,0.5369035353707869,0.0007958937164245228,0.0042779861364260555,0.24885458022397638,0.23748342537335831,0.013215724
683.5995833333275,19.263474958260158,0.04679388702210709,0.5415644319762022,0.0007128172272614483,0.0042778732598925204,0.24956739745123782,0.23815903012133413,0.013215724
684.1829166666608,5.679137497652093,0.04691065501623889,0.5421578401524586,0.0006227626353696018,0.0042777746617068645,0.25019016008660744,0.2387492599958961,0.013215724
684.6799999999942,0.0,0.04701040436136324,0.5411216542527876,0.0005319965073298082,0.004277690449387566,0.25072215659393726,0.23925344938823734,0.013215724
685.0966666666608,0.0,0.047094192958414806,0.5402512782938583,0.0004468725176083925,0.004277619723880742,0.25116902911154565,0.23967695282955812,0.013215724
685.4441666666607,0.0,0.04716419623096213,0.5395241089336437,0.0003733507869190573,0.0042775606432223084,0.25154237989846473,0.24003077140285375,0.013215724
685.7387499999941,0.0,0.04722362704693546,0.5389067682017672,0.000316964351857737,0.004277510491074155,0.25185934425032247,0.24033114778287254,0.013215724
685.9999999999941,0.0,0.047276398882646974,0.5383586023423951,0.00028144979046139173,0.00427746596143868,0.2521407940407839,0.2405978638517833,0.013215724
686.2499999999941,0.0,0.04732695417521454,0.5378334646084968,0.0002696282270270524,0.004277423303163548,0.2524104222678109,0.2408533733586546,0.013215724
686.5112499999941,0.0,0.04737984039855022,0.5372841186108119,0.00028205985779026523,0.004277378676952308,0.2526924821256012,0.24112065949854913,0.013215724
686.8058333333274,0.0,0.047439540401205335,0.5366640006774569,0.00031840001416063977,0.004277328297511548,0.2530108821397618,0.24142237741774356,0.013215724
687.1533333333274,0.0,0.047510052204948014,0.5359315847973207,0.00037606295329426317,0.004277268787397218,0.2533869450930561,0.24177873034458544,0.013215724
687.569999999994,0.0,0.047594722983201575,0.5350521073716614,0.0004515774840189899,0.004277197316726623,0.25383852257707507,0.2422066302862257,0.013215724
688.0670833333273,0.0,0.04769591322104646,0.5340010557831777,0.0005396812685060438,0.004277111886996845,0.25437820384558113,0.2427180006062034,0.013215724
688.6504166666607,0.0,0.04781491086717496,0.5327650599695236,0.0006346541126853347,0.004277011404442483,0.25501285795826645,0.24331934230717217,0.013215724
689.319999999994,5.3424391161320575,0.04795184025004134,0.5331080548211568,0.0007302900419540083,0.0042768957582857295,0.25574314800022047,0.24401127425923394,0.013215724
690.069999999994,14.413476682570018,0.04810564934404829,0.536278997370067,0.0008203151680370733,0.004276765832966995,0.25656346316825757,0.24478846984696395,0.013215724
690.8891666666607,17.625946234385307,0.048274176296128755,0.5403746867350915,0.0008988104110958119,0.004276623453201279,0.25746227357935336,0.24563999455237223,0.013215724
691.761249999994,17.710446099439718,0.048454211909961846,0.54439437615444,0.0009601899404431911,0.004276471332031989,0.25842246351979653,0.2465496233929108,0.013215724
692.6666666666606,17.24055237373932,0.04864181910234034,0.5481964619281974,0.0010005716926853076,0.004276312800729867,0.25942303521248183,0.24749745673970755,0.013215724
693.5833333333272,17.074026667509667,0.048832485582402246,0.5519361721540138,0.0010168878936634887,0.004276151679145579,0.26043992310614533,0.24846069312197472,0.013215724
694.4887499999938,17.46583673736896,0.04902154320441361,0.5558468036963072,0.001008307317393931,0.004275991919763674,0.26144823042353926,0.24941574872748493,0.013215724
695.3608333333272,18.306054874033006,0.04920433897931644,0.5601261217526212,0.0009749107994817673,0.004275837461786845,0.262423141223021,0.25033912148793747,0.013215724
696.1799999999938,19.302114950436444,0.049376677385468394,0.5648631271322037,0.0009191381661438323,0.0042756918556557414,0.2633422793891648,0.2512096248989381,0.013215724
696.9299999999938,19.87837560887051,0.04953501202518768,0.5699306556144818,0.0008444514118361664,0.004275558100253467,0.26418673080100097,0.2520093549119593,0.013215724
697.5995833333271,19.262343446480504,0.04967681898749174,0.5748693838091099,0.0007563037989549567,0.004275438327021545,0.26494303459995594,0.25272557417705555,0.013215724
698.1829166666605,5.677997458688859,0.04980071022498931,0.5754982649727451,0.0006607532666537355,0.004275333704856365,0.26560378786660965,0.2533512828967515,0.013215724
698.6799999999938,0.0,0.049906544339342475,0.5743993224695326,0.0005644486098836049,0.0042752443477156645,0.26616823647649324,0.2538857767900805,0.013215724
699.0966666666604,0.0,0.049995443891969166,0.5734762349721672,0.0004741309473423538,0.0042751693015110935,0.26664236742383557,0.2543347333401036,0.013215724
699.4441666666604,0.0,0.05006971710079488,0.5727050288732245,0.0003961237804038084,0.004275106611668678,0.2670384912042394,0.2547098156586424,0.013215724
699.7387499999937,0.0,0.0501327728736631,0.572050303921011,0.0003362974552971676,0.004275053395855,0.26737478865953657,0.25502824315555883,0.013215724
699.9999999999937,0.0,0.05018876342821363,0.5714689439270035,0.0002986162909361198,0.00427500614608334,0.2676734049504727,0.25531098685863013,0.013215724
700.2499999999937,0.0,0.050242402178307055,0.5709120074704197,0.00028607333383161916,0.004274960882042816,0.26795947828430433,0.25558184998138234,0.013215724
700.5112499999938,0.0,0.05029851395617346,0.570329397854979,0.00029926281528749193,0.00427491352991513,0.2682587410995918,0.2558651967815356,0.013215724
700.8058333333271,0.0,0.05036185500204859,0.5696717321878007,0.0003378189113340431,0.004274860073204903,0.26859656001092586,0.25618504353738,0.013215724
701.153333333327,0.0,0.05043666713136242,0.5688949706694892,0.00039899802300703504,0.004274796928202754,0.2689955580339329,0.25656280703268436,0.013215724
701.5699999999937,0.0,0.05052650158336594,0.5679622458388995,0.0004791170773521366,0.004274721092234817,0.26947467511128503,0.2570164147859219,0.013215724
702.067083333327,0.0,0.05063386269647952,0.5668475624022916,0.0005725926032724005,0.004274630444819127,0.27004726771455745,0.25755850561925747,0.013215724
702.6504166666604,0.0,0.05076011682708894,0.5655367427540929,0.0006733553632502638,0.004274523825502008,0.2707206230778077,0.2581959699042058,0.013215724
703.3199999999937,5.335881151224453,0.050905395720336546,0.5659000170255336,0.0007748207639872122,0.004274401116879578,0.2714954438417949,0.2589294622495453,0.013215724
704.0699999999937,14.40411174144376,0.051068583017240814,0.5692640715242894,0.0008703322501560707,0.004274263257560611,0.272365776091951,0.2597533344948871,0.013215724
704.8891666666603,17.621851969495356,0.051247384862563077,0.5736114531033502,0.0009536098417187219,0.0042741121838465995,0.2733193859336697,0.2606559937857702,0.013215724
705.7612499999937,17.708859185713088,0.05143839622876275,0.5778788221055322,0.0010187272863982836,0.004273950774588118,0.274338113220068,0.26162023933680495,0.013215724
706.6666666666603,17.239814436449333,0.051637439878774456,0.5819153327626667,0.0010615661333957366,0.0042737825645658735,0.27539967935346377,0.262624975537999,0.013215724
707.5833333333269,17.073411116454967,0.05183972837765659,0.5858858988171927,0.001078871994038056,0.004273611606906655,0.2764785513475018,0.2636460313732114,0.013215724
708.4887499999935,17.465181617136576,0.05204030902362607,0.5900378380575998,0.0010697634451705532,0.004273442095393428,0.2775483147926724,0.2646584072917217,0.013215724
709.3608333333268,18.305176144521027,0.052234245286115435,0.5945807535446644,0.0010343267332766546,0.00427327820963967,0.278582641525949,0.26563719118328183,0.013215724
710.1799999999935,19.300953366674335,0.05241708606502031,0.5996084717213954,0.0009751508208259876,0.004273123716697557,0.279557792346775,0.2665599261774698,0.013215724
710.9299999999935,19.87701462715682,0.05258506900602886,0.6049845943061801,0.0008959090187123009,0.004272981798344238,0.2804537013654873,0.26740763536890794,0.013215724
711.5995833333268,19.261139276029507,0.052735516587139535,0.6102169462854249,0.0008023870992568839,0.00427285471594307,0.2812560884647442,0.26816681886397514,0.013215724
712.1829166666602,5.676789293837787,0.05286695637275434,0.610883329085626,0.0007010121899456423,0.0042727437095627435,0.2819571006546898,0.26883005860788034,0.013215724
712.6799999999935,0.0,0.05297923852191599,0.6097179399856063,0.0005988381288621423,0.004272648899968839,0.28255593878355195,0.2693966095790379,0.013215724
713.0966666666601,0.0,0.05307355413304413,0.6087390419421127,0.0005030165926834335,0.0042725692747340544,0.2830589553762354,0.269872491029848,0.013215724
713.4441666666601,0.0,0.053152352158057324,0.607921210349741,0.00042025613340369855,0.004272502759931162,0.28347921150963906,0.27027006648881596,0.013215724
713.7387499999934,0.0,0.053219249255186715,0.6072269036746021,0.00035678451802340777,0.004272446297300153,0.28383599602766246,0.2706075886459314,0.013215724
713.9999999999934,0.0,0.05327865063859898,0.6066103984782084,0.0003168073781988049,0.004272396164785542,0.28415280340586124,0.2709072864641262,0.013215724
714.2499999999934,0.0,0.053335556874577944,0.606019794369163,0.00030349992522108507,0.004272348139217052,0.28445630333108235,0.2711943906479506,0.013215724
714.5112499999934,0.0,0.053395086707071854,0.605401966233632,0.0003174924399675131,0.004272297898235751,0.2847737957710499,0.2714947263435142,0.013215724
714.8058333333267,0.0,0.05346228608148758,0.6047045463061897,0.0003583966635505432,0.0042722411803266455,0.2851321924346004,0.2718337496074058,0.013215724
715.1533333333267,0.0,0.053541655150421745,0.6038808333477401,0.0004233017009822166,0.004272174183190942,0.2855554941355826,0.2722341608648732,0.013215724
715.5699999999933,0.0,0.05363696138741441,0.602891732531708,0.0005082999306275825,0.004272093721043855,0.2860637940662102,0.2727149617502776,0.013215724
716.0670833333267,0.0,0.053750861554920946,0.6017096789518711,0.0006074675600348791,0.004271997544145488,0.28667126162624507,0.2732895477700797,0.013215724
716.65041666666,0.0,0.05388480507798651,0.6003196402559536,0.0007143654563496745,0.0042718844213832634,0.28738562708259474,0.27396522100964754,0.013215724
717.3199999999933,5.328948455972431,0.05403893153998842,0.6007043259283578,0.0008220077973435366,0.0042717542283490124,0.2882076348799383,0.2747426736999093,0.013215724
718.0699999999933,14.394192187532072,0.054212056387619105,0.6042729806387886,0.0009233325206970111,0.004271607961075949,0.28913096740063526,0.27561591736561214,0.013215724
718.88916666666,17.617513410953006,0.05440174586662769,0.6088873134034667,0.001011677221379092,0.004271447674138061,0.29014264462201433,0.27657266260301183,0.013215724
719.7612499999933,17.70717834713645,0.05460438741832232,0.6134174604284973,0.0010807549423713808,0.004271276422114786,0.2912233995643857,0.2775946763166158,0.013215724
720.6666666666599,17.239033059891337,0.05481554931576168,0.6177027056295199,0.0011261967863432341,0.004271097955464418,0.29234959635072894,0.2786595977611684,0.013215724
721.5833333333266,17.072759341605597,0.05503015256736662,0.6219182543849499,0.0011445506752263395,0.004270916574526815,0.2934941470259553,0.2797418072905557,0.013215724
722.4887499999932,17.464487946642535,0.05524294295292547,0.6263262553351682,0.0011348820563139032,0.004270736728789771,0.2946290290822692,0.28081480796375535,0.013215724
723.3608333333265,18.304245692589436,0.05544868350995571,0.6311488270215287,0.0010972829708279636,0.004270562852621187,0.29572631205309713,0.28185219640456666,0.013215724
724.1799999999931,19.29972346000564,0.05564265234615499,0.6364848326574268,0.0010345004597294804,0.0042703989425992165,0.2967608125128266,0.2828301722927658,0.013215724
724.9299999999931,19.875573438450512,0.05582085830544678,0.6421879037282999,0.0009504317828895716,0.0042702483742907355,0.29771124429571616,0.2837286242317316,0.013215724
725.5995833333264,19.259857761534825,0.055980461128365674,0.6477304748369195,0.0008512150555674834,0.0042701135467120704,0.2985624593512836,0.2845332460664297,0.013215724
726.1829166666598,5.675509115029486,0.05611989898900183,0.6484364926247724,0.0007436685900594853,0.004269995775329527,0.2993061279413431,0.28523617760595654,0.013215724
726.6799999999931,0.0,0.056239013122907446,0.6472007639182988,0.000635275380829952,0.004269895188104043,0.29994140332217306,0.28583663093160017,0.013215724
727.0966666666598,0.0,0.05633906726482227,0.6461627858639394,0.0005336220902124115,0.004269810710774629,0.30047502541238547,0.2863409868957472,0.013215724
727.4441666666597,0.0,0.05642265949387006,0.6452955976633249,0.000445825221588197,0.004269740142931571,0.30092085063397367,0.2867623498747735,0.013215724
727.738749999993,0.0,0.056493626596797714,0.6445593909404147,0.0003784912156141466,0.004269680239889789,0.30129934184958784,0.2871200653820695,0.013215724
727.9999999999931,0.0,0.056556641851464015,0.6439056822181174,0.00033608135822021625,0.004269627052756161,0.30163542320780806,0.2874376927461467,0.013215724
728.2499999999931,0.0,0.05661701007306474,0.643279438801515,0.00032196384853719454,0.004269576101018897,0.3019573870563453,0.2877419723142119,0.013215724
728.5112499999931,0.0,0.05668016141256603,0.6426243298085781,0.0003368071440068653,0.004269522798960604,0.30229419420035214,0.2880602741631419,0.013215724
728.8058333333264,0.0,0.05675144876187591,0.641884827850434,0.00038019919631945685,0.004269462625441786,0.30267439339667157,0.28841957692496656,0.013215724
729.1533333333264,0.0,0.05683564598094634,0.6410114144930523,0.00044905183504223686,0.004269391546548427,0.3031234452317138,0.28884393844730594,0.013215724
729.569999999993,0.0,0.056936749637101165,0.6399626372719213,0.000539219499492414,0.00426930618247802,0.30366266473120623,0.2893534961689445,0.013215724
730.0670833333263,0.0,0.057057577973316176,0.6387092699799892,0.000644417793146702,0.004269204146540558,0.30430708252435296,0.2899624456677298,0.013215724
730.6504166666597,0.0,0.057199668407104595,0.637235375753022,0.000757815646871577,0.0042690841327696245,0.3050648981712245,0.29067852424782537,0.013215724
731.319999999993,5.32162177154926,0.057363168802923754,0.6376426597813348,0.0008720021110355719,0.004268946009355275,0.30593690028226006,0.29150246372215644,0.013215724
732.069999999993,14.383687031619903,0.05754682232978564,0.6414280518361831,0.0009794854765967037,0.004268790833199141,0.30691638575885677,0.29242791551582475,0.013215724
732.8891666666597,17.61291667052752,0.05774804698587804,0.646325492801042,0.0010731981658261844,0.004268620784216808,0.30798958392468295,0.29344185342409684,0.013215724
733.761249999993,17.70539833735401,0.05796301031413309,0.651134415253095,0.001146471084026896,0.004268439103205113,0.30913605500870983,0.29452495253586725,0.013215724
734.6666666666596,17.23820584672119,0.05818701094559951,0.655683559055005,0.0011946700344876078,0.004268249769161427,0.3103307250431974,0.29565351416026936,0.013215724
735.5833333333262,17.072069345207375,0.05841466098672833,0.6601590653016078,0.0012141335526869978,0.004268057344369071,0.31154485859588443,0.2968003867687205,0.013215724
736.4887499999928,17.463753600117027,0.058640386773956776,0.6648387659851864,0.001203870865218381,0.00426786654924597,0.3127487294611028,0.2979374900876336,0.013215724
737.3608333333261,18.3032606644706,0.05885863306548804,0.6699580075312599,0.0011639802215001268,0.004267682088072202,0.31391270968260293,0.29903684399547453,0.013215724
738.1799999999928,19.298421467031204,0.059064391102484015,0.6756209032004277,0.0010973761973118086,0.004267508200598145,0.31501008587991475,0.3000732278215245,0.013215724
738.9299999999928,19.874047607721895,0.05925342735663379,0.6816703130730175,0.00100819335546548,0.004267348467692404,0.31601827923538023,0.3010253308355947,0.013215724
739.5995833333261,19.258493927157005,0.059422729190536955,0.6875405310093687,0.00090294311415023,0.004267205434191607,0.31692122234953046,0.3018779946394849,0.013215724
740.1829166666595,5.674152835495468,0.05957064010561995,0.6882884258493926,0.0007888582137759259,0.0042670804954221125,0.3177100805633064,0.30262289180358765,0.013215724
740.6799999999928,0.0,0.059696991908638364,0.6869782521034761,0.0006738762827649083,0.004266973786947342,0.3183839568460713,0.3032591892667392,0.013215724
741.0966666666594,0.0,0.0598031253043511,0.6858777462239715,0.0005660447771345813,0.004266884168977745,0.31895000162320586,0.30379365036910927,0.013215724
741.4441666666594,0.0,0.05989179636909651,0.6849583213526933,0.000472912345308816,0.0042668093070862,0.3194229139685147,0.3042401628950786,0.013215724
741.7387499999927,0.0,0.05996707509792554,0.6841777698469438,0.0004014865537548623,0.0042667457590679445,0.31982440052226957,0.30461922784707324,0.013215724
741.9999999999927,0.0,0.06003391875277678,0.6834846870611688,0.0003564994925399777,0.004266689335699019,0.32018090001480953,0.30495581114030823,0.013215724
742.2499999999927,0.0,0.060097954461770985,0.682820725209711,0.0003415237813023495,0.004266635283823024,0.3205224237961119,0.30527824921046365,0.013215724
742.5112499999927,0.0,0.060164942267823464,0.6821261606246188,0.0003572682989465839,0.004266578738706643,0.3208796920950585,0.30561554549660924,0.013215724
742.8058333333261,0.0,0.06024056022548409,0.6813421220235741,0.0004032957741900182,0.004266514904153809,0.3212829878692485,0.30599628832346387,0.013215724
743.153333333326,0.0,0.060329872140715085,0.6804161095456309,0.0004763302145652529,0.004266439500872199,0.3217593180838138,0.3064459705868418,0.013215724
743.5699999999927,0.0,0.0604371172599943,0.6793041757359957,0.0005719739694891541,0.0042663489435180585,0.32233129205330296,0.30698593042698785,0.013215724
744.067083333326,0.0,0.06056528487346581,0.6779753364299422,0.0006835606051814005,0.0042662407003250255,0.32301485265848434,0.30763120912785996,0.013215724
744.6504166666593,0.0,0.060716005590773905,0.6764126978101338,0.0008038438256431885,0.004266113386042465,0.32381869648412753,0.3083900039220252,0.013215724
745.3199999999927,5.313881120438977,0.0608894360223283,0.6768438237832421,0.0009249623016234433,0.004265966861041203,0.32474365878575095,0.3092630882406773,0.013215724
746.0699999999927,14.37256379171905,0.061084242742068064,0.6808587714249918,0.0010389691719454165,0.004265802246733013,0.32578262795769636,0.31024373256500803,0.013215724
746.8891666666593,17.60804715859069,0.061297686677162504,0.6860564249496663,0.0011383676538370036,0.004265621855847001,0.32692099561153337,0.31131813151263044,0.013215724
747.7612499999926,17.703513656495574,0.061525702403630984,0.6911610698552809,0.001216083874498541,0.004265429126481749,0.32813707948603194,0.3124658057287136,0.013215724
748.6666666666592,17.237330287330412,0.061763302900854425,0.6959901791574932,0.0012672026518583818,0.0042652282797643335,0.3294042821378903,0.3136616419603154,0.013215724
749.5833333333259,17.071339036128393,0.06200477304808291,0.7007415142457775,0.0012878407852186062,0.004265024155485551,0.3306921229231089,0.3148768692068937,0.013215724
750.4887499999925,17.462976352471436,0.062244200802501364,0.7057094872193004,0.0012769480235650464,0.00426482176107897,0.33196907094667394,0.3160817334571791,0.013215724
751.3608333333258,18.30221807287345,0.06247569379064058,0.7111434208322902,0.0012346292700758637,0.004264626086749592,0.3332037002167498,0.31724658794023586,0.013215724
752.1799999999924,19.297043449121166,0.06269393940923466,0.7171528926177533,0.0011639766325017796,0.004264441629834681,0.33436767684925156,0.3183447107669715,0.013215724
752.9299999999924,19.872432491750036,0.06289444742590009,0.7235691188650124,0.0010693760888822346,0.004264272188663575,0.3354370529381338,0.31935352369856046,0.013215724
753.5995833333258,19.257042492379902,0.06307402264544085,0.7297852724422552,0.0009577345042174047,0.0042641204625183,0.3363947874423512,0.32025696776131163,0.013215724
754.1829166666591,5.672716162607696,0.06323090832038829,0.730577399100172,0.0008367235997197014,0.004263987931296397,0.3372315110420709,0.32104622191547005,0.013215724
754.6799999999924,0.0,0.06336492629810235,0.7291884528448653,0.0007147625478083923,0.004263874738591189,0.3379462735898793,0.3217204056229684,0.013215724
755.0966666666591,0.0,0.06347749883346449,0.7280217849113702,0.0006003868552646238,0.004263779675179261,0.3385466604451439,0.32228668670119887,0.013215724
755.444166666659,0.0,0.0635715493708946,0.7270470876285035,0.000501602866293959,0.0042637002646549555,0.3390482633114379,0.32275978111777165,0.013215724
755.7387499999924,0.0,0.06365139493040721,0.7262196144854451,0.00042584298406721184,0.004263632855573093,0.3394741062955051,0.3231614112767628,0.013215724
755.9999999999924,0.0,0.06372229357433462,0.7254848698190466,0.0003781261009462574,0.004263573004125026,0.33985223239645135,0.3235180298422151,0.013215724
756.2499999999924,0.0,0.06379021382360388,0.7247809980839836,0.0003622413294360351,0.004263515668344541,0.34021447372588737,0.323859660247842,0.013215724
756.5112499999924,0.0,0.06386126513703128,0.7240446857053912,0.00037894033827950047,0.004263455687943311,0.3405934140641669,0.3242170322881549,0.013215724
756.8058333333257,0.0,0.06394146997134922,0.7232135232897304,0.00042775911636233204,0.004263387975368123,0.3410211731805292,0.32462043558745335,0.013215724
757.1533333333257,0.0,0.06403619922886844,0.7222318564596615,0.0005052227067691898,0.0042633079914112144,0.3415263958872984,0.325096879710753,0.013215724
757.5699999999923,0.0,0.06414994918249242,0.7210530980212392,0.000606666419327875,0.004263211933016653,0.34213306230662627,0.3256689717298475,0.013215724
758.0670833333256,0.0,0.06428589027152715,0.719644404006363,0.0007250191415185611,0.004263097114759932,0.34285808144814484,0.3263526466032051,0.013215724
758.650416666659,0.0,0.06444575178668457,0.7179878684116214,0.0008525947475061849,0.004262962067428896,0.34371067619565104,0.3271565874504404,0.013215724
759.3199999999923,5.305705815585285,0.06462969957193168,0.7184441381309012,0.0009810548546512305,0.004262806643137064,0.34469173105030226,0.3280816114332612,0.013215724
760.0699999999923,14.36078845285272,0.06483631904262538,0.7227021739762038,0.0011019705103664907,0.004262632031656041,0.34579370156066874,0.3291205861399979,0.013215724
760.889166666659,17.602889560261943,0.06506270473250293,0.7282181432963366,0.0012073903460136088,0.00426244068642365,0.3470010919066823,0.33025888242229684,0.013215724
761.7612499999923,17.70151854403796,0.06530454444559479,0.7336364604233723,0.0012898118031565472,0.004262236254550357,0.3482909037098389,0.33147480060597784,0.013215724
762.6666666666589,17.23640375716213,0.06555654859958072,0.7387625558054267,0.0013440221545916564,0.0042620232136492495,0.34963492586443057,0.3327417323031399,0.013215724
763.5833333333255,17.070566227650865,0.06581265549264097,0.7438065387634853,0.0013659034296546657,0.004261806697457769,0.3510008292940852,0.334029194945523,0.013215724
764.4887499999921,17.46215387695681,0.06606659470576014,0.7490803441845342,0.0013543424699689135,0.004261592017413566,0.3523551717640541,0.33530566574392373,0.013215724
765.3608333333254,18.301114793811806,0.06631211682692494,0.7548480568603557,0.0013094513128789073,0.004261384466556563,0.353664623076933,0.3365397367803336,0.013215724
766.1799999999921,19.295585288384252,0.06654358748264583,0.7612249323508743,0.0012345101638447352,0.004261188815031775,0.35489913324077776,0.33770309996257647,0.013215724
766.9299999999921,19.87072323419149,0.06675624460607761,0.7680295927313141,0.0011341713249695246,0.004261009091466964,0.3560333045657473,0.3387718379113244,0.013215724
767.5995833333254,19.255497857986647,0.0669466996988323,0.7746108599480419,0.0010157604946916868,0.0042608481586946505,0.357049065060439,0.3397289403087311,0.013215724
768.1829166666588,5.6711945908748165,0.06711308988040932,0.7754496898268576,0.0008874143017440554,0.004260707586155291,0.35793647936218304,0.34056506482025295,0.013215724
768.6799999999921,0.0,0.06725522648204663,0.7739774117641407,0.000758061875398993,0.004260587525920451,0.35869454123758204,0.3412792810075708,0.013215724
769.0966666666587,0.0,0.0673746181477174,0.7727407529202894,0.0006367555502441271,0.004260486695206464,0.35933129678782616,0.3418791843011779,0.013215724
769.4441666666587,0.0,0.06747436558652854,0.7717075849527334,0.0005319863403260874,0.004260402467220578,0.35986328312815224,0.34238036592840776,0.013215724
769.738749999992,0.0,0.06755904743337263,0.7708304753856666,0.0004516365165017632,0.004260330968899364,0.360314919644654,0.3428058389789728,0.013215724
769.999999999992,0.0,0.06763424030732619,0.7700516585848229,0.0004010286610857016,0.004260267486797435,0.3607159483057397,0.3431836271187308,0.013215724
770.249999999992,0.0,0.0677062742677975,0.7693055682593615,0.0003841811225136296,0.004260206673068982,0.36110012942825337,0.3435455363216787,0.013215724
770.5112499999921,0.0,0.06778162880347112,0.7685250932592106,0.00040189085692597556,0.004260143054406587,0.36150202028517936,0.3439241204649036,0.013215724
770.8058333333254,0.0,0.06786669108636444,0.7676440814777771,0.0004536655087642791,0.004260071234688145,0.36195568579394366,0.3443514667375729,0.013215724
771.1533333333253,0.0,0.06796715722176297,0.7666035416870091,0.0005358193887922208,0.004259986399441304,0.3624915051827359,0.3448561871395487,0.013215724
771.569999999992,0.0,0.06808779565533832,0.7653540944864368,0.0006434049790684864,0.00425988451504797,0.3631349101618044,0.3454622293610526,0.013215724
772.0670833333253,0.0,0.06823196863886076,0.763860928846282,0.0007689225787863833,0.004259762733366006,0.36390383274059074,0.34618647242242095,0.013215724
772.6504166666587,0.0,0.06840150993612645,0.762105068434949,0.0009042202520836968,0.004259619496285694,0.36480805299267444,0.3470381125816702,0.013215724
773.319999999992,5.297074475613108,0.06859659513566926,0.762587843389722,0.0010404543975616176,0.004259454647203895,0.36584850739023606,0.34801801291821344,0.013215724
774.069999999992,14.34832543045719,0.06881572367210938,0.767103248669836,0.0011686855276806219,0.004259269448320336,0.3670171929179167,0.34911861502827723,0.013215724
774.8891666666586,17.597427812392464,0.06905581383950221,0.7729566896894393,0.0012804808927618617,0.004259066502121167,0.3682976738106785,0.3503244191107382,0.013215724
775.761249999992,17.699406972193437,0.06931229209186797,0.7787076871891542,0.0013678840126172852,0.004258849677095685,0.3696655578232958,0.35161243592420605,0.013215724
776.6666666666586,17.23542351433079,0.0695795484305233,0.7841487962065224,0.001425367139495123,0.00425862372250267,0.37109092496279095,0.3529544772667582,0.013215724
777.5833333333252,17.069748635519584,0.06985115413977092,0.7895032474120572,0.0014485637826539438,0.004258394083383469,0.3725394887454449,0.35431825223206354,0.013215724
778.4887499999918,17.461283743096423,0.07012045931475887,0.7951014887324451,0.001436294266602457,0.0042581663931151904,0.37397578301204737,0.3556703694066018,0.013215724
779.3608333333251,18.29994756379853,0.07038083649246302,0.8012231911476045,0.0013886782810887555,0.00425794626542351,0.3753644612931361,0.35697756046668444,0.013215724
780.1799999999918,19.29404268413949,0.07062631060978404,0.8079894998513621,0.0013091952923787488,0.004257738759327222,0.3766736565855149,0.3582098418675751,0.013215724
780.9299999999918,19.86891476124441,0.07085183179819961,0.8152054067545167,0.0012027796715497045,0.004257548147301497,0.3778764362570646,0.35934188187843996,0.013215724
781.5995833333251,19.253854092444747,0.07105380691831018,0.8221718818951527,0.0010772006405897108,0.004257377465337328,0.37895363689765427,0.3603556655479923,0.013215724
782.1829166666585,5.669583395169325,0.07123026075014977,0.8230600068880035,0.0009410871031445011,0.004257228377662605,0.37989472400079877,0.36124130020583634,0.013215724
782.6799999999918,0.0,0.0713809935251802,0.8214995959583332,0.0008039081334956003,0.004257101045297062,0.3806986321342944,0.36199780300201106,0.013215724
783.0966666666584,0.0,0.0715076053871914,0.8201889143890089,0.0006752632640598181,0.004256994107538251,0.3813738953983542,0.3626332213072755,0.013215724
783.4441666666584,0.0,0.07161338475799461,0.8190939079798969,0.0005641566442837186,0.004256904778328451,0.3819380520426379,0.3631640710721038,0.013215724
783.7387499999917,0.0,0.07170318728804201,0.8181643033745745,0.0004789468269194324,0.004256828949919084,0.3824169988695574,0.36361472885050683,0.013215724
783.9999999999917,0.0,0.07178292689500079,0.8173388765189331,0.0004252779037802392,0.004256761623339082,0.3828422767733376,0.36401487780236796,0.013215724
784.2499999999917,0.0,0.0718593164396684,0.8165481366323818,0.00040741090489396047,0.004256697126844941,0.38324968767823153,0.3643982067840253,0.013215724
784.5112499999917,0.0,0.07193922719711252,0.8157209563237828,0.0004261907063685895,0.004256629655676363,0.3836758783846001,0.3647991963862556,0.013215724
784.805833333325,0.0,0.07202943249296333,0.8147872253453387,0.00048109491120437064,0.0042565534869754805,0.38415697329580445,0.36525183245349535,0.013215724
785.153333333325,0.0,0.07213597274432428,0.813684423646644,0.0005682146739250637,0.004256463514805104,0.3847251879697295,0.36578641947826496,0.013215724
785.5699999999916,0.0,0.07226390455330568,0.812360219108809,0.0006823029812341984,0.004256355461423332,0.38540749095096366,0.3664283210348658,0.013215724
786.067083333325,0.0,0.07241679323545382,0.8107777207432382,0.0008154063047900225,0.004256226306410448,0.3862228972557537,0.3671954130956465,0.013215724
786.6504166666583,0.0,0.0725965831369118,0.8089168207207728,0.0009588794744425561,0.004256074397552253,0.38718177673019627,0.3680974336436694,0.013215724
787.3199999999916,5.287965046956566,0.07280346012582303,0.8094275234369935,0.0011033439408599153,0.004255899569047746,0.3882851206710562,0.36913529393649624,0.013215724
788.0699999999916,14.33513753828303,0.07303583256230065,0.8142153631494348,0.0012393196612139417,0.0042557031598226235,0.3895244403322701,0.3703009852829515,0.013215724
788.8891666666583,17.591645081696047,0.07329043210494667,0.8204265405161218,0.0013578642274454217,0.004255487930217243,0.39088230455971557,0.37157808795740765,0.013215724
789.7612499999916,17.697172639957408,0.07356240846926466,0.826530343142795,0.0014505406096960009,0.004255257983155467,0.3923328451694116,0.372942250407482,0.013215724
790.6666666666582,17.234386697610756,0.07384581239532212,0.8323055561403482,0.0015114876056397716,0.004255018355543706,0.3938443327750514,0.37436361568385107,0.013215724
791.5833333333248,17.06888387630093,0.07413382659000756,0.8379893536217434,0.001536075704988984,0.004254774822046708,0.39538040848004036,0.3758079829310493,0.013215724
792.4887499999915,17.460363414950457,0.07441939938717285,0.8439317359786903,0.001523054918214838,0.00425453335690873,0.3969034633982552,0.37723998729035274,0.013215724
793.3608333333248,18.298712977482726,0.07469550310219744,0.8504288240863175,0.0014725531467978056,0.004254299913377642,0.398376016545053,0.37862439584845753,0.013215724
794.1799999999914,19.29241114999487,0.07495580202245268,0.8576078602633694,0.0013882609080279817,0.0042540798562972605,0.39976427745308096,0.3799294559488558,0.013215724
794.9299999999914,19.867001778036776,0.0751949416343998,0.8652590765612987,0.001275411263717998,0.004253877716283904,0.40103968871679896,0.38112834259951683,0.013215724
795.5995833333247,19.252104918970627,0.07540911219981225,0.8726317960120943,0.0011422430155330163,0.004253696712621385,0.40218193173233197,0.3822019803238095,0.013215724
796.1829166666581,5.667877624271167,0.07559621961580702,0.8735719322364545,0.0009979062186388592,0.004253538609854828,0.40317983795097084,0.38313989567635914,0.013215724
796.6799999999914,0.0,0.0757560524027319,0.8719183355848452,0.0008524415302659065,0.004253403578444203,0.40403227948123677,0.3839410507977026,0.013215724
797.096666666658,0.0,0.07589030759997936,0.8705293881019666,0.0007160277186531521,0.004253290175166241,0.4047483071998899,0.384613970561928,0.013215724
797.444166666658,0.0,0.07600247236792286,0.869368998990732,0.00059821209569873,0.004253195445328501,0.4053465192955886,0.3851761475774638,0.013215724
797.7387499999913,0.0,0.07609769562260202,0.8683838909527247,0.0005078573582888242,0.004253115032708427,0.40585437665387747,0.3856533982571822,0.013215724
797.9999999999914,0.0,0.0761822483543493,0.8675091831751933,0.0004509479026521777,0.00425304363604366,0.4063053245565296,0.38607715813206134,0.013215724
798.2499999999914,0.0,0.07626324865835693,0.8666712354393492,0.00043200162137400173,0.004252975240681562,0.40673732617790365,0.3864831042465314,0.013215724
798.5112499999914,0.0,0.07634798254911453,0.8657946739950019,0.00045191408404048056,0.004252903690959577,0.40718924026194414,0.38690775160683827,0.013215724
798.8058333333247,0.0,0.07644363212249175,0.8648052037523677,0.0005101310580119167,0.004252822918116902,0.40769937131995604,0.38738709079146055,0.013215724
799.1533333333247,0.0,0.07655660226563843,0.8636365738338376,0.0006025074301156515,0.004252727507659991,0.4083018787500717,0.3879532132798749,0.013215724
799.5699999999913,0.0,0.07669225459737497,0.8622333305170969,0.0007234791025948926,0.004252612923416379,0.4090253578526666,0.3886329774940208,0.013215724
800.0670833333246,0.0,0.07685436936372816,0.8605563840911193,0.0008646120872169527,0.004252475962604979,0.4098899699398835,0.38944531183278136,0.013215724
800.650416666658,0.0,0.07704500793418875,0.85858443091422,0.001016739042456538,0.004252314873416916,0.41090670898234005,0.39040052596722413,0.013215724
801.3199999999913,5.278354833795628,0.07726436701615877,0.859124546150476,0.0011699151038400875,0.004252129480349694,0.4120766240861801,0.3914995816643047,0.013215724
802.0699999999913,14.321185961793972,0.07751075851645747,0.8642007050398085,0.0013140880015930227,0.004251921203593759,0.41339071208777317,0.3927339944084442,0.013215724
802.889166666658,17.585523744377923,0.07778071648648413,0.8707910505109551,0.001439775840142231,0.004251692970638333,0.4148304879279154,0.3940863728074424,0.013215724
803.7612499999913,17.694808967963358,0.07806909766562102,0.8772689604635301,0.0015380329553967601,0.004251449132619241,0.41636852088331217,0.39553092663656336,0.013215724
804.6666666666579,17.233290324865273,0.07836959365071662,0.8833984889576635,0.0016026452538431724,0.0042511950309746865,0.41797116613715535,0.39703603686611455,0.013215724
805.5833333333245,17.067969466112864,0.07867497582379601,0.8894316273916946,0.001628704923090109,0.004250936789319943,0.41959987106024543,0.3985654860772743,0.013215724
806.4887499999911,17.459390249776586,0.07897776726160691,0.8957390187620241,0.0016148876683247633,0.004250680742732911,0.42121475872857017,0.400081826006507,0.013215724
807.3608333333244,18.297407485816404,0.07927051667537055,0.9026341381353884,0.0015613302067394432,0.004250433203851706,0.4227760889353096,0.40154774988174197,0.013215724
808.1799999999911,19.29068601164914,0.07954650665437901,0.9102505260329593,0.0014719465547118578,0.004250199861222603,0.42424803549002144,0.40292963772518364,0.013215724
808.9299999999911,19.864978765883624,0.07980006028038579,0.9183624221976828,0.0013522860053694656,0.0042499855186758926,0.4256003214953909,0.4041990885597053,0.013215724
809.5995833333244,19.250243703597654,0.08002713861033701,0.926163388627284,0.0012110844264065475,0.0042497935894728785,0.42681140592179745,0.40533590780999723,0.013215724
810.1829166666578,5.6660720948244405,0.08022552176295437,0.9271583800010749,0.0010580434806258547,0.004249625944303766,0.42786944940242333,0.40632900937898936,0.013215724
810.6799999999911,0.0,0.08039498590775182,0.9254062828920359,0.0009038087722530728,0.004249482763583498,0.4287732581746764,0.4071772977157753,0.013215724
811.0966666666577,0.0,0.08053733067427177,0.9239346064789292,0.0007591720881064122,0.004249362516710699,0.42953243026278276,0.4078898020407755,0.013215724
811.4441666666577,0.0,0.08065625359228251,0.9227051068478522,0.0006342555627239858,0.004249262070473429,0.43016668582550677,0.40848504610912845,0.013215724
811.738749999991,0.0,0.08075721398235307,0.921661331222229,0.0005384554137096202,0.004249176805630682,0.4307051412392164,0.40899036632104196,0.013215724
811.999999999991,0.0,0.08084686076169047,0.9207345334047771,0.0004781161564661383,0.0042491011009457265,0.43118325739568253,0.4094390479820279,0.013215724
812.249999999991,0.0,0.08093274091716125,0.9198466871378521,0.00045802749584422143,0.0042490285788059235,0.43164128489152676,0.40986886675310863,0.013215724
812.511249999991,0.0,0.08102257940754284,0.9189179302855184,0.000479138615368483,0.004248952712134391,0.4321204235068952,0.41031848499007384,0.013215724
812.8058333333244,0.0,0.08112399094823484,0.9178695444944819,0.0005408615503572407,0.004248867066053658,0.4326612850572525,0.4108260092307531,0.013215724
813.1533333333243,0.0,0.08124376615234889,0.9166313356246187,0.000638801088608307,0.004248765899489915,0.4333000861458608,0.4114254170120079,0.013215724
813.569999999991,0.0,0.08138758943248299,0.9151445507626516,0.0007670574940485144,0.004248644402753993,0.43406714363990934,0.4121451443799266,0.013215724
814.0670833333243,0.0,0.0815594684752403,0.9133677766172543,0.0009166882280389236,0.004248499180071902,0.43498383186794826,0.4130052302972849,0.013215724
814.6504166666576,0.0,0.08176158846097255,0.9112784461559135,0.0010779732572386905,0.0042483283742539785,0.43606180512518694,0.4140165875013871,0.013215724
815.319999999991,5.268220536771313,0.08199415752110026,0.9118495219185667,0.0012403683206810812,0.004248131799569656,0.437302173445868,0.41518023066731935,0.013215724
816.069999999991,14.306430238183783,0.08225538543153196,0.9172307411847768,0.0013932155223024428,0.004247910962265558,0.43869538896817045,0.4164871726311884,0.013215724
816.8891666666576,17.57904536766163,0.0825415970615584,0.9242229142767311,0.0015264620268077317,0.004247668966786312,0.4402218509949782,0.4179189960381888,0.013215724
817.7612499999909,17.692309094311057,0.08284733904812717,0.9310974746947109,0.0016306239283668104,0.004247410427012544,0.441852474923345,0.41944839189379207,0.013215724
818.6666666666575,17.232131291995888,0.08316592287779209,0.9376027123644618,0.0016991137582128516,0.0042471410067215845,0.44355158868155786,0.42104188121439157,0.013215724
819.5833333333242,17.06700281979237,0.08348968462189703,0.944006364829509,0.001726729301892966,0.004246867198860438,0.44527831798345086,0.42266111824330654,0.013215724
820.4887499999908,17.458361497158023,0.0838106973281458,0.9507008600023151,0.0017120677666601243,0.004246595720393596,0.44699038575011096,0.4242664560555483,0.013215724
821.3608333333241,18.296027394846185,0.0841210614540082,0.9580179729558405,0.0016552753379327973,0.00424633326429602,0.44864566108804377,0.42581839951229683,0.013215724
822.1799999999907,19.288862405545586,0.0844136557043939,0.966097734409655,0.0015605026687237037,0.00424608586166203,0.4502061637567675,0.42728135842010234,0.013215724
822.9299999999907,19.8628399805744,0.08468246203925966,0.9746970467237186,0.0014336337859507794,0.00424585860542276,0.45163979754271827,0.4286252691685447,0.013215724
823.5995833333241,19.24826344463212,0.08492319902781947,0.9829492512381429,0.0012839306056522636,0.004245655114076475,0.4529237281483705,0.42982875675427124,0.013215724
824.1829166666574,5.664161385816965,0.08513351374765107,0.9840020728540626,0.001121678505768601,0.004245477370597274,0.4540454066541391,0.4308800890773868,0.013215724
824.6799999999907,0.0,0.0853131693487076,0.9821458885929719,0.0009581632056347849,0.004245325565892961,0.4550035698597739,0.4317781101328427,0.013215724
825.0966666666574,0.0,0.08546407405806174,0.9805867919558395,0.000804825116555378,0.004245198076859473,0.4558083949763293,0.43253238165341973,0.013215724
825.4441666666573,0.0,0.08559014803846038,0.9792842633837042,0.0006723945621260881,0.004245091581341855,0.4564807895384554,0.433162515663429,0.013215724
825.7387499999907,0.0,0.08569717908331677,0.9781784942815921,0.0005708322392340925,0.00424500118174604,0.4570516217776895,0.43369745252630704,0.013215724
825.9999999999907,0.0,0.08579221602001393,0.9771966537578096,0.0005068636623848578,0.00424492091821868,0.4575584854400743,0.4341724293877047,0.013215724
826.2499999999907,0.0,0.08588325966399181,0.9762560808154039,0.00048556610121533314,0.0042448440290497194,0.45804405154128963,0.434627436228895,0.013215724
826.5112499999907,0.0,0.08597849943149055,0.9752721705413528,0.0005079454266600006,0.00424476359412513,0.4585519969679496,0.4351034010762861,0.013215724
826.805833333324,0.0,0.08608600779490398,0.9741615307293116,0.0005733779382049784,0.004244672791143211,0.4591253749061546,0.4356406629501224,0.013215724
827.153333333324,0.0,0.08621298349620954,0.9728498007146201,0.0006772037402962453,0.00424456553345158,0.45980257864645085,0.4362751892245176,0.013215724
827.5699999999906,0.0,0.08636545247665106,0.9712747417747265,0.0008131678956881246,0.004244436721943911,0.460615746542139,0.4370370802687232,0.013215724
828.0670833333239,0.0,0.08654766304542408,0.969392485859413,0.0009717897001227973,0.004244282756649681,0.4615875362422618,0.43794754648391393,0.013215724
828.6504166666573,0.0,0.08676193134277371,0.9671791315873556,0.00114276425253133,0.004244101668903528,0.46273030049479313,0.43901813650344,0.013215724
829.3199999999906,5.257538301515803,0.08700847753443043,0.9677827799344357,0.0013149130221692077,0.004243893262196887,0.4640452135169623,0.44024992037246496,0.013215724
830.0699999999906,14.290828244268056,0.08728540327474149,0.9734866945454391,0.001476937281658929,0.004243659133888663,0.46552215079862125,0.44163338012356884,0.013215724
830.8891666666573,17.57219069366552,0.08758881204498527,0.9809046454390713,0.0016181801079668645,0.004243402575721015,0.46714033090658813,0.44314901550832225,0.013215724
831.7612499999906,17.68966587155259,0.08791292232414386,0.9881997065700203,0.001728588155512471,0.004243128479642171,0.4688689190621006,0.44476791481483136,0.013215724
832.6666666666572,17.230906372499895,0.08825064338723561,0.995103292884451,0.0018011790031560123,0.004242842850540942,0.4706700980652566,0.44645463655635964,0.013215724
833.5833333333238,17.065981250574072,0.08859385071515964,1.0018998754171509,0.0018304390822615378,0.004242552572178805,0.47250053714751816,0.44816858955366773,0.013215724
834.4887499999904,17.45727429867716,0.08893414122162462,1.0090048628283772,0.0018148827011464912,0.004242264765594777,0.47431541984866465,0.44986780751620975,0.013215724
835.3608333333237,18.29456886523537,0.08926314113763893,1.0167693183300737,0.0017546662187430445,0.004241986526173728,0.4760700860674077,0.4515104870462644,0.013215724
836.1799999999904,19.28693527851992,0.08957330190968153,1.0253399426705119,0.001654190784227155,0.004241724247414391,0.4777242768516348,0.45305896002882756,0.013215724
836.9299999999904,19.86057945186959,0.08985824465970012,1.0344548323211071,0.001519694666765845,0.004241483328085254,0.47924397151840065,0.4544814095446083,0.013215724
837.5995833333237,19.24615676394913,0.09011343148021948,1.0431822741617314,0.0013609963761033411,0.004241267603780638,0.48060496789450396,0.4557552160075801,0.013215724
838.1829166666571,5.662139833706428,0.09033636876223951,1.044296035411768,0.001188998837440128,0.004241079176221397,0.4817939667319441,0.4568679664560283,0.013215724
838.6799999999904,0.0,0.09052680593788079,1.0423298953393667,0.0010156649367535076,0.004240918247369636,0.4828096316686976,0.4578184415916763,0.013215724
839.096666666657,0.0,0.09068676616637064,1.0406784505220184,0.0008531212186125436,0.004240783096214382,0.48366275288731014,0.45861676519041217,0.013215724
839.444166666657,0.0,0.09082040516811038,1.0392987769919129,0.0007127413426119776,0.0042406702006712125,0.4843754942299221,0.45928369737790575,0.013215724
839.7387499999903,0.0,0.09093385824827266,1.038127520863943,0.0006050830941988165,0.00424057436863311,0.4849805773241209,0.4598498704116766,0.013215724
839.9999999999903,0.0,0.09103459730666734,1.0370875361639418,0.0005372749781048945,0.0042404892819862304,0.4855178523022258,0.4603525801335729,0.013215724
840.2499999999903,0.0,0.09113110326016717,1.0360912659112036,0.0005146984186658132,0.004240407772651153,0.48603255072089163,0.4608341519676452,0.013215724
840.5112499999904,0.0,0.09123205686144045,1.0350490952073932,0.0005384192067908302,0.0042403225046941835,0.48657096992768245,0.4613379034646649,0.013215724
840.8058333333237,0.0,0.09134601482198891,1.0338726947921713,0.0006077757895917743,0.004240226245939913,0.4871787457172742,0.4619065280902951,0.013215724
841.1533333333236,0.0,0.09148060761268707,1.0324833029951073,0.0007178282170569208,0.004240112544141975,0.4878965739343311,0.46257809167030217,0.013215724
841.5699999999903,0.0,0.09164222243776907,1.0308149993105478,0.0008619457337705697,0.004239975994026557,0.4887585196681017,0.46338444962109115,0.013215724
842.0670833333236,0.0,0.09183536211191617,1.0288213232066021,0.001030078262117955,0.00423981277962615,0.4897885979302196,0.4643480474629188,0.013215724
842.650416666657,0.0,0.09206248126099471,1.0264769645015326,0.0012113021284189125,0.004239620814382991,0.4909999000586385,0.46548110403956944,0.013215724
843.3199999999903,5.246283778097252,0.09232381272118835,1.0271148621028654,0.0013937677876994052,0.0042393998904368835,0.4923936678463379,0.4667847472860705,0.013215724
844.0699999999903,14.274336193649667,0.09261734370703423,1.0331600385632216,0.001565498591177999,0.00423915170159214,0.4939591664375159,0.46824889890180926,0.013215724
844.8891666666569,17.564939626138123,0.09293894344646789,1.0410290732169996,0.0017151986103128125,0.0042388797377903705,0.49567436504782875,0.46985291610126534,0.013215724
845.7612499999902,17.686871865040917,0.09328248323446993,1.0487698612551273,0.0018322122026775559,0.004238589185195349,0.4975065772505063,0.47156619654931636,0.013215724
846.6666666666569,17.229612217732644,0.09364044684917573,1.0560957477484236,0.001909139278431009,0.0042382864095873735,0.4994157165289373,0.47335122890383224,0.013215724
847.5833333333235,17.06490197036029,0.09400422255081564,1.0633089867381778,0.0019401370754127609,0.00423797870817492,0.5013558536043501,0.4751650540275319,0.013215724
848.4887499999901,17.45612568822085,0.09436490362336063,1.0708492181958367,0.0019236323869066335,0.004237673629443787,0.5032794859912567,0.47696325997242706,0.013215724
849.3608333333234,18.293027912632077,0.09471361471861865,1.0790878245657933,0.0018597925080427638,0.004237378694436879,0.5051392784992995,0.47870160967076747,0.013215724
850.1799999999901,19.284899388597747,0.0950423554121719,1.0881783407393593,0.001753283698950719,0.004237100679967739,0.5068925621982502,0.48034024445180135,0.013215724
850.9299999999901,19.858190984404754,0.09534436523038274,1.0978384535452064,0.0016107190304578297,0.004236845308264392,0.508503281228708,0.4818454992901092,0.013215724
851.5995833333234,19.243915900655633,0.09561483506462605,1.1070661568552487,0.0014425057826309771,0.004236616644501023,0.509945787011339,0.4831934429745105,0.013215724
852.1829166666568,5.660001528331078,0.09585112257569119,1.1082441042529272,0.0012602000590141045,0.004236416915945335,0.511205987070353,0.484370945285271,0.013215724
852.6799999999901,0.0,0.09605296274962051,1.1061618478896063,0.0010764809276230644,0.004236246336199018,0.512282467997976,0.4853767207209689,0.013215724
853.0966666666567,0.0,0.09622250035437425,1.104412882016021,0.0009042005586866869,0.0042361030806477296,0.5131866685566627,0.4862214860358674,0.013215724
853.4441666666567,0.0,0.09636414028258648,1.1029517430313394,0.0007554129504652537,0.004235983415703589,0.513942081507128,0.4869272120700838,0.013215724
853.73874999999,0.0,0.09648438540255447,1.1017113328339552,0.0006413073064959195,0.004235881837725767,0.5145833888136239,0.48752631496097204,0.013215724
853.99999999999,0.0,0.09659115507828955,1.100609948512494,0.0005694382705870973,0.004235791649651305,0.515152827084211,0.488058261011846,0.013215724
854.24999999999,0.0,0.09669343799404308,1.0995548628766878,0.0005455088840188176,0.0042357052535762895,0.5156983359682298,0.4885678377636336,0.013215724
854.51124999999,0.0,0.09680043454193044,1.0984511705727729,0.0005706482553992288,0.00423561487375552,0.516268984223629,0.4891008818121492,0.013215724
854.8058333333233,0.0,0.09692121355654953,1.0972053290380652,0.000644154744635199,0.004235512844499727,0.5169131389682642,0.4897025686022218,0.013215724
855.1533333333233,0.0,0.0970638620856127,1.0957339295103,0.0007607921550035449,0.004235392326892774,0.5176739311232678,0.49041317597498363,0.013215724
855.5699999999899,0.0,0.0972351493723437,1.09396716405281,0.0009135321958987763,0.004235247591857187,0.5185874633191665,0.49126640923657483,0.013215724
856.0670833333232,0.0,0.09743984734994464,1.091855835166518,0.0010917225472048776,0.004235074595006191,0.5196791858663714,0.4922860155756618,0.013215724
856.6504166666566,0.0,0.0976805570475997,1.089373145813618,0.001283785054160433,0.004234871125138043,0.5209629709205318,0.49348491987440124,0.013215724
857.3199999999899,5.234432192535708,0.09795752463414097,1.0900470342327064,0.001477160461553353,0.004234636962443305,0.5224401313820851,0.4948643105287227,0.013215724
858.0699999999899,14.25690864471151,0.09826861622356081,1.0964530086333688,0.0016591551435726226,0.0042343739027944985,0.5240992865256577,0.49641351795927413,0.013215724
858.8891666666566,17.557271220623196,0.09860945323677005,1.1047998560293972,0.0018177974037826736,0.004234085645819,0.5259170839294404,0.49811069441469735,0.013215724
859.7612499999899,17.68391935286655,0.09897353974628659,1.1130130446034008,0.0019417947174213506,0.004233777688904993,0.5278588786468618,0.4999234549718696,0.013215724
860.6666666666565,17.2282453579794,0.09935290951327054,1.120786563790191,0.0020233054239144673,0.004233456779555126,0.5298821840707763,0.5018121061603396,0.013215724
861.5833333333231,17.063762090670743,0.09973843553936769,1.1284415662294935,0.0020561388058515165,0.004233130652256043,0.5319383228766278,0.503731192769641,0.013215724
862.4887499999897,17.454912593011166,0.1001206785338344,1.1364432295404197,0.002038629303822387,0.004232807307546867,0.5339769521804502,0.5056337251869661,0.013215724
863.3608333333231,18.29140040900974,0.10049023277901153,1.145184329907126,0.001970955974278127,0.004232494716600795,0.5359479081547283,0.5074729016226799,0.013215724
864.1799999999897,19.282749307112052,0.10083862007757315,1.15482538069108,0.0018580655923286157,0.004232200061554298,0.5378059737470569,0.5092065551832671,0.013215724
864.9299999999897,19.85566816022015,0.10115867651879655,1.165061907165321,0.001706967686524757,0.0042319294066390945,0.5395129414335816,0.5107990737346991,0.013215724
865.599583333323,19.241532707729537,0.1014453063033321,1.1748159343056228,0.0015286921841896521,0.00423168705974297,0.5410416336177712,0.5122251444558187,0.013215724
866.1829166666564,5.657740309759812,0.10169570990440409,1.1760614539491183,0.0013354858723839448,0.004231475380831011,0.5423771194901552,0.5134708819110614,0.013215724
866.6799999999897,0.0,0.1019096071034548,1.1738566193765914,0.001140785061603809,0.004231294595753812,0.543517904551759,0.5145349314219845,0.013215724
867.0966666666563,0.0,0.10208927131067108,1.1720047065950547,0.0009582091051535437,0.004231142770292133,0.5444761136569125,0.5154286350983674,0.013215724
867.4441666666563,0.0,0.1022393709245663,1.1704575704654296,0.000800531274107762,0.00423101594716821,0.5452766449310202,0.5161752399538849,0.013215724
867.7387499999896,0.0,0.10236679748267388,1.1691441599725445,0.0006796083099071795,0.004230908293289477,0.5459562532409274,0.5168090421368629,0.013215724
867.9999999999897,0.0,0.10247994348557855,1.167977961567056,0.0006034453488248832,0.004230812710866979,0.5465596985897523,0.5173717951935266,0.013215724
868.2499999999897,0.0,0.10258833450160292,1.1668607902153099,0.000578085418796654,0.00423072114748486,0.547137784008549,0.5179108811264761,0.013215724
868.5112499999897,0.0,0.10270172034816896,1.1656921559423732,0.0006047245150189409,0.004230625362335178,0.5477425085235679,0.5184747908843939,0.013215724
868.805833333323,0.0,0.10282971132655137,1.1643730131628278,0.0006826185513729004,0.004230517231334812,0.5484251270749407,0.5191113151125665,0.013215724
869.153333333323,0.0,0.10298087720834306,1.1628150479565411,0.0008062180362224201,0.00423038950671803,0.5492313451111631,0.5198630622826307,0.013215724
869.5699999999896,0.0,0.10316239113589798,1.160944349324468,0.0009680742802927859,0.004230236117045432,0.5501994193914559,0.520765686634411,0.013215724
870.0670833333229,0.0,0.10337930953354182,1.158708831340668,0.0011568981207670827,0.004230052776441739,0.551356317512223,0.5218443064974441,0.013215724
870.6504166666563,0.0,0.1036343881587274,1.1560801283459088,0.00136041933432323,0.004229837141961636,0.5527167368465462,0.52311259015788,0.013215724
871.3199999999896,5.221958431596404,0.10392788720124199,1.156791814007368,0.0015653282267444936,0.004229588981224761,0.5542820650732907,0.5245717890868987,0.013215724
872.0699999999896,14.238498521151339,0.10425754465614719,1.1635791301511327,0.0017581730928276154,0.004229310198097158,0.5560402381661184,0.5262106100258293,0.013215724
872.8891666666563,17.549163678691638,0.1046187198659861,1.1724320115697324,0.0019262677858075206,0.004229004713987663,0.5579665059519259,0.5280059349764552,0.013215724
873.7612499999896,17.68080032763034,0.10500452858754859,1.1811457958329088,0.0020576465149999283,0.00422867835541479,0.5600241524669258,0.5299235003127263,0.013215724
874.6666666666562,17.226802204451744,0.10540652875907067,1.1893937327337936,0.0021440009147845446,0.0042283382735289025,0.5621681533817103,0.5319213131367116,0.013215724
875.5833333333228,17.062558624367085,0.1058150486203209,1.1975170593225062,0.002178772593334554,0.004227992665173924,0.5643469259750449,0.5339512883554459,0.013215724
876.4887499999894,17.453631835463202,0.10622008585280104,1.2060078538101522,0.002160198573227452,0.004227650008833349,0.5665071245482723,0.5359637208561164,0.013215724
877.3608333333227,18.289682085117015,0.10661167408379343,1.2152814042694837,0.002088470565292664,0.004227318751556491,0.568595595113565,0.5379091073287277,0.013215724
878.1799999999894,19.2804794223251,0.1069808301001882,1.2255053224200378,0.0019688320874386937,0.004227006503952383,0.5705644272010038,0.5397428498674277,0.013215724
878.9299999999894,19.853004343154687,0.10731996358610707,1.2363510578213757,0.001808711924900749,0.004226719691758979,0.5723731391259045,0.5414272859512884,0.013215724
879.5995833333227,19.238998652333127,0.10762367576718969,1.2466585186704888,0.0016197982991072882,0.004226462879386588,0.5739929374250118,0.5429356481771985,0.013215724
880.1829166666561,5.6553497662531695,0.10788900104258603,1.24797513828544,0.001415068135447132,0.004226238567011739,0.5754080055604589,0.5442532563557803,0.013215724
880.6799999999894,0.0,0.10811564320018971,1.2456409528652541,0.0012087581738862226,0.004226046993367358,0.5766167637343451,0.54537868360208,0.013215724
881.096666666656,0.0,0.10830601169797749,1.243680406577789,0.0010152986548681213,0.004225886108309745,0.5776320623892133,0.5463239312346767,0.013215724
881.444166666656,0.0,0.10846505352244261,1.242042523945025,0.0008482230638140359,0.004225751718047245,0.5784802854530273,0.5471135908036268,0.013215724
881.7387499999893,0.0,0.10860007108374789,1.2406520822646092,0.0007200936602948335,0.004225637641184303,0.5792003791133221,0.5477839388237477,0.013215724
881.9999999999893,0.0,0.10871995702333552,1.2394174914360938,0.0006393916778007435,0.00422553635629705,0.5798397707911228,0.5483791379744624,0.013215724
882.2499999999893,0.0,0.10883480441893939,1.2382348071291325,0.0006125194432205742,0.004225439330488585,0.5804522902343434,0.5489493028382032,0.013215724
882.5112499999893,0.0,0.10895494384099387,1.2369976464683436,0.0006407435842905219,0.00422533783132729,0.581093033818634,0.5495457199147015,0.013215724
882.8058333333227,0.0,0.10909055791853133,1.2356011572444217,0.0007232750801997516,0.004225223250166999,0.5818163088988337,0.5502189340584238,0.013215724
883.1533333333226,0.0,0.10925072664450153,1.2339518499727602,0.0008542332051743798,0.004225087907064773,0.5826705421040081,0.5510140081249107,0.013215724
883.5699999999892,0.0,0.1094430500472305,1.231971484680391,0.001025724814554549,0.004224925368702595,0.5836962669185627,0.5519686486027253,0.013215724
884.0670833333226,0.0,0.10967288520375923,1.2296049283788286,0.0012257875014865774,0.0042247310939753195,0.5849220544200493,0.5531094174028013,0.013215724
884.6504166666559,0.0,0.10994315134721028,1.2268221612128998,0.0014414194317389109,0.004224502600733444,0.5863634738517882,0.5544507651369912,0.013215724
885.3199999999892,5.208837142104669,0.11025412340264007,1.2275735150178768,0.0016585176289588357,0.0042242396433799,0.5880219914807471,0.5559940089999438,0.013215724
886.0699999999892,14.219057146943477,0.11060340385475344,1.2347637623819496,0.0018628290779380153,0.004223944240015175,0.5898848205586851,0.5577271981617969,0.013215724
886.8891666666559,17.54059434694821,0.11098607494915903,1.2441524625659295,0.0020409125034964552,0.004223620546559809,0.5919257330621815,0.5596258761843695,0.013215724
887.7612499999892,17.677506500322647,0.1113948419362188,1.2533966358120312,0.002180090597652154,0.00422327473750199,0.5941058236598337,0.5616538003937733,0.013215724
888.6666666666558,17.225279052331317,0.11182075978811423,1.262147302032796,0.0022715618767756266,0.004222914390703508,0.5963773855366092,0.5637665560482352,0.013215724
889.5833333333225,17.06128848825538,0.11225358095623653,1.2707670431108395,0.0023083795633189906,0.004222548191742023,0.5986857650999282,0.5659132885716186,0.013215724
890.4887499999891,17.452280135980082,0.11268270807434501,1.279776257988211,0.0022886779632451757,0.004222185124271322,0.6009744430631734,0.5680414335942752,0.013215724
891.3608333333224,18.28786853418517,0.11309758227598399,1.2896139083784,0.002212662408741212,0.004221834138285559,0.6031871054719146,0.5700986436538378,0.013215724
892.179999999989,19.278083944754236,0.11348868669732008,1.3004547945101328,0.002085890247125936,0.00422150329720125,0.6052729957190405,0.5720377618478831,0.013215724
892.929999999989,19.85019268536502,0.11384798048021082,1.311944198478081,0.0019162335087506048,0.004221199408759778,0.6071892292277911,0.5738189676592754,0.013215724
893.5995833333224,19.236304820593592,0.11416974476689977,1.3228332551052866,0.0017160761956743424,0.0042209273084031105,0.6089053054234654,0.5754139631104455,0.013215724
894.1829166666557,5.652823233524724,0.1144508385515746,1.3242246456020366,0.0014991668515990798,0.004220689644409779,0.6104044722750646,0.5768072321283249,0.013215724
894.679999999989,0.0,0.11469094880923042,1.3217540171432178,0.001280588040831061,0.004220486669052488,0.6116850603158956,0.5779972725463125,0.013215724
895.0966666666557,0.0,0.11489262883854517,1.3196788826148194,0.001075626823012037,0.0042203162096123605,0.6127606871389076,0.5789967802516989,0.013215724
895.4441666666556,0.0,0.11506112007399344,1.317945280297914,0.0008986199223907562,0.004220173822297132,0.6136593070612983,0.5798317626462135,0.013215724
895.738749999989,0.0,0.11520415914157285,1.3164735866607422,0.0007628750270902187,0.004220052957587337,0.6144221820883886,0.580540581256295,0.013215724
895.999999999989,0.0,0.11533116721103565,1.3151668565773027,0.0006773763704681657,0.004219945646339544,0.6150995584588568,0.5811699349692664,0.013215724
896.249999999989,0.0,0.1154528370613088,1.3139150707564817,0.0006489058681235344,0.0042198428478757485,0.6157484643269803,0.5817728149219638,0.013215724
896.511249999989,0.0,0.1155801129442606,1.3126056306327156,0.0006788047090763122,0.0042197353102198555,0.6164272690360566,0.5824034503366535,0.013215724
896.8058333333223,0.0,0.11572378225300742,1.3111275595031704,0.0007662363133162884,0.004219613912655025,0.6171935053493729,0.5831152851528826,0.013215724
897.1533333333223,0.0,0.1158934641009174,1.309381909230103,0.0009049698555199115,0.004219470518542043,0.6180984752048928,0.5839559655704301,0.013215724
897.5699999999889,0.0,0.11609720955819776,1.3072858743946834,0.0010866424388286332,0.004219298312173017,0.6191851176437214,0.584965357967021,0.013215724
898.0670833333222,0.0,0.11634069333440313,1.3047811089447194,0.0012985801397619363,0.004219092482774445,0.6204836977834833,0.586171543277223,0.013215724
898.6504166666556,0.0,0.11662700732317094,1.301835849353762,0.0015270079400951228,0.004218850401158124,0.6220107057235784,0.5875897949280853,0.013215724
899.3199999999889,5.1950428460494935,0.11695644192485347,1.3026288059048776,0.0017569845423067566,0.004218571807840595,0.6237676902658852,0.5892214985087268,0.013215724
900.0699999999889,14.19853429778734,0.11732645633378824,1.3102446571655506,0.0019734101809855274,0.004218258841726472,0.6257411004468707,0.5910540102022543,0.013215724
900.8891666666556,17.531539721595983,0.11773183990319684,1.3202005971958433,0.0021620457035123972,0.0042179159066380945,0.6279031461503831,0.5930614639741973,0.013215724
901.7612499999889,17.674029306602954,0.1181648640462383,1.3300066298897186,0.002309462096221189,0.004217549544842499,0.6302126082466043,0.5952055334617915,0.013215724
902.6666666666555,17.223672084993577,0.11861605223749655,1.3392899401666565,0.002406337020043953,0.004217167785158717,0.6326189452666483,0.597439254472293,0.013215724
903.5833333333221,17.059948506676623,0.11907454853266224,1.3484357944215721,0.0024453135742169294,0.004216779829621216,0.6350642588408653,0.5997088574777584,0.013215724
904.4887499999887,17.45085411680254,0.11952912687225485,1.357994389953428,0.0024244178111606568,0.004216395195664924,0.6374886766520259,0.6019587691012838,0.013215724
905.360833333322,18.28595521705178,0.11996860244697469,1.3684295671227287,0.002343869731839069,0.00421602336466952,0.639832546383865,0.6041336491980722,0.013215724
906.1799999999887,19.27555691441539,0.12038289466453868,1.3799233690683144,0.00220955849367468,0.004215672878422551,0.6420421048775397,0.6061836486388841,0.013215724
906.9299999999887,19.847226136251837,0.12076348677641678,1.3920926243764655,0.0020298245966832184,0.0042153509481965175,0.6440719294742229,0.608066676932892,0.013215724
907.599583333322,19.233441927743048,0.12110432188002468,1.4035924904301174,0.001817787219242053,0.004215062695699129,0.645889716693465,0.6097528264950277,0.013215724
908.1829166666554,5.650153795511614,0.12140207377443911,1.4050624669063805,0.0015880101035436402,0.0042148109255906105,0.6474777267970085,0.6112257026429738,0.013215724
908.6799999999887,0.0,0.12165641177223616,1.4024479754083141,0.001356469321584389,0.004214595904364661,0.6488341961185929,0.6124837248194559,0.013215724
909.0966666666553,0.0,0.12187004120837498,1.400252022862096,0.0011393569927402858,0.004214415329732229,0.6499735531113332,0.6135403203729336,0.013215724
909.4441666666553,0.0,0.12204851463253585,1.3984174981101314,0.0009518582621914432,0.004214264493725915,0.6509254113735247,0.6144229868627068,0.013215724
909.7387499999886,0.0,0.1222000274118133,1.396860137006157,0.0008080681561461772,0.004214136457875702,0.6517334795296709,0.6151722798105349,0.013215724
909.9999999999886,0.0,0.12233455906573759,1.3954773480362528,0.0007175021542629952,0.004214022780014805,0.6524509816839339,0.6158375666261762,0.013215724
910.2499999999886,0.0,0.1224634358899422,1.3941527067082276,0.0006873430624244211,0.004213913883004255,0.6531383247463584,0.6164748648917769,0.013215724
910.5112499999886,0.0,0.12259825040518667,1.3927670610959983,0.0007190107479705483,0.004213799965993061,0.6538573354943289,0.6171414997560354,0.013215724
910.805833333322,0.0,0.12275042883741633,1.391202977504091,0.0008116183052248515,0.004213671367298867,0.6546689537995537,0.6178939650427178,0.013215724
911.1533333333219,0.0,0.12293015977166927,1.3893557530536762,0.0009585649826824329,0.004213519467832494,0.6556275187822361,0.6187826245104501,0.013215724
911.5699999999886,0.0,0.123145970686868,1.3871377695883647,0.0011509915477265474,0.00421333704795455,0.6567785103299627,0.6198496164280349,0.013215724
912.0670833333219,0.0,0.12340387175187602,1.3844872944516218,0.001375472346709406,0.004213119012062969,0.6581539826766721,0.6211246192180684,0.013215724
912.6504166666552,0.0,0.12370713715779337,1.3813707269874658,0.0016174154982258704,0.004212862575709819,0.659771398174898,0.6226237711839986,0.013215724
913.3199999999886,5.180550072747552,0.12405607354549403,1.382207283384531,0.0018609940677368863,0.004212567464832008,0.6616323922426349,0.624348528990305,0.013215724
914.0699999999886,14.176878271280957,0.12444798863472967,1.3902725311892554,0.0020902138092566283,0.004212235946050037,0.6637226060518916,0.6262855188649362,0.013215724
914.8891666666552,17.5219754594207,0.12487736228441733,1.4008288428485152,0.0022899927983342,0.004211872685163174,0.6660125988502258,0.6284073910167928,0.013215724
915.7612499999885,17.67035991579712,0.12533600755729363,1.4112299639206565,0.002446108122006823,0.004211484613032502,0.6684587069722326,0.630673626407113,0.013215724
916.6666666666551,17.22197737955256,0.12581388645960626,1.4210775150083308,0.0025486874790007666,0.004211080234905617,0.6710073944512334,0.6330345785412378,0.013215724
917.5833333333218,17.058535416203153,0.1262995004062142,1.4307808708712615,0.002589941048575802,0.004210669298392219,0.6735973354998092,0.6354334115503889,0.013215724
918.4887499999884,17.44935030703868,0.1267809593155939,1.4409215622245997,0.0025677808500251397,0.004210261884753604,0.6761651163498343,0.6378113872600888,0.013215724
919.3608333333217,18.28393746887005,0.1272464173196014,1.4519895556260267,0.002482442688039878,0.004209868036615912,0.6786475590378742,0.6401100183766626,0.013215724
920.1799999999884,19.27289221021248,0.12768519852715904,1.4641741489704978,0.0023401664403073855,0.0042094968009725245,0.6809877254781816,0.6422766250406265,0.013215724
920.9299999999884,19.84409745409817,0.12808828369908268,1.477061218863981,0.0021497875835926545,0.004209155815220407,0.6831375130617743,0.6442667304256081,0.013215724
921.5995833333217,19.23040033461233,0.12844925904523538,1.489202152972343,0.0019252018461476952,0.004208850503316125,0.685062714907922,0.6460487352609204,0.013215724
922.182916666655,5.64733428688244,0.12876460290578812,1.4907546750890701,0.001681833922947991,0.0042085838349826986,0.68674454883087,0.6476053219390858,0.013215724
922.6799999999884,0.0,0.12903396605167317,1.4879885652004772,0.0014366034447202858,0.004208356091639329,0.6881811522755903,0.6489348283829586,0.013215724
923.096666666655,0.0,0.1292602144676481,1.4856652835172457,0.0012066582185328962,0.0042081648340744175,0.6893878104941232,0.6500514518476571,0.013215724
923.444166666655,0.0,0.12944922932202993,1.4837243987692952,0.0010080792233697193,0.004208005075258313,0.690395889717493,0.6509842573722379,0.013215724
923.7387499999883,0.0,0.12960969047195922,1.482076755515919,0.0008557927996228634,0.004207869465902509,0.6912516825171159,0.6517761078259909,0.013215724
923.9999999999883,0.0,0.1297521670922648,1.4806138113062375,0.0007598753082964448,0.0042077490642512165,0.6920115578254123,0.652479176727376,0.013215724
924.2499999999883,0.0,0.12988865449085393,1.4792123912970754,0.0007279327924752451,0.004207633726596776,0.6927394906178876,0.6531526639440629,0.013215724
924.5112499999883,0.0,0.13003142976116835,1.4777464373139806,0.0007614681083436327,0.004207513072424367,0.6935009587262313,0.6538571498188139,0.013215724
924.8058333333216,0.0,0.13019259371927686,1.4760917112123935,0.0008595411099120436,0.0042073768687561465,0.6943604998361433,0.654652334810489,0.013215724
925.1533333333216,0.0,0.13038293627496333,1.4741374459979166,0.001015160296994424,0.004207215987022286,0.6953756601331378,0.6555914397279716,0.013215724
925.5699999999882,0.0,0.13061148793461677,1.471790952431461,0.0012189421848184316,0.0042070227810448845,0.6965946023179562,0.6567189911096089,0.013215724
926.0670833333215,0.0,0.13088461302830434,1.468986930016985,0.001456667166333672,0.00420679185448729,0.6980512694842899,0.658066346357751,0.013215724
926.6504166666549,0.0,0.13120577814781142,1.4656898434572245,0.001712880637371044,0.0042065202590221415,0.6997641501216609,0.6596505522801406,0.013215724
927.3199999999882,5.165333509319517,0.1315753069641962,1.4665720576254806,0.001970820354052227,0.00420620770529049,0.7017349704757132,0.6614731392925368,0.013215724
928.0699999999882,14.154035978236601,0.13199034711858681,1.4751116502546275,0.002213547490083213,0.004205856594895794,0.7039485179657964,0.6635199651242089,0.013215724
928.8891666666549,17.51187639613803,0.1324450515379268,1.4863032516041872,0.0024250902364798123,0.004205471870399426,0.7063736082022762,0.6657621190344365,0.013215724
929.7612499999882,17.666489242952693,0.1329307491970921,1.4973345318122986,0.0025903875155484277,0.0042050608731134,0.7089639957178246,0.6681567759442314,0.013215724
930.6666666666548,17.22019091387591,0.13343680917413425,1.5077796835483595,0.0026989865442246953,0.00420463261145343,0.7116629822620494,0.6706514689331241,0.013215724
931.5833333333214,17.057045871564778,0.13395105430426676,1.518073703153593,0.0027426406940400136,0.004204197409166018,0.7144056229560894,0.6731861384577508,0.013215724
932.488749999988,17.4477651490062,0.13446089341528647,1.5288310467946036,0.0027191419254383614,0.004203765942866823,0.7171247648815278,0.6756987196992638,0.013215724
933.3608333333214,18.281810507582705,0.13495378274222883,1.540569096193502,0.0026287430770259934,0.004203348847756792,0.7197535079585538,0.678127417804203,0.013215724
934.179999999988,19.270083561713587,0.13541841798378787,1.5534843656155337,0.0024780546216482805,0.004202955704182676,0.722231562580202,0.6804165784069608,0.013215724
934.929999999988,19.840799220745573,0.1358452495178422,1.5671290491251908,0.002276434848289629,0.004202594599359005,0.7245079974284917,0.6825192176073431,0.013215724
935.5995833333213,19.22717007157492,0.1362274869154388,1.5799423415638036,0.0020385994538485814,0.0042022712762466415,0.7265465968823402,0.6844019593390509,0.013215724
936.1829166666547,5.644357297531397,0.13656140230668612,1.581581513219516,0.0017808820866523673,0.004201988878725547,0.7283274789689926,0.6860465171789112,0.013215724
936.679999999988,0.0,0.1368466270126798,1.5786556875700721,0.0015211984319662521,0.004201747703867584,0.7298486774009589,0.6874511443963887,0.013215724
937.0966666666546,0.0,0.1370861967145369,1.5761982787240072,0.0012777050765711716,0.004201545167815882,0.7311263824775301,0.6886308481658825,0.013215724
937.4441666666546,0.0,0.13728633956724665,1.574145356986208,0.0010674285477853098,0.004201375988854525,0.7321938110253154,0.6896163413558961,0.013215724
937.7387499999879,0.0,0.13745624693127692,1.5724026138220468,0.0009061726081614733,0.004201232383932535,0.733099983633477,0.690452911911896,0.013215724
937.999999999988,0.0,0.13760711047509194,1.5708552378431826,0.0008046055670134729,0.004201104883835972,0.7339045892004904,0.6911956823237468,0.013215724
938.249999999988,0.0,0.13775163174932442,1.5693729435016799,0.0007707801292399113,0.004200982746706041,0.7346753693297303,0.6919071965360096,0.013215724
938.511249999988,0.0,0.1379028104959539,1.5678223979728518,0.0008062866486905298,0.004200854980069082,0.7354816559784209,0.6926514554161473,0.013215724
938.8058333333213,0.0,0.13807345962156758,1.5660721959616366,0.0009101286699396671,0.00420071074784009,0.7363917846483605,0.6934915287574229,0.013215724
939.1533333333213,0.0,0.13827500376377624,1.5640051834461481,0.0010749020917794774,0.004200540383619714,0.73746668674014,0.6944836391811319,0.013215724
939.5699999999879,0.0,0.1385170043668211,1.5615233305033707,0.001290669882905779,0.004200335790985185,0.7387573566230459,0.6956748222410036,0.013215724
940.0670833333212,0.0,0.13880619952608675,1.558557579735781,0.0015423741827501618,0.004200091256190212,0.740299730805796,0.697098198825843,0.013215724
940.6504166666546,0.0,0.1391462588170582,1.5550703595827058,0.0018136495518476525,0.004199803657998002,0.7421133803576437,0.6987717694270703,0.013215724
941.3199999999879,5.149368170682191,0.13953752375403006,1.556000348096783,0.002086746330516476,0.004199472691015334,0.7442001266881603,0.7006971408656799,0.013215724
942.0699999999879,14.129953057729976,0.13997697286015845,1.5650404236111388,0.002343728566018221,0.0041991008994642035,0.7465438552541784,0.702859362236395,0.013215724
942.8891666666545,17.50121657313138,0.14045841382823893,1.5769040954488382,0.0025676851630958247,0.004198693518187822,0.7491115404172742,0.7052278816087478,0.013215724
943.7612499999879,17.662407964315015,0.1409726645428247,1.5886025325567794,0.002742670477790725,0.004198258321882615,0.751854210895065,0.7077574501130942,0.013215724
944.6666666666545,17.218308575226597,0.1415084681561872,1.5996804908904876,0.002857619271266821,0.0041978048501817595,0.7547118301663318,0.7103926370047906,0.013215724
945.5833333333211,17.055476452935153,0.14205293123718069,1.6106001964291607,0.0029038030986318418,0.004197344035019713,0.7576156332649636,0.7130699957954605,0.013215724
946.4887499999877,17.44609500602615,0.14259272265977127,1.622010678877594,0.002878887587149964,0.004196887181424107,0.7604945208521136,0.7157239671362032,0.013215724
947.360833333321,18.2795694443484,0.1431145621491092,1.6344580639022053,0.0027831439431356486,0.004196445550011918,0.7632776647952492,0.7182892822850656,0.013215724
948.1799999999877,19.26712456356746,0.14360648229456632,1.64814598488584,0.0026235741091045015,0.004196029283983431,0.7659012389043537,0.7207071633546562,0.013215724
948.9299999999877,19.83732385965525,0.1440583738686285,1.6625899694321102,0.0024100883949983035,0.004195646945196245,0.768311327299352,0.7229279942917777,0.013215724
949.599583333321,19.22374087113548,0.14446304911781727,1.6761079212719723,0.002158267995673463,0.004195304613165419,0.7704695952950255,0.7249165341260687,0.013215724
950.1829166666544,5.641215179327248,0.14481656271081025,1.6778379894992606,0.0018854058292959602,0.0041950056154460465,0.7723550011243214,0.7266534801810054,0.013215724
950.6799999999877,0.0,0.14511852558274932,1.6747440030769372,0.0016104686503417447,0.0041947502655114745,0.7739654697746632,0.7281369979529869,0.013215724
951.0966666666543,0.0,0.1453721526055337,1.6721453774529509,0.001352677454850061,0.004194535826753783,0.7753181472295132,0.7293829461221231,0.013215724
951.4441666666543,0.0,0.1455840381809967,1.6699744984144873,0.0011300564024692495,0.0041943567063862965,0.7764482036319824,0.7304237687581174,0.013215724
951.7387499999876,0.0,0.14576391348977852,1.66813163122209,0.0009593349801696442,0.004194204663541987,0.7774075386121521,0.7313073009703452,0.013215724
951.9999999999876,0.0,0.14592362711210063,1.6664953638739572,0.000851805985717951,0.004194069672335953,0.77825934459787,0.7320917623327601,0.013215724
952.2499999999876,0.0,0.14607662585939385,1.6649279243122883,0.0008159933188971234,0.004193940359656077,0.7790753379167672,0.7328432085755319,0.013215724
952.5112499999876,0.0,0.14623667202364457,1.6632883208981106,0.0008535795426705347,0.00419380508722298,0.7799289174594377,0.733629232447039,0.013215724
952.805833333321,0.0,0.14641732989781353,1.6614376029998936,0.0009635086622344998,0.004193652382506377,0.7808924261216722,0.7345164416830213,0.013215724
953.1533333333209,0.0,0.1466306938466036,1.6592518929113533,0.0011379410602136415,0.004193472011570858,0.7820303671818858,0.7355642107113479,0.013215724
953.5699999999875,0.0,0.14688688549210557,1.6566275390025382,0.0013663554426773233,0.004193255402910565,0.7833967226245631,0.7368222091774858,0.013215724
954.0670833333209,0.0,0.14719303722715754,1.653491529980365,0.001632809253610588,0.0041929965079033705,0.7850295318781736,0.7383254089460485,0.013215724
954.6504166666542,0.0,0.14755303268641706,1.6498041522474365,0.001919975782717538,0.004192692022951804,0.7869495076608911,0.7400928108962593,0.013215724
955.3199999999875,5.132629590176417,0.1479672320624895,1.650784087616866,0.002209063339052921,0.004192341625868883,0.789158570999944,0.7421261008670529,0.013215724
956.0699999999875,14.10457401864022,0.14843243527064948,1.6603520060375234,0.0024810837768532617,0.004191948011512189,0.7916396547767973,0.7444094775806347,0.013215724
956.8891666666542,17.489969273691816,0.14894208557492006,1.6729264688388021,0.0027181349561097076,0.004191516723284937,0.794357789732907,0.7469106646313762,0.013215724
957.7612499999875,17.65810653660771,0.1494864614626317,1.6853310743031098,0.002903338067795367,0.004191055993311745,0.7972611278007025,0.749581867238443,0.013215724
958.6666666666541,17.216326170694003,0.15005364557822318,1.6970789760194236,0.00302498194982121,0.0041905759218424255,0.8002861097505237,0.752364542190303,0.013215724
959.5833333333208,17.053823674713335,0.15062998873763508,1.7086613382666413,0.003073830183530049,0.004190088082584636,0.8033599399340537,0.7551916868915067,0.013215724
960.4887499999874,17.444336171812306,0.15120137915115558,1.7207634669642053,0.0030474155387760406,0.004189604443609906,0.8064073554728298,0.7579940735950988,0.013215724
961.3608333333207,18.277209296115977,0.15175375959541562,1.7339615981662089,0.002946029036053586,0.0041891369253486644,0.8093533845088834,0.7607027874903162,0.013215724
962.1799999999873,19.26400869282307,0.15227446321964624,1.7484663185695375,0.002777085995896599,0.004188696264745256,0.8121304705047799,0.763255772981507,0.013215724
962.9299999999873,19.833663657719786,0.15275279060239763,1.763753229083717,0.0025510793746740318,0.004188291524289043,0.814681549879454,0.765600652509162,0.013215724
963.5995833333207,19.220102210447028,0.1531811350213225,1.778009122999771,0.0022845035675995128,0.004187929138414337,0.8169660534470534,0.7677002291482186,0.013215724
964.182916666654,5.637900055406985,0.1535553219203252,1.7798344760072844,0.0019956634613476467,0.00418761262830362,0.818961716908401,0.7695341350247727,0.013215724
964.6799999999873,0.0,0.15387494088594317,1.7765635317717834,0.0017046344832958628,0.004187342324601,0.8206663513916969,0.7711004447769778,0.013215724
965.096666666654,0.0,0.154143395937527,1.7738163045246433,0.0014317602751137272,0.004187115329446309,0.8220981116668106,0.7724159117490041,0.013215724
965.4441666666539,0.0,0.15436766790240825,1.771521301546509,0.0011961171460335516,0.004186925721814568,0.8232942288128441,0.7735147975811049,0.013215724
965.7387499999872,0.0,0.1545580574391458,1.769573077317762,0.0010154108626002074,0.004186764777827556,0.8243096396754442,0.7744476109472517,0.013215724
965.9999999999873,0.0,0.1547271060822034,1.767843273695803,0.0009015927629738365,0.004186621884334797,0.8252112324384181,0.7752758218062369,0.013215724
966.2499999999873,0.0,0.15488904675946924,1.7661862406643738,0.0008636836120845062,0.004186485002306166,0.8260749160505027,0.7760691712255816,0.013215724
966.5112499999873,0.0,0.15505844609068795,1.764452927652864,0.0009034630998331474,0.004186341812214519,0.8269783791503358,0.7768990211372582,0.013215724
966.8058333333206,0.0,0.1552496608959863,1.7624964448398472,0.001019812294924566,0.004186180170177397,0.8279981914452603,0.7778356916553504,0.013215724
967.1533333333206,0.0,0.1554754919061651,1.760185840276253,0.001204432054287047,0.004185989243621836,0.8292026234995473,0.7789418641646577,0.013215724
967.5699999999872,0.0,0.1557466515264883,1.757411548058145,0.0014461846417236383,0.004185759959958239,0.830648808141271,0.780269971741042,0.013215724
968.0670833333205,0.0,0.1560706879315137,1.754096397997016,0.0017281941601356115,0.004185485917410565,0.8323770023014065,0.7818569276420352,0.013215724
968.6504166666539,0.0,0.15645171039460593,1.7501984245120825,0.002032119803158404,0.004185163620138215,0.834409122104565,0.7837227813238103,0.013215724
969.3199999999872,5.115094031825498,0.15689009864204903,1.751230531898218,0.002338070653029921,0.004184792728381248,0.8367471927575949,0.7858693001929518,0.013215724
970.0699999999872,14.077842410587568,0.15738246402589687,1.7613549049132602,0.002625948713855105,0.004184376096044007,0.83937314147145,0.7882797892576353,0.013215724
970.8891666666539,17.47810706995544,0.1579218652675042,1.7746808957850082,0.0028768066219057617,0.004183919592149246,0.8422499480933558,0.7909201613269059,0.013215724
971.7612499999872,17.65357522051963,0.15849801180810022,1.7878327825709461,0.0030727815498453152,0.004183431931435978,0.8453227296432012,0.7937399492628974,0.013215724
972.6666666666538,17.214239439581835,0.1590982895734814,1.8002897813797387,0.003201481415366323,0.004182923805557611,0.8485242110585676,0.796677343566203,0.013215724
973.5833333333204,17.052083995939395,0.15970825229132,1.8125738101154993,0.003253134495139138,0.0041824074651563336,0.8517773455537067,0.7996616105676213,0.013215724
974.488749999987,17.442484881604056,0.16031296490273697,1.8254082061028043,0.0032251339275573237,0.004181895577595831,0.855002479481264,0.802619674372523,0.013215724
975.3608333333203,18.274725000546987,0.16089755092453792,1.8394007171233417,0.0031177921162717096,0.004181400759113991,0.8581202715975357,0.8054787961802837,0.013215724
976.179999999987,19.260729329423125,0.16144860606239342,1.8547686380055377,0.0029389607352293943,0.0041809343727152145,0.861059232332765,0.8081734834396047,0.013215724
976.929999999987,19.829810791208548,0.1619548087131986,1.87094408170526,0.0026997474709608634,0.004180506008700872,0.863758979803726,0.8106484635592107,0.013215724
977.5995833333203,19.21624336511619,0.16240811056072,1.8859721435966372,0.002417609853447449,0.004180122475623641,0.8661765896571734,0.8128644897484435,0.013215724
978.1829166666537,5.634403832323225,0.16280409553834096,1.887897307880988,0.0021119198806450502,0.004179787498688625,0.8682885095378184,0.8148000785411617,0.013215724
978.679999999987,0.0,0.16314233089659264,1.884440253821571,0.001803921910675615,0.00417950142649886,0.870092431448494,0.8164532106899031,0.013215724
979.0966666666536,0.0,0.16342642023498047,1.8815367424519134,0.001515143138068599,0.004179261191033466,0.8716075745865626,0.8178415789214919,0.013215724
979.4441666666536,0.0,0.16366375192827098,1.8791112005748818,0.0012657690308827299,0.004179060525057284,0.8728733436174453,0.8190013517676408,0.013215724
979.7387499999869,0.0,0.163865227146488,1.8770521757434906,0.001074534497157359,0.004178890195314293,0.8739478781146026,0.8199858421018745,0.013215724
979.9999999999869,0.0,0.1640441180867057,1.875224004176191,0.000954085014494506,0.004178738969376465,0.8749019631290971,0.8208599286546796,0.013215724
980.2499999999869,0.0,0.16421548653294712,1.8734727506786217,0.0009139650466210549,0.00417859410602874,0.8758159281757181,0.8216972171056279,0.013215724
980.511249999987,0.0,0.16439474713375235,1.8716408895533405,0.0009560565376277115,0.004178442567418737,0.8767719847133458,0.8225730216932814,0.013215724
980.8058333333203,0.0,0.16459709226796268,1.8695731821513095,0.0010791740491217885,0.004178271501796907,0.8778511587624677,0.8235615550461906,0.013215724
981.1533333333202,0.0,0.16483606735146117,1.867131237723796,0.0012745337786586321,0.004178069445421834,0.8791256925411263,0.8247289656950454,0.013215724
981.5699999999869,0.0,0.16512300757619605,1.864199271910043,0.001530347865252721,0.004177826797428869,0.880656040406379,0.8261305836435459,0.013215724
982.0670833333202,0.0,0.16546589935683415,1.8606957425834334,0.0018287561634031033,0.004177536783779243,0.8824847965697821,0.8278053568067524,0.013215724
982.6504166666535,0.0,0.16586908969933886,1.8565763180590917,0.0021503484933585487,0.004177195706066621,0.8846351450631407,0.8297744328377356,0.013215724
983.3199999999869,5.096738725045794,0.16633297873720318,1.8576628713989907,0.00247407486860964,0.004176803206160983,0.8871092199317503,0.8320396631730878,0.013215724
984.0699999999869,14.049701027301992,0.16685397882416414,1.8683735890365636,0.0027786671304585384,0.00417636230583094,0.8898878870622088,0.8345834141700191,0.013215724
984.8891666666535,17.465601881813576,0.16742474308039695,1.882493938132064,0.0030440760332415976,0.004175879217581335,0.8929319630954504,0.8373696985590866,0.013215724
985.7612499999868,17.648804108815344,0.16803438087504655,1.896436409204146,0.003251401571464673,0.00417536316512434,0.8961833646669151,0.8403452461515177,0.013215724
986.6666666666534,17.212044067922193,0.1686695435345481,1.909643762793715,0.003387534184008132,0.004174825463727014,0.8995708988509232,0.8434448222674473,0.013215724
987.5833333333201,17.05025383248477,0.16931494446895765,1.9226705987709602,0.003442138316850954,0.0041742790777422765,0.9030130371677741,0.8465937815269247,0.013215724
988.4887499999867,17.440537325193084,0.16995478080421608,1.9362800907968931,0.0034124604547117326,0.004173737411729129,0.9064254976224859,0.8497150144067422,0.013215724
989.36083333332,18.272111433490537,0.1705733125704355,1.9511129311532167,0.003298836086503558,0.004173213815360387,0.9097243337089895,0.8527317746156734,0.013215724
990.1799999999866,19.25727978014618,0.1711563583167828,1.9673927861676246,0.00310957731385209,0.004172720311473687,0.9128339110228416,0.8555749684942718,0.013215724
990.9299999999866,19.825757356242438,0.17169194084199604,1.9845043920276049,0.0028564401344707705,0.004172267046579655,0.9156903511573123,0.8581862908632637,0.013215724
991.59958333332,19.212153475709357,0.17217154661084721,2.000339742581987,0.0025578974338728174,0.004171861223399161,0.9182482485911851,0.860524348405815,0.013215724
992.1829166666533,5.630718215373326,0.17259050522922129,2.0023693790368964,0.002234445964661747,0.00417150678200571,0.9204826945558469,0.8625664902898434,0.013215724
992.6799999999866,0.0,0.1729483606017094,1.9987167069012788,0.0019085619866033405,0.004171204089766398,0.9223912565424502,0.8643106004388579,0.013215724
993.0966666666533,0.0,0.17324892682971516,1.995648930239057,0.001603019882697302,0.004170949899172713,0.9239942764251475,0.8657753572183823,0.013215724
993.4441666666532,0.0,0.17350002192350739,1.993086185370147,0.0013391738335584906,0.004170737577983494,0.9253334502587061,0.866998928253734,0.013215724
993.7387499999866,0.0,0.17371318000577335,1.990910705146497,0.0011368431054184552,0.004170557355999499,0.9264702933641246,0.8680375653719656,0.013215724
993.9999999999866,0.0,0.17390244334816157,1.9889791466244033,0.001009404492737098,0.004170397348053474,0.9274796978568617,0.8689597194013222,0.013215724
994.2499999999866,0.0,0.17408374725656783,1.9871288663878326,0.0009669541781667973,0.004170244072840191,0.9284466520350285,0.8698430454597262,0.013215724
994.5112499999866,0.0,0.17427340007511144,1.985193431291873,0.001011481698899327,0.004170083735432723,0.9294581337339278,0.8707669988567865,0.013215724
994.8058333333199,0.0,0.17448747470494375,1.9830088283973575,0.0011417313591055378,0.004169902738056098,0.9305998650930334,0.8718098703921965,0.013215724
995.1533333333199,0.0,0.17474030128213217,1.9804288495721418,0.0013484084116716253,0.004169688951809094,0.931948273504705,0.8730414408057405,0.013215724
995.5699999999865,0.0,0.17504387121636084,1.9773311761864711,0.0016190396492195504,0.004169432219144836,0.9335673131539245,0.8745200745421918,0.013215724
996.0670833333198,0.0,0.17540663261432152,1.9736296730951768,0.0019347274557902545,0.004169125373805542,0.9355020406097148,0.8762868501776959,0.013215724
996.6504166666532,0.0,0.17583318283154828,1.9692775242383447,0.0022749344918761073,0.004168764504048846,0.9377769751015909,0.8783640645426519,0.013215724
997.3199999999865,5.077542122401765,0.17632394329785353,1.97042084175879,0.0026173891536280572,0.004168349232561692,0.9403943642552189,0.8807536554515537,0.013215724
998.0699999999865,14.020092145550048,0.1768751164402019,1.9817490954093542,0.0029395900925245906,0.004167882758212417,0.9433339543477435,0.8834370040972834,0.013215724
998.8891666666532,17.452425049146104,0.17747892775099397,1.9967088011627867,0.0032203269908910063,0.004167371655673646,0.9465542813386345,0.8863761309214465,0.013215724
999.7612499999865,17.643783159497552,0.17812385409210046,2.01148743810832,0.0034396071525680614,0.004166825685189546,0.9499938884912026,0.8895148278562258,0.013215724
1000.6666666666531,17.209735705286022,0.17879577260270657,2.025436966699493,0.0035835653898991663,0.004166256819305998,0.9535774538811017,0.8927842712293123,0.013267352983749611
1001.5833333333197,17.048329571157947,0.17947851121136826,2.0391975001751836,0.003641272579529108,0.0041656787745126276,0.9572187264606308,0.8961057178299154,0.013319827545152872
1002.4887499999863,17.438489661993543,0.18015535270241487,2.0535751843522383,0.0036098212855819527,0.004165105732156137,0.9608285477462127,0.8993978334998542,0.013371862975672505
1003.3608333333196,18.26936342921393,0.18080964743909042,2.0692463968649752,0.003489571928936287,0.004164551814637691,0.964318119675149,0.902579675593878,0.013422178380935434
1004.1799999999863,19.253653306272433,0.18142639535947244,2.0864418893436807,0.0032893222420373467,0.00416402973988621,0.9676074419171864,0.9055783804936827,0.01346961846075502
1004.9299999999863,19.821495404202846,0.18199292879346346,2.1044957533144526,0.0030215116479520676,0.004163550240257683,0.9706289535651385,0.9083324690301334,0.013513206349023312
1005.5995833333196,19.207821628395884,0.18250024434537682,2.1211353084852886,0.002705682943537846,0.004163120933555731,0.9733346365086764,0.910798302092288,0.013552246504951019
1006.182916666653,5.626834727455069,0.18294340393847516,2.123240097896435,0.002363517829858002,0.004162745986024539,0.9756981543385344,0.9129520084196923,0.013586356048874884
1006.6799999999863,0.0,0.18332192710165132,2.119352804513929,0.0020187902036061024,0.0041624257846150075,0.9777169445421404,0.9147913722764965,0.013615495370970654
1007.0966666666529,0.0,0.18363984986100396,2.116088005707629,0.0016955880498807196,0.004162156892575295,0.9794125325920211,0.9163361054251062,0.013639972978780019
1007.4441666666529,0.0,0.1839054429369481,2.1133606941510985,0.001416496405035469,0.0041619322930208655,0.9808290289970566,0.9176264695703279,0.013660423985053365
1007.7387499999862,0.0,0.184130907281809,2.11104553026146,0.0012024765059247006,0.004161741650020857,0.9820315055029814,0.9187217942096714,0.013677786729424142
1007.9999999999862,0.0,0.18433109639044024,2.1089899612497445,0.001067675246033236,0.0041615723907289775,0.9830991807490146,0.9196942703374167,0.013693204367361093
1008.2499999999862,0.0,0.18452286571911083,2.107020898833985,0.001022769752909938,0.004161410254174757,0.9841219505019245,0.9206257926592373,0.013707974708389952
1008.5112499999863,0.0,0.18472346497698994,2.1049612254157033,0.0010698627086886381,0.004161240647903838,0.9851918132106131,0.9216001517241527,0.013723426353067269
1008.8058333333196,0.0,0.18494989451897642,2.102636402701519,0.0012076242239279136,0.004161049188283281,0.9863994374345411,0.9226999074424613,0.013740869125014698
1009.1533333333196,0.0,0.18521731098371766,2.099890844324976,0.001426221145286421,0.004160823045773445,0.9878256585798275,0.9239986424841062,0.013761471314626756
1009.5699999999862,0.0,0.18553839688233714,2.096594391730695,0.0017124581259705977,0.0041605514765005545,0.9895381167057982,0.9255578970770983,0.013786211189945526
1010.0670833333195,0.0,0.18592208647528816,2.092655397558927,0.0020463444957387793,0.004160226901169971,0.991584461201537,0.9274209790612323,0.013815778881841516
1010.6504166666529,0.0,0.18637324061457872,2.088024062104824,0.0024061554095495975,0.0041598451834793364,0.9939906166110866,0.9296113866970658,0.013850551290560993
1011.3199999999862,5.05748418070566,0.186892302927953,2.089186487077226,0.002768332337996081,0.004159405926106348,0.9967589489490827,0.9321311463804267,0.013890565432843956
1012.0699999999862,13.988957802796671,0.18747525448111177,2.1011198389741526,0.003109074950180179,0.004158912514683293,0.9998680238992629,0.9349606060813795,0.013935514648373372
1012.8891666666528,17.43854741879321,0.18811387012285713,2.116916888124998,0.003405950089308561,0.004158371905577542,1.0032739739885714,0.938059698917327,0.013984767937612155
1013.7612499999861,17.63850223445473,0.1887959603349865,2.132527019112687,0.003637814464689951,0.004157794424348612,1.0069117884532615,0.9413691401335273,0.014037388097736948
1014.6666666666528,17.20730998405628,0.1895065867418553,2.147312871982228,0.003790007503300189,0.004157192735969495,1.0107017959565616,0.9448163485367593,0.014092224963203509
1015.5833333333194,17.046307585862994,0.19022864465718542,2.1619019997062976,0.0038509755484273777,0.004156581349172356,1.014552771504989,0.9483182917282975,0.01414795992846446
1016.488749999986,17.436338038302285,0.1909444539829629,2.177144208215786,0.003817649737480065,0.004155975263402463,1.018370421242469,0.9517892146504756,0.014203228461949016
1017.3608333333193,18.266475803589024,0.19163640725051742,2.1937518412108474,0.003690417426957406,0.004155389414775992,1.0220608386694263,0.9551437843569712,0.014256670084835589
1018.179999999986,19.24984315524307,0.19228864256423783,2.2119610908810405,0.0034785883398422007,0.00415483725307883,1.0255394270092686,0.9583051939851746,0.014307057717418484
1018.929999999986,19.81701698248234,0.19288776543995967,2.2310498569387915,0.003195322003849656,0.004154330127404944,1.0287347490131182,0.9612086453621225,0.014353353801687636
1019.5995833333193,19.203236951146543,0.19342425695119098,2.248566951618959,0.0028612880599004644,0.004153876092430824,1.0315960370730186,0.9638081518848146,0.01439481958490645
1020.1829166666527,5.62274473180814,0.19389289744062477,2.2507837979311103,0.0024994159436468517,0.0041534795523341704,1.0340954530166655,0.9660785676232853,0.014431048401814115
1020.679999999986,0.0,0.1942931810151197,2.246678995543623,0.0021348457306396957,0.0041531409144812854,1.036230298747305,0.9680175744973278,0.014461998184619003
1021.0966666666526,0.0,0.19462937756011028,2.2432315564970775,0.0017930482399497096,0.00415285654268319,1.0380233469872548,0.969645966877199,0.014487996611343725
1021.4441666666526,0.0,0.1949102345849162,2.2403516994073245,0.0014979041322982446,0.004152619014917945,1.039521251119553,0.971006198189116,0.014509718256881002
1021.7387499999859,0.0,0.19514865520789393,2.237907061355763,0.0012715766558811994,0.004152417399491288,1.0407928277754344,0.9721608180796023,0.014528159762075157
1021.9999999999859,0.0,0.19536034705990432,2.2357365504114224,0.0011290232107218974,0.004152238399436229,1.0419218509861563,0.9731859302669565,0.014544535308339494
1022.2499999999859,0.0,0.19556313436915848,2.233657396106007,0.0010815323160223336,0.004152066932846017,1.0430033833021786,0.9741678642253303,0.014560223339358483
1022.5112499999859,0.0,0.1957752579123688,2.2314825780915832,0.0011313255637884275,0.004151887567556227,1.044134708865967,0.9751949450129049,0.014576635002419305
1022.8058333333192,0.0,0.1960146944266909,2.2290278042922678,0.0012769947430510235,0.004151685092543982,1.045411703609018,0.976354197570834,0.014595161500754947
1023.1533333333192,0.0,0.1962974706082916,2.226128799414126,0.0015081396352039887,0.004151445940643524,1.046919843244222,0.9777231806042465,0.01461704371028034
1023.5699999999858,0.0,0.19663699642615268,2.222648143628823,0.0018108043619258045,0.004151158750754643,1.0487306476061478,0.9793667550601721,0.01464332067773228
1024.0670833333193,0.0,0.19704271777865098,2.2184890876744148,0.0021638472133241452,0.004150815508855511,1.0508944948194718,0.9813305590690933,0.014674725409895253
1024.6504166666525,0.0,0.1975197726957587,2.213599075301639,0.002544292891241399,0.004150411842402022,1.0534387877107132,0.9836393457393886,0.014711658221134502
1025.3199999999858,5.0365466653989195,0.19806862791363822,2.2148205266932983,0.0029272278286907667,0.004149947333226209,1.056366015539404,0.9862952320742024,0.014754158424753382
1026.0699999999858,13.95624011677186,0.198685031184681,2.22743497853187,0.0032874841122280795,0.004149425563827158,1.059653499651632,0.9892774832622868,0.014801900304096538
1026.8891666666525,17.423939447733744,0.19936028269071127,2.244165116477884,0.0036013413654947934,0.004148853892650971,1.0632548410171268,0.9925438473591784,0.014854213652329433
1027.761249999986,17.632951144025302,0.20008149119909788,2.260706494384161,0.003846445378062013,0.004148243240601044,1.0671012863951888,0.996031820335331,0.014910103035739567
1028.6666666666526,17.20476254132371,0.20083285972524734,2.2763765663355184,0.004007298806130302,0.004147607001732083,1.0711085852013191,0.9996648904907458,0.014968346827835058
1029.5833333333194,17.044184255942653,0.20159630183706442,2.291842180093197,0.00407169126302452,0.0041469605188289155,1.0751802764643437,1.0033555399558154,0.01502754449868845
1030.488749999986,17.434078606889702,0.20235312397242533,2.307998735795377,0.004036384721924966,0.004146319652487895,1.0792166611862686,1.007013391586094,0.015086246740806625
1031.3608333333195,18.26344338042588,0.20308471065658257,2.3255960461416114,0.0039017956488386117,0.0041457001952411535,1.083118456835107,1.0105485234509315,0.015143008553039596
1032.1799999999862,19.245842596572196,0.2037742931500392,2.344875050976323,0.003677773298435233,0.004145116367021934,1.0867962301335423,1.0138800080489208,0.015196526622740656
1032.9299999999862,19.81231418097996,0.20440771232031002,2.3650524126062815,0.0033782355747777443,0.004144580165823894,1.09017446570832,1.016939579863844,0.015245698934664693
1033.5995833333195,19.198388726835905,0.20497490700271967,2.383484297105104,0.0030250383061848985,0.004144100105869232,1.093199504014505,1.0196788008883566,0.015289740843438144
1034.1829166666528,5.618439459011139,0.205470361516548,2.385818098575144,0.0026424240737510547,0.004143680841494408,1.095841928088256,1.0220711952348402,0.015328220422850071
1034.6799999999862,0.0,0.20589354348754954,2.3814851107512545,0.0022569705120080333,0.004143322801321271,1.0980988986002642,1.0241143399745434,0.01536109299502852
1035.096666666653,0.0,0.20624896911628424,2.377846071084982,0.0018956033532518371,0.00414302213908378,1.099994501953516,1.0258301626843718,0.015388706598220982
1035.444166666653,0.0,0.20654588779792502,2.3748061876985544,0.0015835663020839926,0.004142771006259703,1.1015780682556,1.0272634086488397,0.015411777718096353
1035.7387499999863,0.0,0.20679794163099932,2.3722257283892207,0.0013442871097298257,0.004142557844100338,1.1029223553653298,1.02847999365244,0.015431364914099611
1035.9999999999864,0.0,0.20702173708026494,2.3699346425544086,0.0011935757294165952,0.004142368593556349,1.1041159310947464,1.0295601108715522,0.015448757800382807
1036.2499999999864,0.0,0.2072361177832597,2.3677400026199438,0.00114336374930557,0.004142187308797941,1.1052592948440518,1.0305947243994569,0.015465420457637382
1036.5112499999864,0.0,0.207460367342293,2.365444400326872,0.0011959976481777526,0.004141997674018681,1.1064552924922295,1.03167689780066,0.015482851701327837
1036.8058333333197,0.0,0.20771348982384047,2.362853312521745,0.0013499865682528522,0.004141783607555684,1.1078052790604824,1.0328983215755927,0.015502529163269795
1037.1533333333198,0.0,0.20801242732734296,2.359793350483934,0.0015943333520134475,0.004141530766104405,1.1093996124124959,1.034340708616472,0.01552577080818775
1037.5699999999865,0.0,0.20837135512289834,2.3561194792698563,0.0019142815762953895,0.004141227139171467,1.1113138939887912,1.0360723888302512,0.015553680232191221
1038.06708333332,0.0,0.20880025726167692,2.3517296004037975,0.0022874780734858653,0.004140864255437732,1.113601372062277,1.0381414338771842,0.015587035977831159
1038.6504166666532,0.0,0.20930456316979582,2.3465682693557834,0.002689631509967295,0.004140437493975891,1.1162910035722444,1.0405739061671622,0.015626263225900078
1039.3199999999865,5.014713477712246,0.209884763606966,2.3478510109831596,0.0030944023315743457,0.004139946414929213,1.1193854059038189,1.043372015123121,0.015671403728325928
1040.0699999999865,13.921881650033542,0.21053636053256441,2.361181576128634,0.003475183603191369,0.004139394808213735,1.1228605895070103,1.0465138921545483,0.01572211152937248
1040.8891666666532,17.40857132397279,0.21125015441554665,2.3788965441397614,0.003806900709238445,0.004138790455608232,1.1266674902162488,1.0499549999704574,0.01577767478199399
1041.7612499999866,17.627119697899342,0.21201251549428074,2.396421906452594,0.004065925753248405,0.004138144904649839,1.1307334159694973,1.0536294691482282,0.015837036208522396
1042.6666666666533,17.202089043553617,0.21280674329442376,2.4130265308257006,0.0042358816007628634,0.004137472316653427,1.13496929757026,1.0574566803587218,0.015898898287804032
1043.58333333332,17.04195598682798,0.21361371848914243,2.429419014401622,0.004303867705166435,0.004136788911988573,1.1392731652754264,1.0613444294352807,0.01596177348287099
1044.4887499999868,17.43170754905079,0.21441368141106132,2.4465423156862354,0.0042664689169007435,0.004136111457212968,1.1435396341923272,1.0651975114464736,0.016024122450968924
1045.3608333333202,18.26026102113134,0.21518695638040652,2.465185228423807,0.004124133169840925,0.004135456645703718,1.1476637673621681,1.0689212124801357,0.01608441042524446
1046.1799999999869,19.241644962252074,0.21591582100434287,2.4855925932929024,0.003887277994327225,0.004134839507366817,1.1515510453564954,1.0724303032862457,0.016141253131190133
1046.9299999999869,19.807379184730273,0.21658531217119914,2.5069143374401244,0.003570619556566487,0.004134272722533228,1.155121664913062,1.0756528996850643,0.016193480098084637
1047.5995833333202,19.193266524461226,0.2171847987306374,2.526298835943728,0.0031972616503376074,0.004133765288529233,1.1583189265633995,1.0785380063956993,0.016240257941434903
1048.1829166666535,5.613910038610371,0.2177084539917128,2.5287545902790667,0.00279282805906875,0.0041333221225370404,1.1611117546224683,1.0810577613929442,0.01628112790750761
1048.6799999999869,0.0,0.21815571803176695,2.524182394204107,0.002385408213622008,0.004132943675278923,1.1634971628360904,1.083209634614913,0.016316042546877164
1049.0966666666536,0.0,0.2185313663509584,2.5203425033925773,0.002003457702354529,0.00413262587931918,1.1655006205384448,1.0850167387495608,0.016345371521404597
1049.4441666666537,0.0,0.21884517635545025,2.5171348711047394,0.0016736533572900883,0.004132360437394833,1.167174273895735,1.0865262133738305,0.01636987582768243
1049.738749999987,0.0,0.21911156742792526,2.5144120385311153,0.0014207523865333207,0.004132135131141826,1.1685950262822682,1.0878074896036523,0.01639067978495132
1049.999999999987,0.0,0.21934809136322247,2.5119945632088387,0.0012614609882517914,0.004131935099935218,1.16985648727052,1.0889450306031023,0.016409153119525784
1050.249999999987,0.0,0.219574663875318,2.509678870171235,0.001208386731176013,0.004131743489307448,1.171064874001696,1.0900346391676095,0.016426850861446244
1050.511249999987,0.0,0.21981166521916223,2.5072566624600072,0.0012640071671691634,0.004131543054116961,1.1723288811688652,1.0911743256404907,0.016445364932623607
1050.8058333333204,0.0,0.22007917976860936,2.504522693246372,0.001426744263717988,0.004131316797081678,1.1737556254325832,1.092460650768273,0.016466264754758177
1051.1533333333205,0.0,0.22039511217307584,2.501294022359394,0.0016849728238212897,0.004131049558711601,1.1754405982564045,1.0939796634229504,0.016490950163237938
1051.5699999999872,0.0,0.22077444234108465,2.4974176347378236,0.0020230942293803025,0.004130728645679795,1.1774636924857849,1.095803313670922,0.016520593307456904
1052.0670833333206,0.0,0.22122772002544297,2.4927858277432096,0.0024174809832444295,0.004130345105916902,1.1798811734690293,1.0979822118996585,0.016556021090090262
1052.6504166666539,0.0,0.22176068080244546,2.4873401329966707,0.0028424574773465317,0.004129894057511779,1.1827236309463758,1.1005437851584807,0.016597685100460675
1053.3199999999872,4.991971003576466,0.22237384037024086,2.4886864394460426,0.0032701843615754326,0.004129375038073322,1.1859938153079512,1.1034903368499176,0.016645629679915643
1054.0699999999872,13.885825822451173,0.22306244187941787,2.5027694631129527,0.003672541382277372,0.004128792055939204,1.1896663566902286,1.1067988122444419,0.01669948737767361
1054.8891666666539,17.39241310665309,0.22381676000668133,2.521523431645773,0.004023030012071917,0.00412815333835431,1.1936893867023004,1.110422286064648,0.016758502123011037
1055.7612499999873,17.62099776275726,0.22462238815415006,2.540088123330889,0.004296683453166631,0.0041274710920516326,1.197986070155467,1.1142913741504519,0.016821550957695018
1056.666666666654,17.199285214155775,0.22546167567794795,2.557680154005212,0.00447620012692208,0.004126760285319352,1.202462270282389,1.1183211686732242,0.016887255757909933
1057.5833333333208,17.03961923310231,0.2263144171785743,2.5750524739078138,0.004547954670007331,0.004126038061375767,1.2070102249523964,1.1224145742605387,0.016954036582586377
1058.4887499999875,17.429221099231228,0.22715973217430377,2.5931975864073538,0.004508346643890444,0.004125322139315638,1.2115185715962868,1.1264713484719722,0.017020258469070296
1059.360833333321,18.256923657850546,0.2279768305508745,2.6129447791217575,0.004357858008377492,0.004124630159523478,1.2158764296046642,1.130391778606467,0.017084291317147435
1060.1799999999876,19.2372436918658,0.2287469876509203,2.6345417730462444,0.004107504533577394,0.0041239780032409695,1.2199839341382417,1.1340861493078687,0.01714466486909259
1060.9299999999876,19.802204333029902,0.22945439555645544,2.6570657744588955,0.0037728421628541397,0.004123379067849946,1.223756776301096,1.1374788038392896,0.01720013595324116
1061.5995833333209,19.18786034947574,0.230087824346674,2.677441173028177,0.0033782868811653133,0.004122842858222577,1.2271350631822613,1.1405160821227385,0.017249819423516288
1062.1829166666541,5.609147535756541,0.23064112079398216,2.6800239671650723,0.002950914385643753,0.004122374567531969,1.230085977567905,1.14316867910418,0.01729322803526777
1062.6799999999876,0.0,0.2311136963569701,2.67520120434006,0.002520403002602215,0.004121974669445997,1.2326063805705072,1.145433955565745,0.01733031139611354
1063.0966666666543,0.0,0.23151059935399657,2.671150930769449,0.002116815984141139,0.004121638863809312,1.2347231965546484,1.1473362624152326,0.01736146213309544
1063.4441666666544,0.0,0.23184216236079233,2.667767592751133,0.0017683360362442007,0.004121358381495439,1.2364915325908925,1.1489252380156878,0.017387488514711353
1063.7387499999877,0.0,0.23212362184289012,2.6648956364978633,0.0015011172378550104,0.00412112031068972,1.2379926498287475,1.1502739808470512,0.017409584698762283
1063.9999999999877,0.0,0.23237352322396446,2.662345781252412,0.0013328073657296743,0.004120908948162706,1.2393254571944772,1.1514714079329922,0.017429205492543575
1064.2499999999877,0.0,0.23261290899495024,2.659903299483557,0.0012767241119242864,0.004120706484362777,1.2406021813064014,1.1526183685661546,0.01744800251631109
1064.5112499999877,0.0,0.23286331196236587,2.6573484896206145,0.0013354824928833522,0.004120494697356028,1.2419376637992847,1.153818031879531,0.01746766657299383
1064.805833333321,0.0,0.23314595181848743,2.654464873762737,0.0015074125659817284,0.00412025562753074,1.2434450763652665,1.1551720371774077,0.01748986456701256
1065.1533333333211,0.0,0.2334797447110868,2.651059509200596,0.0017802287605298086,0.004119973257629753,1.2452253051257962,1.1567709542640683,0.01751608328196314
1065.5699999999879,0.0,0.23388051601771065,2.646971024991847,0.0021374469686608654,0.00411963417677883,1.247362752094457,1.158690507114113,0.017547567672006742
1066.0670833333213,0.0,0.23435940977311523,2.6420858520505,0.002554100028824385,0.00411922892782452,1.2499168521232813,1.1609839516997262,0.01758519599891579
1066.6504166666546,0.0,0.2349224829894597,2.6363423589420973,0.0030030571538370585,0.004118752354815535,1.2529199092771184,1.1636801357552522,0.017629447897955484
1067.3199999999879,4.968308482643355,0.235570277212379,2.6377545076347175,0.0034549025222363615,0.004118203971982981,1.2563748117993547,1.166781457927665,0.017680370459951553
1068.0699999999879,13.84801737426159,0.2362977632254346,2.6526276597186893,0.0038799254029633964,0.004117588017550957,1.260254737202318,1.1702636237233985,0.017737573405381537
1068.8891666666545,17.375434886887287,0.23709466279386968,2.6724772836223507,0.0042501310316535494,0.004116913187248995,1.2645048682339717,1.174077215114966,0.017800253696561567
1069.761249999988,17.61457532701139,0.23794575267837123,2.6921393337739077,0.004539146050675009,0.004116192380845154,1.2690440142846466,1.1781491809981113,0.01786721862079283
1070.6666666666547,17.196346864067046,0.23883238358353656,2.7107742236861494,0.0047286981608819344,0.004115441414851941,1.2737727124455285,1.1823901408883737,0.017937004452445764
1071.5833333333214,17.03717052406858,0.2397332088298364,2.7291820173401513,0.0048044013135990484,0.004114678402333032,1.2785771137591275,1.1866978997616193,0.01800793311555928
1072.4887499999882,17.426615572323133,0.24062617034680336,2.748406762730348,0.004762461423823823,0.00411392206325972,1.2833395751829513,1.190966964503732,0.018078268097646896
1073.3608333333216,18.253426330221988,0.24148930733142124,2.7693197453434544,0.0046033972512953885,0.004113191032915394,1.2879429724342466,1.1950924135990146,0.01814627805326518
1074.1799999999882,19.232632382585198,0.2423028424568944,2.7921703506721465,0.004338854002523581,0.004112502086771503,1.2922818264367701,1.1989798585273461,0.01821040140970935
1074.9299999999882,19.796782185387258,0.24305008068496894,2.815956552994165,0.0039852705497309526,0.004111869375242607,1.296267096986501,1.2025497140029147,0.018269317786491907
1075.5995833333216,19.182160813923794,0.2437191635116779,2.837361472724324,0.0035684417424478414,0.00411130293606422,1.2998355387289489,1.2057455463238052,0.018322087066699452
1076.1829166666548,5.604142993218339,0.24430359511498914,2.8400764713451117,0.0031169685509933116,0.004110808251996806,1.3029525072799422,1.2085365500121221,0.018368191748606374
1076.6799999999882,0.0,0.24480275726735368,2.83499146166657,0.002662198145944243,0.004110385820494252,1.3056147054258864,1.2109199749783872,0.0184075783149389
1077.096666666655,0.0,0.24522198516107024,2.830721004536107,0.0022358820998216616,0.0041100310966714956,1.307850587525708,1.2129214645414919,0.01844066378247542
1077.444166666655,0.0,0.24557219473322814,2.827153779729176,0.001867784384841948,0.0041097348155335065,1.30971837191055,1.2145932621227344,0.01846830662332229
1077.7387499999884,0.0,0.24586948082216398,2.8241257594948417,0.001585525807657813,0.004109483336708008,1.3113038977182079,1.2160122880079578,0.01849177516477546
1077.9999999999884,0.0,0.24613343257572287,2.821437365648109,0.0014077426856476825,0.00410926007180115,1.3127116404038555,1.217272099762711,0.018512614571107228
1078.2499999999884,0.0,0.24638627598767004,2.8188621986682345,0.0013484981970516158,0.0041090462080057445,1.314060138600907,1.2184788040742753,0.018532579042365743
1078.5112499999884,0.0,0.24665075437770662,2.8161686219912774,0.001410551413528369,0.00410882249738151,1.3154706900144353,1.2197409439860345,0.018553464394035116
1078.8058333333217,0.0,0.24694927979056475,2.8131284051054974,0.0015921355352435016,0.0041085699695533546,1.3170628255496788,1.2211654486726118,0.018577041057994577
1079.1533333333218,0.0,0.24730183061239386,2.809538139207653,0.001880271049755205,0.004108271706388317,1.318943096599434,1.2228475964212477,0.01860488815744768
1079.5699999999886,0.0,0.24772512000376948,2.8052277114644655,0.002257543420669933,0.004107913543485742,1.321200640020104,1.2248670409356297,0.01863832796558329
1080.067083333322,0.0,0.24823091588408716,2.800077417105792,0.002697578028360852,0.0041074854934008065,1.3238982180484649,1.2272797919439435,0.018678293287582186
1080.6504166666552,0.0,0.24882561251070176,2.7940223190363125,0.0031717153419447016,0.0041069821126366885,1.3270699333904095,1.2301161744158373,0.018725293543223002
1081.3199999999886,4.943718395070393,0.24950977817357525,2.795502581852579,0.0036488835353253126,0.004106402891210929,1.3307188169257347,1.2333786831673095,0.01877937874269336
1082.0699999999886,13.808402881948073,0.2502780971844963,2.8112048411828536,0.004097701391579123,0.004105752309162504,1.3348165183173137,1.2370417291676497,0.018840134361519333
1082.8891666666552,17.35760697075423,0.251119710237237,2.832209307438732,0.004488602947950453,0.004105039554610332,1.3393051212652642,1.2410532950264632,0.018906707482132048
1083.7612499999886,17.607842572968064,0.2520185361509683,2.8530295003703023,0.004793738206566702,0.004104278255471602,1.344098859471831,1.2453365080545329,0.018977831311589963
1084.6666666666554,17.193269925427614,0.2529548767017504,2.8727653753844034,0.004993816270837578,0.004103485119266346,1.3490926757426687,1.2497973282105928,0.01905195121425597
1085.5833333333221,17.034606491884535,0.25390618670500026,2.89226703569044,0.005073653350666107,0.004102679277623455,1.3541663290933348,1.2543282494722285,0.019127284894256635
1086.4887499999888,17.42388739369854,0.2548491716773366,2.9126320764155755,0.005029253185794135,0.004101880501481239,1.3591955822791288,1.2588183121180119,0.01920198799283864
1087.3608333333223,18.24976422584184,0.2557606418666656,2.934775265058569,0.0048611743430874215,0.004101108470627014,1.3640567566222164,1.2631571732599227,0.019274221642113676
1088.179999999989,19.227804844184785,0.2566197150981725,2.9589462169872345,0.0045817239013702955,0.004100380899170653,1.3686384805235867,1.2672455820886315,0.01934232729317403
1088.929999999989,19.791105594566623,0.25740876543231545,2.9840565989377623,0.004208268448762515,0.004099712727793146,1.3728467489723493,1.2709998672271543,0.019404902570310717
1089.5995833333222,19.176159326646303,0.2581152749583793,3.0065298537805765,0.003768050805673792,0.004099114553272314,1.3766147997780231,1.2743607116223867,0.019460948978271702
1090.1829166666555,5.5988874791261765,0.2587323886833665,3.00938228659734,0.0032912731999314828,0.004098592161993146,1.3799060729779546,1.2772957517099348,0.019509916883032354
1090.679999999989,0.0,0.2592594576359682,3.004023046158046,0.002811034413875887,0.004098146076025441,1.3827171073918305,1.279802125169064,0.019551749449321053
1091.0966666666557,0.0,0.2597021184754953,2.999522350510311,0.002360857810810989,0.004097771493284014,1.3850779652026415,1.2819068228590103,0.01958688959629919
1091.4441666666557,0.0,0.26007189971890227,2.995762846239344,0.0019721666315040205,0.004097458628023197,1.3870501318341455,1.2836648009821794,0.019616249112593
1091.738749999989,0.0,0.2603857973455968,2.9925716425822744,0.0016741206757041238,0.004097193074944942,1.3887242525098495,1.2851569579825541,0.019641175093583655
1091.999999999989,0.0,0.2606644961018253,2.989738392785334,0.0014863933665522173,0.004096957316414688,1.3902106458764019,1.2864816808439705,0.01966330866255542
1092.249999999989,0.0,0.260931464213973,2.987024492458791,0.0014238299314540913,0.004096731486490655,1.391634475807856,1.287750546942569,0.019684512959045528
1092.511249999989,0.0,0.2612107155162723,2.9841858260239826,0.0014893402789298476,0.004096495260274331,1.3931238160867858,1.2890776907359824,0.019706695321510485
1092.8058333333224,0.0,0.2615259134393099,2.98098187550251,0.001681055589533621,0.004096228606489782,1.3948048716763195,1.2905755448619007,0.01973173612753105
1093.1533333333225,0.0,0.26189815111699905,2.9771982907219083,0.001985267614341847,0.004095913661511109,1.3967901392906614,1.2923442855912528,0.01976131256443926
1093.5699999999892,0.0,0.2623450732701137,2.972655821343061,0.002383584816611522,0.004095535470183641,1.399173724107273,1.2944676537003097,0.01979682901761811
1094.0670833333227,0.0,0.2628791023112072,2.9672283511975697,0.002848154885831943,0.004095083488704233,1.402021878993105,1.297004521760909,0.01983927621667818
1094.650416666656,0.0,0.26350698606350054,2.9608474918158127,0.0033487133455647605,0.004094551972086465,1.4053705923386697,1.299986748801936,0.019889195211843402
1095.3199999999892,4.918196862925875,0.2642293204387239,2.9623981263913555,0.0038524500011912505,0.004093940385312293,1.4092230423398608,1.303416926344467,0.019946639112966246
1096.0699999999892,13.76693132864688,0.2650404886243343,2.978969755422151,0.004326230323255597,0.004093253462628944,1.4135492726631165,1.3072681150391552,0.02001116764682093
1096.889166666656,17.33890008580454,0.26592902104701166,3.001190821898419,0.0047388395876123545,0.004092500909331527,1.418288112250729,1.3114855899918543,0.020081874922964132
1097.7612499999893,17.60078995666285,0.2668779358019217,3.023232761232494,0.0050608786928535675,0.004091697117865035,1.4233489909435826,1.315988500351029,0.020157415475090534
1098.666666666656,17.190050488395137,0.2678664336836204,3.0441304880522684,0.005271988702392838,0.004090859731056649,1.4286209796459755,1.3206779574994847,0.02023613812134615
1099.5833333333228,17.03192390229966,0.26887071178540944,3.0647872430612737,0.005356149876208254,0.004090008949522181,1.4339771295221837,1.3254409309035937,0.0203161498849506
1100.4887499999895,17.421033132016177,0.2698661783671341,3.0863561616653588,0.005309155102531683,0.004089165646983381,1.4392862846247154,1.3301607763070187,0.020395491875455904
1101.360833333323,18.245932724489027,0.2708283544947594,3.1097969451372456,0.005131606014001332,0.0040883505990221315,1.4444178906387168,1.3347215151471288,0.02047221103754967
1102.1799999999896,19.22275515914313,0.2717351992267234,3.135357759841905,0.004836505237141268,0.004087582504281849,1.4492543958758581,1.3390188438566817,0.020544545835226715
1102.9299999999896,19.78516778692536,0.27256811050551727,3.161856284743196,0.004442193486900579,0.004086877132169227,1.4536965893627587,1.3429648464994595,0.020611006815558518
1103.599583333323,19.169848303282052,0.2733138792046846,3.185436723664645,0.003977433062226061,0.004086245665523444,1.4576740224249847,1.3464972125011092,0.020670533487049395
1104.1829166666562,5.593372140772169,0.27396527408253396,3.188431871527446,0.0034741060151962677,0.004085694208817198,1.461148128440181,1.3495819625468481,0.020722542092405802
1104.6799999999896,0.0,0.274521614383851,3.1827861344866935,0.002967148273690974,0.004085223309549071,1.464115276713872,1.3522161211329105,0.020766972273405147
1105.0966666666563,0.0,0.27498885336233203,3.1780449096592913,0.0024919412185652368,0.004084827895505493,1.4666072179324374,1.3544280825574115,0.0208042944577408
1105.4441666666564,0.0,0.27537916234639914,3.1740845371039486,0.0020816479150246544,0.004084497634442382,1.4686888658474622,1.3562756245996694,0.020835477055800886
1105.7387499999897,0.0,0.2757104826794073,3.1707228646180687,0.001767041776043644,0.004084217318526426,1.4704559076235058,1.3578437815515854,0.020861950813720935
1105.9999999999898,0.0,0.27600464832820615,3.167738294581641,0.0015688834602604067,0.004083968455315438,1.4720247910837663,1.3592359601795998,0.020885458761873813
1106.2499999999898,0.0,0.2762864304489538,3.1648794723819016,0.001502837977320725,0.0040837300741770055,1.473527629061087,1.3605694234320844,0.020907979731807618
1106.5112499999898,0.0,0.27658117539299015,3.161889246776735,0.0015719730348604816,0.004083480720596846,1.4750996020959475,1.3619641162367084,0.020931539497489774
1106.805833333323,0.0,0.2769138589704905,3.158514265157408,0.0017743124133354148,0.0040831992505896,1.4768739145092828,1.3635381897433296,0.02095813519686039
1107.1533333333232,0.0,0.2773067433057854,3.1545287498991677,0.002095383121572908,0.004082866808941017,1.4789692976308557,1.3653969089174052,0.02098954815945254
1107.56999999999,0.0,0.27777844988826,3.149743908716656,0.0025157684398644867,0.0040824676112930286,1.4814850660707202,1.3676282598474858,0.021027269972019112
1108.0670833333234,0.0,0.27834208721302545,3.144026932424234,0.003006065732081993,0.00408199053057854,1.4844911318028022,1.3702940875014533,0.02107235287839153
1108.6504166666566,0.0,0.27900477348406694,3.1373058327016135,0.003534326778888406,0.0040814295059532135,1.4880254585816906,1.373427841804468,0.02112537151910872
1109.31999999999,4.891744062183874,0.27976713308485535,3.1389290735409867,0.004065917870871326,0.004080783976562055,1.4920913764525618,1.3770322110792252,0.02118638229503929
1110.06999999999,13.723554730068601,0.28062323287998114,3.156411582474914,0.004565865574004239,0.00408005894371747,1.496657242026566,1.3810788490319026,0.021254917587432375
1110.8891666666566,17.31928561227013,0.28156096280999054,3.179913606025735,0.0050012262933836794,0.004079264655549541,1.5016584683199496,1.3855102139667694,0.021330015248861734
1111.76124999999,17.59340829553748,0.28256239600437943,3.2032437701727776,0.005340977036740824,0.004078416306654989,1.5069994453566904,1.3902413189275233,0.021410246262787955
1112.6666666666567,17.186684841097204,0.28360557847975687,3.2253670168325153,0.0055636398686794855,0.004077532520957026,1.51256308522537,1.3951682363009243,0.02149385691679274
1113.5833333333235,17.02911968799058,0.2846653884394796,3.2472430031209667,0.005652319785187788,0.004076634620147382,1.5182154050105579,1.4001721962009372,0.02157883669316175
1114.4887499999902,17.418049534797106,0.28571587406959204,3.2700823746992858,0.00560259002726625,0.004075744634234531,1.5238179950378241,1.4051306507969843,0.021663105071479526
1115.3608333333236,18.241927446109077,0.2867312050988424,3.2948911718462512,0.005415098822668955,0.004074884487529003,1.529233093860493,1.4099217706990934,0.021744587732496316
1116.1799999999903,19.217477747830856,0.287688126208808,3.321914161354612,0.005103579253149873,0.004074073910548369,1.534336673113643,1.4144360085900587,0.02182141377111349
1116.9299999999903,19.77896245014996,0.2885670126161346,3.349866708212152,0.004687394172408441,0.004073329541072425,1.5390240672860513,1.4185810452863559,0.02189200126147382
1117.5995833333236,19.163221395112718,0.28935393121921316,3.3745930415722425,0.0041968992164190255,0.0040726631758314456,1.5432209665024703,1.422291466594764,0.02195522387464349
1118.1829166666569,5.587588264753511,0.2900412569717207,3.3777362214955056,0.003665737346706505,0.004072081252255667,1.546886703849177,1.4255316200828196,0.022010461616260205
1118.6799999999903,0.0,0.2906282763205266,3.3717914663720223,0.0031307698602983922,0.004071584344061011,1.5500174737094754,1.4282984165746304,0.02205765038763458
1119.096666666657,0.0,0.29112127476868715,3.36679920816676,0.0026293250568561887,0.004071167095525032,1.5526467987663315,1.4306217102802876,0.022097289830383286
1119.444166666657,0.0,0.29153309767913366,3.3626292009417558,0.0021963888557146073,0.004070818601309947,1.554843187622046,1.4325622099939364,0.02213040848602379
1119.7387499999904,0.0,0.29188267740084517,3.3590896240719403,0.001864425182461578,0.0040705228122263895,1.5567076128045076,1.434209244231704,0.022158525935609744
1119.9999999999905,0.0,0.2921930524456417,3.355947136641562,0.0016553335722483211,0.004070260214005453,1.5583629463767559,1.4356714305935112,0.022183493431932065
1120.2499999999905,0.0,0.2924903595104279,3.352937077163255,0.0015856376788597364,0.004070008678135976,1.5599485840556155,1.437071933156917,0.022207412667973065
1120.5112499999905,0.0,0.29280134141148667,3.3497886906709216,0.0016585701389799535,0.0040697455661716534,1.5616071541945955,1.4385367269857283,0.022232435192515453
1120.8058333333238,0.0,0.2931523492363426,3.3462352316624684,0.0018720417325652796,0.004069448567985267,1.5634791959271608,1.4401898973149072,0.022260682139224428
1121.1533333333239,0.0,0.2935668700240684,3.342038999260412,0.0022107775345373976,0.0040690977892438515,1.5656899734616982,1.442141988888528,0.022294045433122883
1121.5699999999906,0.0,0.294064548627309,3.337001246896563,0.0026542858839500388,0.004068676576752652,1.5683442593456483,1.4444853915358953,0.022334109265654215
1122.067083333324,0.0,0.29465921215968444,3.3309821855230553,0.003171538839335459,0.004068173192465254,1.5715157981849837,1.4472850321295034,0.02238199120621826
1122.6504166666573,0.0,0.29535836649261243,3.323906076133788,0.0037288231089494164,0.0040675812449058124,1.575244621293933,1.4505760080495897,0.02243830156644928
1123.3199999999906,4.864364640309489,0.2961626652948098,3.3256041257240474,0.0042895936117194,0.004066900146609406,1.5795342149056524,1.4543611040240627,0.022503100241297445
1124.0699999999906,13.678228816015137,0.29706584336891595,3.3440402250508092,0.0048169497285659784,0.00406613517926967,1.5843511646342183,1.458610509534633,0.022575890571031283
1124.8891666666573,17.29873583996013,0.2980551189469892,3.3688901771375934,0.005276136416390941,0.004065297160365645,1.5896273010506092,1.4632637560532722,0.022655650664291073
1125.7612499999907,17.58568886402283,0.29911157452732384,3.39357796438274,0.005634429761784761,0.004064402125485358,1.595261730812394,1.468231561861233,0.022740862776287094
1126.6666666666574,17.183169512669426,0.3002120458562236,3.4169932516902666,0.005869180420798361,0.004063469726886191,1.6011309112331924,1.473404769341124,0.022829664310213417
1127.5833333333242,17.026190984447126,0.30133002918730944,3.4401555798522283,0.005962577765791511,0.004062522461042554,1.6070934889989839,1.4786586540326485,0.022919919923911555
1128.488749999991,17.414933566717345,0.30243814790753537,3.4643350359628795,0.005909966507871469,0.004061583569385098,1.6130034555068553,1.483864545375098,0.023009419930590056
1129.3608333333243,18.237744302490164,0.3035091563994355,3.490585342140437,0.0057120452901339505,0.004060676179472612,1.6187155007969893,1.4888945481543283,0.02309596123381011
1130.179999999991,19.211967438697343,0.30451852773194016,3.5191456139223978,0.005383313773358102,0.004059821102427476,1.6240988145703474,1.493633680708671,0.023177556783560052
1130.929999999991,19.772483828379464,0.3054455664557666,3.5486198882263857,0.004944206527074708,0.004059035885188377,1.629043021097422,1.4979850624898303,0.02325252645243091
1131.5995833333243,19.156273734978868,0.3062755818298615,3.5745304985292345,0.004426748661839179,0.004058332966978705,1.6334697697592613,1.5018800662357492,0.023319673995904375
1132.1829166666575,5.581527343692706,0.3070005369981508,3.5778270477702176,0.00386642756420966,0.004057719133438252,1.637336197323471,1.5052813096559963,0.02337834093841034
1132.679999999991,0.0,0.3076196846313765,3.5715705285105805,0.0033021207105369925,0.004057194985256408,1.640638318034008,1.5081855899335501,0.02342845920995653
1133.0966666666577,0.0,0.3081396586536869,3.5663165453758654,0.0027731947856554397,0.004056754869378281,1.6434115128196636,1.510624278015763,0.023470559476803595
1133.4441666666578,0.0,0.30857401064634177,3.5619279814651668,0.002316543960826066,0.004056387279955436,1.6457280567804897,1.512661123304841,0.023505734137598096
1133.7387499999911,0.0,0.30894271097507814,3.558202933171133,0.001966401753260339,0.004056075286451918,1.64769445853375,1.5143899068707762,0.023535597112436527
1133.9999999999911,0.0,0.3092700596607942,3.554895814932384,0.001745859657152315,0.004055798304353381,1.6494403181909023,1.515924647983209,0.02356211458160043
1134.2499999999911,0.0,0.3095836233934317,3.551728091827718,0.001672339907400147,0.004055532992510722,1.6511126580983024,1.517394627050716,0.023587518711359425
1134.5112499999912,0.0,0.30991160727186656,3.5484148271282567,0.0017492473516524092,0.004055255472634143,1.652861905449955,1.5189320684923724,0.023614094617511953
1134.8058333333245,0.0,0.31028180238717873,3.5446753144999317,0.001974373948331872,0.0040549422134619015,1.6548362793982867,1.520667206678598,0.02364409511127938
1135.1533333333246,0.0,0.31071897823031597,3.5402594255772453,0.002331604496731859,0.004054572232635025,1.6571678838950186,1.522716056651183,0.023679529564649252
1135.5699999999913,0.0,0.31124385093849577,3.534958040366945,0.002799321110292284,0.00405412796735511,1.659967205005311,1.5251755698053913,0.023722080510449207
1136.0670833333247,0.0,0.3118709996815914,3.5286240986809707,0.0033447932965095964,0.0040535970401091,1.6633119983018205,1.528113863815197,0.023772934890108115
1136.650416666658,0.0,0.31260833572852337,3.5211779581005582,0.003932458916970931,0.004052972713634853,1.6672444572187914,1.5315677394733085,0.02383274089543849
1137.3199999999913,4.83606813339604,0.3134565428003221,3.522952978247177,0.004523771049593176,0.004052254373121479,1.6717682282683846,1.535540076967985,0.023901562130956108
1138.0699999999913,13.630913766456928,0.3144090073675327,3.5423865186892107,0.005079811025123246,0.004051447594411185,1.676848039293508,1.539999543840431,0.0239788710957559
1138.889166666658,17.27722425154228,0.31545224375705155,3.5686539865520457,0.005563927410767317,0.004050563791676843,1.6824119667042752,1.5448826344468902,0.024063582452321004
1139.7612499999914,17.57762349696385,0.31656629679539533,3.5947717477917314,0.005941616204499769,0.004049619881511901,1.688353582908775,1.5500956136655466,0.024154084230003144
1140.666666666658,17.17950131926475,0.31772673483467584,3.6195484899342434,0.006189002876163144,0.004048636593141033,1.694542585784938,1.5555239031922643,0.02424839820168515
1141.5833333333248,17.023135168309878,0.3189056073053738,3.644067300429333,0.00628731984372265,0.004047637653079706,1.7008299056286607,1.561036609452097,0.024344256467847103
1142.4887499999916,17.411682450509915,0.3200740462471571,3.6696595826232645,0.006231674356177002,0.004046647570876289,1.7070615799848377,1.5664987209947765,0.02443931217396333
1143.360833333325,18.233379552490323,0.32120332492293047,3.6974280032279294,0.006022819604124922,0.004045690733367479,1.7130843995889626,1.57177606306419,0.024531225469694422
1144.1799999999917,19.206219543267018,0.3222675860120344,3.727603442352206,0.005676059141887683,0.004044789082329752,1.7187604587308503,1.5767480304828103,0.02461788596638339
1144.9299999999917,19.765726824562716,0.323245014202052,3.758668864764518,0.005212950346760335,0.004043961115721446,1.7239734090776107,1.5813130246691738,0.024697509253175213
1145.599583333325,19.149002197528716,0.32412012660049944,3.785801602238303,0.0046672661250531855,0.004043219944585059,1.7286406752026637,1.5853990971271565,0.02476882484038579
1146.1829166666582,5.5751811496976815,0.3248844561229076,3.789256861606746,0.0040764241195102085,0.0040425727183741,1.7327170993221739,1.5889670799587812,0.024831133388799276
1146.6799999999917,0.0,0.3255372207321967,3.7826756437760283,0.0034814112495421263,0.004042020065466112,1.736198510571716,1.5920136573165935,0.024884362612162564
1147.0966666666584,0.0,0.3260854194466057,3.7771490872929245,0.002923726476847806,0.004041556021220242,1.7391222370485637,1.594571773811127,0.02492907612388483
1147.4441666666585,0.0,0.32654334316963,3.7725329145802435,0.0024422598561298537,0.004041168451073165,1.7415644969046935,1.5967083286559287,0.024966434135634173
1147.7387499999918,0.0,0.3269320485999743,3.768614718054083,0.0020730956285027868,0.004040839502036389,1.7436375925331964,1.5985217129390068,0.024998150750213673
1147.9999999999918,0.0,0.3272771557905939,3.765136158649667,0.001840571683304459,0.004040547469599983,1.745478164216501,1.600131537216277,0.02502631419405503
1148.2499999999918,0.0,0.3276077276245436,3.76180425316312,0.0017630497810652884,0.004040267743725514,1.7472412139975662,1.601673411927752,0.02505329518806217
1148.5112499999918,0.0,0.3279534990737171,3.7583192967529597,0.0018441143955918254,0.004039975148854808,1.749085328393158,1.6032860284425348,0.025081520687848025
1148.8058333333252,0.0,0.328343767690468,3.754386046293191,0.002081432622671589,0.004039644876120462,1.7511667610158297,1.6051059836296868,0.025113383337793248
1149.1533333333252,0.0,0.3288046444795739,3.7497414347484224,0.002458009541897732,0.004039254804927513,1.7536247705577275,1.6072549517394885,0.02515101723086217
1149.569999999992,0.0,0.32935796603511475,3.7441655440153734,0.002951048296217917,0.004038786421037186,1.7565758188539453,1.6098346020754641,0.02519620933171756
1150.0670833333254,0.0,0.3300190978664863,3.737503747969659,0.003526036433981843,0.004038226678258145,1.760101855287927,1.612916350769152,0.025250220249762034
1150.6504166666587,0.0,0.3307963747787253,3.7296723466950956,0.004145476865274729,0.004037568478035532,1.7642473321532017,1.616538757025996,0.02531373840220703
1151.319999999992,4.806869375725919,0.33169051125482013,3.731526450346068,0.004768727872505782,0.004036811177522836,1.7690160600257074,1.6207047949441913,0.025386831331781743
1152.069999999992,13.581574999792755,0.3326945286460883,3.752002349233745,0.005354759420096628,0.00403596066091777,1.774370819445804,1.625381552220006,0.025468938785055985
1152.8891666666586,17.254725832545223,0.3337942042421719,3.7797595204993915,0.005864936512446135,0.004035028967230072,1.7802357559582502,1.6305023760966748,0.02555890804767869
1153.761249999992,17.56920470067125,0.3349684968460323,3.807382577495373,0.006262893887255545,0.004034033935193408,1.7864986498455058,1.6359689202439454,0.025655027086385864
1154.6666666666588,17.175677412848955,0.3361916487432306,3.8335931098542084,0.006523476785057428,0.0040329974209576775,1.7930221266305633,1.6416609963317965,0.025755194881739576
1155.5833333333255,17.019949898000366,0.3374341959540684,3.8595416172699943,0.006626918457801721,0.004031944437804865,1.7996490450883649,1.6474413289925374,0.025857002767051152
1156.4887499999923,17.408293710305774,0.3386657109077902,3.886622618213789,0.006568079753182827,0.00403090082156529,1.8062171248415477,1.653168349958201,0.025957958225327354
1157.3608333333257,18.228829860588245,0.3398559183218941,3.915988887097877,0.006347772875220997,0.004029892275798458,1.8125648977167688,1.6587013937355055,0.026055576183830267
1158.1799999999923,19.20022993563857,0.34097757027326203,3.9478601186827804,0.005982143740628612,0.004028941924213814,1.8185470414573974,1.6639140450159329,0.02614761527807736
1158.9299999999923,19.75868710972482,0.3420076812247913,3.9805876898051813,0.005493925074822905,0.004028069258646567,1.8240409665322204,1.6686998329340317,0.026232180357023415
1159.5995833333257,19.14140566995682,0.3429299408428565,4.008979653635855,0.004918717963014384,0.00402728809194919,1.8289596844952347,1.6729833815793413,0.026307922089451145
1160.182916666659,5.568541814636756,0.34373543302531984,4.012598950263468,0.004295958306471193,0.004026605953308974,1.833255642801706,1.6767236830848418,0.0263740977433264
1160.6799999999923,0.0,0.3444233401539155,4.005679952691951,0.0036688380191769775,0.0040260234994549835,1.8369244808208829,1.679917309824301,0.0264306305562074
1161.096666666659,0.0,0.34500104349456356,3.999869852643315,0.0030810844834562555,0.004025534439494497,1.8400055653043392,1.6825988368159044,0.02647811912978386
1161.4441666666592,0.0,0.3454836072452034,3.9950169182716446,0.002573673336745553,0.004025125981201595,1.8425792386410849,1.684838421292025,0.026517795688588152
1161.7387499999925,0.0,0.34589322397780875,3.99089781190609,0.002184622573895263,0.004024779306982329,1.8447638612149801,1.6867392200501858,0.026551480722086972
1161.9999999999925,0.0,0.3462568937580263,3.987240926239396,0.0019395721611601556,0.004024471541335121,1.8467034333761403,1.6884266222174218,0.02658139206038439
1162.2499999999925,0.0,0.3466052434931731,3.98373824850762,0.0018578652541165676,0.00402417674768714,1.8485612986302569,1.690042779196917,0.026610047558548663
1162.5112499999925,0.0,0.34696960727052933,3.980074713011793,0.00194327347923306,0.004023868394375572,1.85050457210949,1.6917330639772903,0.02664002479476945
1162.8058333333258,0.0,0.3473808571725041,3.975939957752138,0.002193332810532047,0.004023520337079449,1.852697904920022,1.6936406463162748,0.026673864904907477
1163.153333333326,0.0,0.3478665061954488,3.9710574606017763,0.002590128122371456,0.004023109265547272,1.8552880330423935,1.6958930458239065,0.026713834425265714
1163.5699999999927,0.0,0.3484495617201707,3.9651960765656113,0.003109629465183553,0.004022615671272427,1.858397662507577,1.698596803601997,0.026761831218156926
1164.067083333326,0.0,0.3491462106554816,3.9581933163124154,0.0037154609883252123,0.004022025809507675,1.8621131234959023,1.7018267399634057,0.026819194121618647
1164.6504166666593,0.0,0.3499652298477416,3.9499612675899725,0.004368102358719625,0.004021332204583039,1.866481225854622,1.7056232261808246,0.026886654267923516
1165.3199999999927,4.7767888935120695,0.3509073651820935,3.95189651145993,0.00502472178321032,0.004020534184983517,1.8715059476378322,1.7099893280483356,0.026964283380613796
1166.0699999999927,13.530184009334732,0.35196525560568603,3.9734606646164674,0.005642082259160381,0.004019637957892805,1.8771480298969925,1.7148904956031474,0.027051486424415738
1166.8891666666593,17.23121740796403,0.35312390735328364,4.002782293100983,0.006179475987187008,0.004018656216056669,1.8833275058841794,1.7202568198641537,0.027147039135040366
1167.7612499999927,17.560425771206564,0.3543611436217471,4.03198893995027,0.006598593431805116,0.0040176077625365255,1.8899260993159845,1.72598518722946,0.027249123219970032
1168.6666666666595,17.171695332516993,0.3556498205128873,4.059708532010832,0.006872943419414556,0.004016515631602543,1.8967990427353991,1.7319496124728908,0.027355507263924807
1169.5833333333262,17.0166331564186,0.35695889245994383,4.087163055617323,0.006981717050968144,0.004015406181390949,1.9037807597863672,1.7380062289207967,0.027463633117217983
1170.488749999993,17.404765217170965,0.3582563024364584,4.1158118455994375,0.006919519874744524,0.004014306633534484,1.9107002796611117,1.7440066991501157,0.02757085358215029
1171.3608333333264,18.224092358433097,0.35951015767339256,4.146858826016487,0.006687227930315292,0.0040132440670594995,1.917387507591427,1.749803659624173,0.027674529373276944
1172.179999999993,19.19399513604805,0.3606917581242949,4.180509155605183,0.006301869071479109,0.004012242840008514,1.9236893766629062,1.7552647020871774,0.027772280042597183
1172.929999999993,19.751361238617456,0.36177689661360085,4.21497129510034,0.005787405276298415,0.0040113234818523824,1.9294767819392047,1.760278332616203,0.027862092844411452
1173.5995833333263,19.133485328162738,0.3627483993830105,4.244658601560614,0.005181348103518281,0.004010500537838291,1.934658130042723,1.7647656444550155,0.027942534726546793
1174.1829166666596,5.561601917194307,0.3635968822035688,4.248447231412523,0.004525241709643969,0.004009781933080449,1.939183371752367,1.768683737225067,0.02801281687930444
1174.679999999993,0.0,0.3643214910737252,4.241177273611572,0.0038645806408342614,0.004009168353260638,1.9430479523932012,1.772029073476228,0.028072857788259277
1175.0966666666598,0.0,0.36493000711485,4.235072577896063,0.003245418885998983,0.0040086531661784495,1.9462933712792,1.7748379148836009,0.02812329321039617
1175.4441666666598,0.0,0.36543830259584126,4.229973661674143,0.0027109092319535146,0.0040082228923084065,1.9490042805111536,1.777183783242157,0.028165431841805807
1175.7387499999932,0.0,0.36586975662713084,4.225645827465948,0.0023010881668775376,0.004007857706335169,1.951305368678031,1.7791747539804135,0.028201207144867017
1175.9999999999932,0.0,0.3662528106018272,4.221803680954357,0.00204295453171409,0.004007533509627947,1.953348323209745,1.7809421785286266,0.02823297457653134
1176.2499999999932,0.0,0.36661972477162524,4.218123594227294,0.0019568755722562154,0.004007222980160905,1.9553051987820014,1.7826349560258121,0.02826340823415205
1176.5112499999932,0.0,0.3670035030866208,4.214274543767086,0.0020468176799761694,0.004006898170043063,1.9573520164619775,1.784405351397851,0.028295245642345118
1176.8058333333265,0.0,0.367436661692938,4.209930462654707,0.0023101792336916657,0.0040065315403987984,1.9596621956956692,1.7864033132987143,0.02833118562016872
1177.1533333333266,0.0,0.36794817733998264,4.2048008539480035,0.0027280834509049597,0.004006098538800657,1.9623902791465742,1.7887623888293476,0.028373635345333707
1177.5699999999933,0.0,0.3685622795699666,4.198642914520181,0.0032752118932479635,0.004005578618751402,1.9656654910398221,1.7915941412673742,0.02842461044188148
1178.0670833333268,0.0,0.36929601244496013,4.191285993267598,0.003913241999965193,0.004004957306474401,1.9695787330397874,1.7949768981438694,0.028485532818005307
1178.65041666666,0.0,0.3701586136748089,4.182637810686887,0.004600539892526817,0.0040042267330883796,1.9741792729323142,1.798952894686116,0.028557178963942248
1179.3199999999933,4.745853273470381,0.37115086110447293,4.184656189040787,0.005291986291541537,0.0040033861978450444,1.9794712592238557,1.8035252854480621,0.028639625041432266
1180.0699999999933,13.476719242239325,0.3722649935190511,4.207355367345488,0.0059420395444170285,0.00400244224594729,1.9854132987682727,1.808657825395055,0.028732239078854367
1180.88916666666,17.20667800480112,0.3734852112572598,4.23831871770149,0.006507827937113061,0.004001408253479887,1.9919211267053858,1.8142772417586686,0.028833720831639445
1181.7612499999934,17.551280919304315,0.3747881511951982,4.2691902030636735,0.006949013002338208,0.004000304030988789,1.998870139707724,1.8202755003418583,0.028942139169522665
1182.6666666666601,17.167553057976697,0.37614522181506654,4.298497054156206,0.007237709972631225,0.003999153843189761,2.006107849680355,1.8265206358556918,0.029055124209400297
1183.583333333327,17.01318329540865,0.37752372634613784,4.327537032453809,0.007352024165713354,0.0039979854523962705,2.0134598738460685,1.8328619853983181,0.02916995906586057
1184.4887499999936,17.401095236518767,0.37888990703874786,4.357835868887165,0.007286297027253686,0.003996827526784579,2.020746170873322,1.8391442351303433,0.029283832286822124
1185.360833333327,18.219164708961337,0.380210183345053,4.39064953446245,0.007041473633627711,0.00399570858075183,2.0277876445069496,1.845213121544597,0.029393940830195416
1186.1799999999937,19.18751239790943,0.38145434041899723,4.426164863884344,0.006635504394369323,0.00399465426006558,2.0344231489013187,1.8509300657730126,0.029497756557574764
1186.9299999999937,19.743746770996328,0.38259689711368583,4.462435222349219,0.006093635705005769,0.003993686176379849,2.0405167846063246,1.8561784046900263,0.02959314185218666
1187.599583333327,19.12524491193948,0.3836197796677976,4.493452761533798,0.005455373621929468,0.00399281963843134,2.045972158228254,1.8608756008381557,0.029678574761185676
1188.1829166666603,5.554354576542941,0.38451311635575824,4.497415972000518,0.004764462335790179,0.0039920629836773395,2.0507366205640443,1.864976811067699,0.029753217547217273
1188.6799999999937,0.0,0.3852760160759793,4.489781827631115,0.00406879850784536,0.003991416927279624,2.0548054190718896,1.8684783908252105,0.029816983651263205
1189.0966666666604,0.0,0.38591667783449346,4.483371447258811,0.003416862712075511,0.003990874480312203,2.0582222817839653,1.8714183438505108,0.02987054828619127
1189.4441666666605,0.0,0.38645181747464274,4.478017299311322,0.0028540780807962377,0.003990421445689438,2.0610763598647615,1.8738736606504065,0.029915301352988564
1189.7387499999938,0.0,0.3869060523163162,4.4734728948661235,0.0024225858222582256,0.003990036946396461,2.06349894568702,1.8759574843475357,0.029953296278799786
1189.9999999999939,0.0,0.3873093275811747,4.469438531891229,0.0021508014125790017,0.003989695607519313,2.0656497470995987,1.8778073075240078,0.029987034664643378
1190.2499999999939,0.0,0.3876956075046174,4.465574379814959,0.002060159591694431,0.003989368661530588,2.067709906691293,1.8795789781541337,0.030019356519093588
1190.5112499999939,0.0,0.388099637976813,4.461532858577491,0.002154829185043066,0.003989026683048585,2.0698647358763362,1.8814318575145392,0.030053169211113007
1190.8058333333272,0.0,0.38855565003195786,4.456971608760896,0.0024320642941059877,0.003988640678436106,2.072296800170442,1.8835228732475584,0.030091339000582588
1191.1533333333273,0.0,0.389094147060655,4.451585637760682,0.002871984153051224,0.003988184799604383,2.0751687843234934,1.8859917766859147,0.030136422409389133
1191.569999999994,0.0,0.3897406330522271,4.445120052460622,0.0034479252883843937,0.003987637417560812,2.078616709611878,1.888955298997068,0.030190560109911745
1192.0670833333274,0.0,0.3905130455721913,4.437395741444629,0.0041195334398091785,0.003986983298512811,2.082736243051687,1.892495374463178,0.030255262219985892
1192.6504166666607,0.0,0.39142110227506915,4.42831590371978,0.004842969082015733,0.003986214164047144,2.0875792121337025,1.8966561519327165,0.030331353393280157
1193.319999999994,4.714095495817838,0.3924656134266169,4.43041934372402,0.0055707261415880414,0.003985329283697756,2.0931499382752903,1.9014408710037736,0.030418914502782377
1194.069999999994,13.421167013046947,0.3936383994502076,4.4543010736461275,0.0062548587924836484,0.003984335556096547,2.099404797067774,1.9068115349026762,0.030517274353183434
1194.8891666666607,17.181089239221215,0.3949228191990247,4.486985842425068,0.006850238660358264,0.003983247070910519,2.106255035728132,1.9126914017850691,0.03062505201635442
1195.761249999994,17.541765401105835,0.3962942715001547,4.519606329910729,0.007314412272693396,0.003982084690195894,2.1135694480008254,1.9189673673639518,0.030740196540645175
1196.6666666666608,17.16324906474951,0.39772265461239215,4.55058154538284,0.007618043265266342,0.003980873962441837,2.1211874912660917,1.9255013081694161,0.03086019100612658
1197.5833333333276,17.009599081612937,0.3991735496822379,4.581289532179123,0.007738107039177388,0.003979644114546257,2.128925598305269,1.9321355662898383,0.03098214996931756
1198.4887499999943,17.397282476989393,0.4006114257364346,4.613323849546944,0.007668672289048737,0.003978425323030005,2.1365942705943177,1.938707650895441,0.03110308756080312
1199.3608333333277,18.214045172530867,0.4020009429986063,4.647993242634832,0.007410758731582566,0.003977247598560547,2.1440050293259003,1.945056203573635,0.031220026850565033
1200.1799999999944,19.180779797584552,0.4033103081707295,4.685461958883501,0.006983280917990671,0.003976137928862171,2.150988310243891,1.951036303791437,0.031330282873321465
1200.9299999999944,19.735842397505763,0.404512713038433,4.723615201063217,0.006412825961084748,0.003975119052976242,2.157401136204976,1.9565259789446028,0.03143158541717138
1201.5995833333277,19.116690991433156,0.4055891467794754,4.755996384458027,0.005740979952226163,0.0039742070746362195,2.163142116157202,1.9614389654838407,0.03152231813032122
1202.182916666661,5.546793552314398,0.40652923060950086,4.760139357424706,0.005013780426802322,0.003973410760223912,2.1681558965840044,1.965728430007013,0.03160159132259167
1202.6799999999944,0.0,0.4073320357106968,4.752127814062584,0.004281627206378579,0.003972730854821736,2.172437523790383,1.9693906244054047,0.03166931307994402
1203.0966666666611,0.0,0.4080061973847633,4.745400673435491,0.0035955289283547314,0.003972159997031973,2.1760330527187377,1.9724653486706454,0.03172620051344095
1203.4441666666612,0.0,0.4085693111881115,4.739782056265671,0.0030032736178567374,0.003971683241402451,2.1790363263365946,1.9750331629823656,0.031773729753683776
1203.7387499999945,0.0,0.40904728518628625,4.735013250546747,0.0025491946569319904,0.003971278614497644,2.1815855209935267,1.9772124221832958,0.031814081614746144
1203.9999999999945,0.0,0.40947163194279096,4.730779726227339,0.002263182701358789,0.0039709194110975,2.1838487036948853,1.9791469325330302,0.03184991288306117
1204.2499999999945,0.0,0.40987809143560344,4.726724863308645,0.002167783961666116,0.003970575357163545,2.1860164876565515,1.980999684630799,0.03188423974232057
1204.5112499999946,0.0,0.4103032246961641,4.722483927443334,0.0022673773896572085,0.003970215487596019,2.1882838650462086,1.9829373329360003,0.03192014991277322
1204.8058333333279,0.0,0.4107830495573647,4.717697680311717,0.0025590659264032815,0.003969809292856456,2.190842930972612,1.9851239766008817,0.03196068745310441
1205.153333333328,0.0,0.41134965988171246,4.712046114105982,0.003021921729854448,0.0039693295748994195,2.1938648527024665,1.9877057410623047,0.03200856746756178
1205.5699999999947,0.0,0.41202988714591554,4.70526181529389,0.003627878742416369,0.003968753577082864,2.197492731444883,1.990804665187829,0.03206606341171299
1206.0670833333281,0.0,0.4128425992518019,4.697156915098946,0.004334464564727305,0.003968065274195114,2.20182719600961,1.9945063851611484,0.03213477906861116
1206.6504166666614,0.0,0.4137980130719831,4.687629938307863,0.005095540374299942,0.003967255961802711,2.20692273638391,1.9988570104132786,0.03221559023326352
1207.3199999999947,4.681555220337432,0.4148969716421098,4.689820297404054,0.005861112374008901,0.003966324879330886,2.212783848757919,2.003859861034896,0.032308582779551856
1208.0699999999947,13.363522441715833,0.41613085842039177,4.714932724962316,0.006580729484170475,0.003965279294594981,2.2193645782420894,2.00947513297008,0.032413043860190206
1208.8891666666614,17.15443572623848,0.41748215452632353,4.749420935620301,0.007206912564969454,0.003964134041651921,2.226571490807059,2.0156225130741086,0.03252750687063603
1209.7612499999948,17.5318756536267,0.4189249681362133,4.783877439634163,0.007695005919412556,0.0039629110788441495,2.2342664967264714,2.022183682483968,0.032649793624392805
1210.6666666666615,17.158782380535527,0.4204276236910045,4.816604984944285,0.008014162958886335,0.003961637292614189,2.2422806596853575,2.0290141879325034,0.032777231068423264
1211.5833333333283,17.005879743250347,0.4219539083223928,4.849066624346136,0.00814018470073735,0.003960343435758646,2.250420844386095,2.0359491855289455,0.0329067547745476
1212.488749999995,17.39332614029849,0.4234664443213095,4.882925001891163,0.00806685866088885,0.003959061255816346,2.258487703046984,2.0428188153005338,0.03303519366793857
1213.3608333333284,18.208732674398465,0.4249280603010482,4.919542166577039,0.0077952852252734465,0.003957822321428802,2.2662829882722573,2.049454437719613,0.03315938617629787
1214.179999999995,19.17379632596162,0.4263053200911465,4.959055001250928,0.007345385547190804,0.003956655017171968,2.2736283738194483,2.055704627714642,0.0332764808092153
1214.929999999995,19.727648068857402,0.42757003473045735,4.999166559438285,0.006745144742991113,0.003955583255182554,2.280373518562439,2.0614419701233166,0.033384066560771766
1215.5995833333284,19.107833215760888,0.42870221893100974,5.0329430611075425,0.0060383157362793845,0.003954623965998069,2.2864118342987187,2.066576385327011,0.033480426844043495
1216.1829166666616,5.538913350374897,0.4296909671730761,5.037270896955703,0.005273323957687398,0.0039537863616056846,2.291685158256406,2.071059005493382,0.03356461680505299
1216.679999999995,0.0,0.43053531242335163,5.028868822346641,0.0045031746681359975,0.0039530712173488376,2.296188332924542,2.074885983393925,0.033636538845437026
1217.0966666666618,0.0,0.4312443450248276,5.021813914984822,0.0037815072078722423,0.003952470783323864,2.2999698401324142,2.0780989678261808,0.03369695456712713
1217.4441666666619,0.0,0.4318365769132774,5.015921650082504,0.0031585700717321943,0.003951969334451242,2.3031284102041463,2.080782185559726,0.03374743166416838
1217.7387499999952,0.0,0.432339260137505,5.010920663015391,0.0026809771958802454,0.003951543755549502,2.3058093874000267,2.0830593408789175,0.03379028621620939
1217.9999999999952,0.0,0.43278553892594,5.006481078401893,0.0023801535383200768,0.00395116595637214,2.3081895409383466,2.0850807183778572,0.033828339792446614
1218.2499999999952,0.0,0.43321300164575754,5.002228903748486,0.0022798011723604255,0.003950804094595489,2.310469342110707,2.087016636004629,0.03386479564672075
1218.5112499999952,0.0,0.43366009855600357,4.99778165668798,0.002384516854645408,0.003950425602411871,2.3128538589653527,2.0890412288536595,0.03390293300355131
1218.8058333333286,0.0,0.4341647070482451,4.99276263777353,0.0026912452919547235,0.003949998392509746,2.3155451042573074,2.0913259507644466,0.03394598471526037
1219.1533333333286,0.0,0.43476057601707985,4.986836308445825,0.003177967833785423,0.003949493861962231,2.318723072091093,2.094023462699026,0.03399683427460048
1219.5699999999954,0.0,0.43547591804068314,4.979722308024404,0.0038151574592169843,0.003948888080827725,2.32253822955031,2.097261243805173,0.03405789613065797
1220.0670833333288,0.0,0.4363305685418814,4.971223716432185,0.004558136006390811,0.003948164200766908,2.327096365556701,2.1011287219990935,0.03413087352256625
1220.650416666662,0.0,0.4373352630007801,4.961234233921935,0.005358370447459544,0.003947313074735163,2.3324547360041605,2.1056740110369705,0.0342166965474786
1221.3199999999954,4.648279013358562,0.43849087744393,4.963513299723232,0.006163277030132958,0.0039463339117656645,2.3386180130342935,2.1109005060612893,0.03431545638739532
1222.0699999999954,13.303790403571536,0.4397883394027261,4.989905037531747,0.006919797113579266,0.003945234364917946,2.345537810147873,2.116766541727058,0.03442639596522149
1222.889166666662,17.126705508987207,0.44120921546136804,5.026280906913759,0.0075780056460898046,0.003944030043921986,2.353115815793963,2.1231881352817403,0.03454795769994496
1223.7612499999955,17.521609433605562,0.44272626983339325,5.062663201173987,0.008090956650801217,0.003942744048794202,2.3612067724447643,2.1300416150781736,0.03467782830079251
1224.6666666666622,17.154152642082234,0.44430618876262196,5.097229831314833,0.008426234289219644,0.00394140465878787,2.369633006733984,2.1371760344971,0.034813168925994904
1225.583333333329,17.00202501726409,0.4459108926221276,5.131533808899332,0.008558420584030224,0.003940044214614613,2.378191427318014,2.144419182300819,0.03495072509503228
1226.4887499999957,17.389225971460046,0.4475010826979889,5.167307913237446,0.008481013737927175,0.003938696098160282,2.386672441055941,2.151593647495263,0.035087129076480525
1227.360833333329,18.203226872735126,0.4490376829385706,5.205967800176304,0.008195201283102548,0.003937393498328139,2.3948676423390434,2.1585233338012575,0.03521902324050301
1228.1799999999957,19.166561980738987,0.4504855493509595,5.247617657101295,0.007721954199407699,0.003936166251901357,2.402589596538451,2.1650501585810265,0.03534337927742422
1228.9299999999957,19.719165126669424,0.45181505817078765,5.289763453900577,0.007090713705749995,0.003935039490149015,2.409680310244201,2.1710411396408777,0.035457636684766265
1229.599583333329,19.09868453341611,0.4530052120437166,5.324964948658557,0.006347487322287919,0.003934031002391926,2.4160277975664886,2.1764022977316757,0.03555997244589545
1230.1829166666623,5.530709333710541,0.4540445590117342,5.329482651712156,0.005543183829427037,0.00393315046292833,2.4215709813959156,2.1810826902686995,0.035649383135005305
1230.6799999999957,0.0,0.4549320934611278,5.320677066648784,0.004733517063432698,0.003932398677588289,2.4263044984593485,2.1850783762835353,0.03572576512010846
1231.0966666666625,0.0,0.45567737980112605,5.313283516470356,0.003974860479990247,0.003931767491687081,2.4302793589393388,2.1884329038558885,0.035789927246193606
1231.4441666666626,0.0,0.4562998834165847,5.307108535554383,0.003320019282446279,0.003931240368908095,2.433599378221785,2.1912342583031323,0.035843534432475746
1231.738749999996,0.0,0.4568282540899898,5.301867681561857,0.002817976924827248,0.003930793006554504,2.436417355146612,2.1936116234162735,0.035889046387033094
1231.999999999996,0.0,0.45729733261496236,5.2972152223175755,0.002501752133187154,0.0039303958741327225,2.4389191072797995,2.1957219172654643,0.035929459648936776
1232.249999999996,0.0,0.45774662901613744,5.292759216715863,0.0023962474729338906,0.003930015498720658,2.4413153547527333,2.197742958936518,0.035968176106661066
1232.511249999996,0.0,0.45821655747771217,5.28809884798546,0.0025062851283986103,0.003929617646282392,2.443821639881132,2.19985654031794,0.03600867832724391
1232.8058333333292,0.0,0.4587469282877411,5.282839380799956,0.0028286443201543743,0.003929168589359497,2.446650284201286,2.20224164188355,0.036054399626983674
1233.1533333333293,0.0,0.4593732104186154,5.276629237241628,0.0033401713646630275,0.003928638264796273,2.449990455565949,2.205057611408489,0.03610840229571007
1233.569999999996,0.0,0.4601250515312507,5.269174688924568,0.00400981926738807,0.003928001523380759,2.454000274833337,2.2084374922631853,0.03617325049068698
1234.0670833333295,0.0,0.4610232919568998,5.260269475405307,0.004790615603461625,0.003927240661758679,2.458790890436799,2.2124745876160605,0.036250753053610925
1234.6504166666627,0.0,0.46207920520237206,5.249802325494684,0.005631537309185122,0.0039263460736541295,2.4644224277459843,2.217219055532543,0.03634189773856587
1235.319999999996,4.614320502938418,0.46329370036086603,5.252171818744238,0.0064773075119679965,0.00392531693754742,2.4708997352579525,2.2226743598275496,0.03644678136151113
1236.069999999996,13.241986475994514,0.46465722977078555,5.279891776055884,0.0072721568529039125,0.003924161308064153,2.4781718921108564,2.228796921842988,0.03656459987905901
1236.8891666666627,17.097890503657666,0.46615040824792925,5.31824154995935,0.007963618544766687,0.00392289560226267,2.486135510655623,2.235498995741985,0.03669369910779441
1237.7612499999962,17.510965958091372,0.46774460220896125,5.356642045890974,0.008502367792170085,0.003921544107673361,2.494637878447793,2.2426514265176922,0.03683162229957042
1238.6666666666629,17.149360151786247,0.4694047947727638,5.393137207513084,0.008854360340280714,0.003920136551694469,2.503492238788074,2.2500966203656185,0.036975354574961275
1239.5833333333296,16.998035196194387,0.4710909662745304,5.429375174852033,0.008992914676088384,0.0039187069254362,2.512485153464162,2.2576548288357263,0.0371214396535528
1240.4887499999963,17.38498230869223,0.4727618222607175,5.467159674610036,0.008911231926331403,0.003917290308868785,2.5213963853904935,2.2651409202727133,0.037266300992807956
1241.3608333333298,18.197528226240852,0.4743763085825802,5.507960014877123,0.00861059371660068,0.003915921573778029,2.5300069791070943,2.2723711785375285,0.03740637278911072
1242.1799999999964,19.159077858123425,0.4758975082161543,5.551841763670805,0.008113064712395092,0.003914632064740314,2.5381200438194895,2.2791807220041087,0.03753843898738088
1242.9299999999964,19.710396433988926,0.47729430839360265,5.5960979037209295,0.007449600946391714,0.0039134481783250265,2.545569644765881,2.2854308870643756,0.03765978035187786
1243.5995833333297,19.08926137302705,0.47854466206825863,5.632751806248094,0.006668552931498872,0.003912388594642899,2.55223819769738,2.291023718746885,0.0377684608615821
1244.182916666663,5.52217783750644,0.4796365512133327,5.637464272228322,0.0058234087737281505,0.003911463466950252,2.558061606471108,2.2959061638233846,0.03786341490185598
1244.6799999999964,0.0,0.48056893142259793,5.628242430105112,0.004972694449414855,0.003910673631659251,2.5630343009205228,2.300074193962425,0.0379445324366113
1245.0966666666632,0.0,0.481351860411768,5.620499558305384,0.004175621275573262,0.003910010512842756,2.567209922196096,2.3035733044478977,0.038012672475292664
1245.4441666666632,0.0,0.4820057943458428,5.614032959236637,0.0034876476483986754,0.003909456731109174,2.5706975698444947,2.306495325171734,0.03806960317180435
1245.7387499999966,0.0,0.4825608347893355,5.60854469473363,0.002960215698628347,0.003908986750215158,2.573657785543123,2.308975040408834,0.038117936739082404
1245.9999999999966,0.0,0.48305358431386947,5.603672673328177,0.002627997464180802,0.003908569543923598,2.576285783007304,2.3111761455904856,0.038160855498703225
1246.2499999999966,0.0,0.4835255481890144,5.599006439682099,0.0025171406674400483,0.003908169946117988,2.578802923674744,2.313284121819532,0.0382019722482937
1246.5112499999966,0.0,0.4840191795217848,5.594126267221432,0.0026327004414417885,0.003907751992747095,2.5814356241161858,2.315488580624595,0.03824498546245607
1246.80583333333,0.0,0.48457629510421435,5.588618821052999,0.00297128310629087,0.00390728025359102,2.5844069072224767,2.317976187840942,0.03829354130824981
1247.15333333333,0.0,0.4852341492411025,5.58211598544641,0.00350855539673685,0.003906723149729904,2.5879154626192133,2.32091311743896,0.038350891920085624
1247.5699999999968,0.0,0.48602387879065984,5.574310252626683,0.00421189093097252,0.0039060542665884683,2.592127353550186,2.324438090834857,0.03841976041294352
1248.0670833333302,0.0,0.48696736641444544,5.564985739509756,0.005031933993523071,0.003905255013874506,2.5971592875437093,2.328648362616488,0.038502067754717234
1248.6504166666634,0.0,0.4880764429984021,5.554026061028176,0.005915075114435034,0.003904315309513822,2.6030743626581443,2.3335961708214388,0.03859886291691104
1249.3199999999968,4.579740449269002,0.4893520506148327,5.5564876421916,0.006803240620963743,0.0039032343014113527,2.609877603279108,2.3392850405751076,0.038710248694994474
1250.0699999999968,13.178137864003494,0.4907841469009044,5.585584838147754,0.007637846859048905,0.0039020204622891358,2.617515450138157,2.3456694303445094,0.038835371174501504
1250.8891666666634,17.067986955118307,0.4923523573791952,5.625996593704284,0.008363789217551114,0.0039006910484429753,2.625879239355708,2.352657743534737,0.03897247359802193
1251.7612499999968,17.49994604482445,0.4940265965277678,5.666510185942302,0.008929275459054049,0.003899271581027446,2.634808514814762,2.360115220270972,0.03911894689393643
1252.6666666666636,17.144405933148725,0.4957700791327609,5.705025889560365,0.009298573893296188,0.0038977932911686704,2.644107088708058,2.367877477205785,0.03927158926697173
1253.5833333333303,16.993911174040853,0.49754077199001745,5.743292359230633,0.009443695238701786,0.003896291883060023,2.65355078394676,2.3757570723167896,0.0394267301681556
1254.488749999997,17.38059613221793,0.4992953100350352,5.7831848087751805,0.00935753624009404,0.0038948041986219253,2.662908320186854,2.3835609979511845,0.03958057134339341
1255.3608333333304,18.191638060287808,0.5009905875452497,5.826225953948072,0.009041480054477732,0.003893366855193455,2.671949800241332,2.3910977695809357,0.03972932595562933
1256.179999999997,19.15134624246438,0.5025878493034183,5.872436187504702,0.008518729376898886,0.0038920127607014834,2.680468529618231,2.39819557861739,0.03986957860799333
1256.929999999997,19.70134650316054,0.5040544394561719,5.918878618261236,0.007821814148019543,0.003890769623092012,2.6882903437662504,2.404709977295381,0.039998441528308185
1257.5995833333304,19.079583772283133,0.5053672238040106,5.957009827704584,0.007001516521806383,0.00388965704513784,2.695291860288057,2.4105389673943995,0.04011385871342414
1258.1829166666637,5.513316287261386,0.5065135988030681,5.961921833803516,0.0061139999949731474,0.0038886856755487816,2.70140586028303,2.4156273541767606,0.040214698521287374
1258.679999999997,0.0,0.507492481214683,5.95227130681887,0.0052207061952793945,0.003887856381268385,2.7066265664783096,2.419971029368605,0.04030084411880829
1259.0966666666639,0.0,0.5083144414432923,5.944168704320015,0.004383787885916515,0.0038871601485420317,2.711010354364226,2.4236174803195856,0.04037320778076666
1259.444166666664,0.0,0.5090009638655034,5.93740181165933,0.0036614529184593528,0.003886578722973965,2.714671807282685,2.4266624605684384,0.0404336672741391
1259.7387499999973,0.0,0.5095836559315148,5.931658786484712,0.00310769101872677,0.003886085288687401,2.717779498301412,2.4292464652606522,0.04048499673781639
1259.9999999999973,0.0,0.5101009472179915,5.92656068787815,0.0027588868612091967,0.0038856472681825438,2.7205383851626213,2.4315400979919284,0.040530575751892284
1260.2499999999973,0.0,0.5105964118055181,5.921677994987666,0.002642477800141937,0.00388522773955859,2.723180862962763,2.4337366477834927,0.040574241050669965
1260.5112499999973,0.0,0.511114616671581,5.91657151096135,0.0027637592856689965,0.003884788944992053,2.725944622248432,2.4360336932226723,0.040619920352138836
1260.8058333333306,0.0,0.5116994586427738,5.91080875260393,0.003119157179695072,0.0038842936889401628,2.729063779428127,2.4386257289318403,0.04067148582069641
1261.1533333333307,0.0,0.5123900425089979,5.904004581542754,0.0036831139531956375,0.003883708821259307,2.7327468933813224,2.4416858807000965,0.04073239116041987
1261.5699999999974,0.0,0.5132190483110998,5.895837310717868,0.004421364277876762,0.0038830066160187014,2.7371682576591994,2.4453586501467557,0.04080552826077041
1262.0670833333309,0.0,0.5142094383089393,5.886081160987322,0.005282079988476574,0.0038821675641897194,2.742450337647676,2.4497453110101763,0.04089293713941951
1262.6504166666641,0.0,0.5153736199458698,5.8746144965819305,0.006208968730296796,0.003881181091477595,2.7486593063779727,2.45490021206079,0.04099573176390026
1263.3199999999974,4.544606717453881,0.5167125680036865,5.877169776667551,0.0071410563083558086,0.0038800463153441022,2.7558003626863283,2.460826931352902,0.04111402127560935
1264.0699999999974,13.112284284255624,0.5182157257398303,5.9076931373067545,0.00801684125943388,0.0038787721432859946,2.763817203945762,2.467477917890045,0.04124689880569278
1264.889166666664,17.036995897110515,0.5198616917257863,5.950256550143013,0.008778485258431902,0.0038773767028649872,2.772595689204194,2.474757643473707,0.04139249868454489
1265.7612499999975,17.4885522501621,0.5216188742939387,5.992980426492379,0.009371640363479206,0.003875886795034594,2.7819673295676735,2.482525632427048,0.04154805010690938
1266.6666666666642,17.139291784099225,0.523448654712343,6.033611086232325,0.009758828898155929,0.0038743352102233895,2.7917261584658295,2.4906105828144596,0.041710152816125404
1267.583333333331,16.98965449029312,0.5253069128657111,6.074003294458468,0.00991071015129656,0.003872759428294322,2.801636868617126,2.4988172182796116,0.041874908761270174
1268.4887499999977,17.37606911107993,0.5271481384396527,6.116103983811235,0.009819869727688791,0.003871198116798448,2.811456738344815,2.5069445162927515,0.04203828428521855
1269.3608333333311,18.185558630393412,0.5289271009890879,6.161488709619496,0.009487800263654134,0.0038696897010319863,2.820944538608469,2.514793092120575,0.04219625786946773
1270.1799999999978,19.14337069216248,0.5306031423280084,6.210125463802656,0.008938887140909131,0.003868268707511453,2.829883425749378,2.522184097596771,0.042345202468241465
1270.9299999999978,19.692021618338444,0.5321420098453667,6.258829606073568,0.008207293425911021,0.00386696420129634,2.8380907191752893,2.528967211300764,0.042482051369082605
1271.599583333331,19.06967544253357,0.5335194451055338,6.298460261210847,0.007346321387558043,0.0038657967393794694,2.8454370405628473,2.535036333930758,0.042604621181582855
1272.1829166666644,5.5041233185224305,0.5347222399025496,6.303576459429834,0.006414905584083975,0.0038647774821654584,2.8518519461469314,2.5403341040066,0.042711710162757884
1272.6799999999978,0.0,0.5357492723177515,6.2934852313032055,0.0054775062144103185,0.0038639073269155894,2.8573294523613417,2.5448563418157,0.04280319426587655
1273.0966666666645,0.0,0.5366116448853904,6.285012836660727,0.004599320360740519,0.003863176805410018,2.861928772722082,2.548652568041024,0.04288004232229
1273.4441666666646,0.0,0.5373319075448565,6.277937266774816,0.003841400850485723,0.00386256675638204,2.865770173572568,2.5518225309171374,0.042944248481603144
1273.738749999998,0.0,0.5379432275194507,6.271932379476392,0.0032603731978357794,0.0038620490384094195,2.8690305467704036,2.554512534691981,0.042998758807347805
1273.999999999998,0.0,0.538485926298714,6.2666019102187756,0.002894393489404304,0.0038615894674707695,2.8719249402598077,2.5569002069499285,0.04304716231761243
1274.249999999998,0.0,0.5390057199385483,6.261496739824909,0.002772232745783209,0.00386114930361992,2.874697173005591,2.5591867734062297,0.043093533509395196
1274.511249999998,0.0,0.5395493637937863,6.256157659844715,0.0028994338946028908,0.0038606889318657956,2.8775966069001937,2.5615779095039857,0.04314204349723013
1274.8058333333313,0.0,0.5401629077926696,6.250132509171673,0.003272234660710956,0.0038601693291624717,2.8808688415609045,2.5642760646184373,0.04319680439510941
1275.1533333333314,0.0,0.5408873719145666,6.24301865931205,0.0038638086501173625,0.0038595557190527897,2.884732650211022,2.567461426302694,0.04326148392035869
1275.5699999999981,0.0,0.5417570329469285,6.23447985893635,0.0046381921725964686,0.003858819018607228,2.8893708423836184,2.5712843652710027,0.04333915315515275
1276.0670833333315,0.0,0.5427959696529427,6.224280170492835,0.005540995765409639,0.003857938768564593,2.894911838149028,2.575850232589665,0.04343197851459591
1276.6504166666648,0.0,0.5440171849190679,6.212292577512744,0.00651314808600111,0.003856903886233049,2.901424986235029,2.5812155130262364,0.04354114297211519
1277.3199999999981,4.50899414037586,0.5454216857655378,6.214943133721987,0.007490671181172418,0.0038557134589351,2.908915657416202,2.587383828134183,0.04366676240353469
1278.0699999999981,13.044478784490346,0.5469983813031056,6.246941273688283,0.008409042867028229,0.0038543768456994624,2.91732470028323,2.594305574378393,0.04380787371295219
1278.8891666666648,17.0049236097186,0.5487248055397137,6.291747348145415,0.009207595928576645,0.003852913077350246,2.9265322962118065,2.6018812190118896,0.04396249559157585
1279.7612499999982,17.47678900200196,0.5505678066609526,6.336780761543874,0.009829339313274154,0.0038513502806487715,2.936361635525081,2.609964471765365,0.044127685513393806
1280.666666666665,17.134020327106875,0.5524868675917115,6.379623000038197,0.010234991630714205,0.003849722860605175,2.946596627155795,2.6183769982897624,0.044299832507152
1281.5833333333317,16.985267371229245,0.5544357084555603,6.422240734197607,0.010393817940527088,0.0038480701349066925,2.956990445096322,2.626915564899223,0.044474796975681116
1282.4887499999984,17.37140364700577,0.556366599691945,6.46665250233323,0.010298086594051781,0.003846432659881092,2.9672885316903734,2.635371013988826,0.04464829532858507
1283.3608333333318,18.179293181708573,0.5582321137259513,6.514485773413792,0.00994940818136714,0.0038448507305670543,2.9772379398717406,2.643535947715323,0.04481605688200598
1284.1799999999985,19.135156120020582,0.5599896253909421,6.565648207649846,0.009373395546617804,0.00384336054667131,2.9866113354183583,2.6512243830437106,0.044974229880563404
1284.9299999999985,19.682429949578882,0.5616032323782698,6.616688557265617,0.008605903932414458,0.003841992575490336,2.9952172393507728,2.6582800502881354,0.04511955763081355
1285.5995833333318,19.059563756825025,0.5630475155433119,6.657837807779919,0.00770284354689058,0.0038407683592827863,3.0029200828976634,2.66459270208057,0.04524972149684543
1286.182916666665,5.494598896555712,0.5643086433088452,6.663162722201145,0.006726014749511398,0.003839699586023028,3.009646097647175,2.670102791212769,0.0453634453121797
1286.6799999999985,0.0,0.565385455441782,6.652619287158765,0.005742998042328893,0.0038387871828963137,3.0153890956895038,2.674806076150324,0.045460597374676524
1287.0966666666652,0.0,0.5662896060126795,6.643767469714921,0.004822136378120505,0.0038380212106069447,3.0202112320676244,2.678754148025356,0.04554220656536774
1287.4441666666653,0.0,0.5670447475934033,6.6363752002529,0.0040274217638601156,0.0038373815693840737,3.0242386538314845,2.6820508116880544,0.04561039060083123
1287.7387499999986,0.0,0.5676856605500358,6.630101657073593,0.0034182024353729273,0.0038368387467790704,3.0276568562668573,2.6848482649524574,0.045668278080361745
1287.9999999999986,0.0,0.5682546225039049,6.624532797683777,0.003034463753969188,0.003836356897564198,3.0306913200208263,2.687331258283254,0.04571968038541146
1288.2499999999986,0.0,0.5687995638273365,6.619199394648843,0.002906353724968584,0.003835895402173273,3.033597673745795,2.689709063530295,0.04576892444833537
1288.5112499999987,0.0,0.5693695018859292,6.613621710268956,0.0030396696458274,0.0038354127257810154,3.0366373433916225,2.6921955629127097,0.04582043979998084
1288.805833333332,0.0,0.5700127118853882,6.60732739949327,0.0034304533304477538,0.003834867956402253,3.04006779672207,2.6950012668474903,0.045878593310437935
1289.153333333332,0.0,0.5707721928675643,6.5998958975479525,0.004050565238273074,0.0038342246368714577,3.044118361960343,2.6983135169493107,0.045947279915661776
1289.5699999999988,0.0,0.5716838711864757,6.590976022083981,0.004862284367527626,0.003833452282240241,3.0489806463278706,2.702288627014937,0.04602976094647843
1290.0670833333322,0.0,0.5727729784203771,6.580321428197074,0.00580857191414087,0.0038325294520170513,3.0547892182420116,2.707036072921493,0.04612833701268827
1290.6504166666655,0.0,0.5740531313622907,6.56779959682529,0.006827482356872456,0.003831444539292909,3.061616700598884,2.7126144946004587,0.04624426434863387
1291.3199999999988,4.472984260485485,0.5755253685786298,6.570546993627377,0.007851931820474953,0.0038301966017440232,3.069468632419359,2.7190275466081864,0.046377665976433786
1292.0699999999988,12.974788473230367,0.5771780452702638,6.60406798394681,0.008814275688714426,0.003828795466689404,3.078282908108074,2.726223533875539,0.04652751909966199
1292.8891666666655,16.971782065620285,0.5789875935136605,6.651208745063623,0.009650923964781654,0.0038272611000112447,3.0879338320728555,2.734098855175034,0.046691719631076996
1293.7612499999989,17.464662724877158,0.5809192478538366,6.6986527453924465,0.010302156480940074,0.003825622999865645,3.0982359885537956,2.742501320617424,0.04686714272502649
1294.6666666666656,17.128595054913692,0.5829305287819333,6.743805161666043,0.010726831616515815,0.003823917240509682,3.1089628201703112,2.7512454667970183,0.04704995369212005
1295.5833333333323,16.98075276751294,0.5849729247655607,6.788750550052848,0.010892778579346483,0.0038221850388091582,3.1198555987496577,2.760119999692194,0.04723575648487318
1296.488749999999,17.366602914285114,0.5869964140969648,6.835578558964037,0.010791943100821372,0.003820468902095082,3.130647541850479,2.7689075273814683,0.04742000216008885
1297.3608333333325,18.17284600310541,0.588951300860594,6.885967252559619,0.010426062739355613,0.0038188110559280925,3.1410736045898346,2.7773925471619783,0.047598155498421946
1298.1799999999992,19.12670886605485,0.5907929300750658,6.939755290536875,0.009822022477183083,0.0038172494268148057,3.1508956270670176,2.7853818651619444,0.047766126175265856
1298.9299999999992,19.672581655113046,0.5924836978798342,6.993204993307648,0.009017428292098669,0.003815815928498383,3.1599130553591164,2.792713205376181,0.04792045580032329
1299.5995833333325,19.04927965011004,0.5939969888137899,7.035888793075987,0.008070884981097069,0.003814533118820528,3.1679839403402132,2.7992721373963394,0.04805868215359696
1300.1829166666657,5.484744433998837,0.5953183297991819,7.0414268217413545,0.007047151922090169,0.0038134132287119212,3.1750310922623033,2.804996916161935,0.04817945005856103
1300.6799999999992,0.0,0.5964465228884094,7.030420289397128,0.006017029809213417,0.0038124572146904056,3.1810481220715165,2.8098832490661976,0.04828261968931043
1301.096666666666,0.0,0.5973937929560669,7.02117993736453,0.005052107027507276,0.0038116546498899104,3.186100229099024,2.8139848300768677,0.04836928368373125
1301.444166666666,0.0,0.5981849317724246,7.013463380838304,0.004219407020573979,0.0038109844648250408,3.190319636119598,2.81740957231675,0.04844169094950126
1301.7387499999993,0.0,0.5988563853661232,7.006914758175524,0.003581085833059008,0.003810415731253189,3.193900721952657,2.8203156362138606,0.04850316388211134
1301.9999999999993,0.0,0.5994524506134726,7.001101818595649,0.003179014652530554,0.003809910888975123,3.1970797366051875,2.8228949750807826,0.04855774994253411
1302.2499999999993,0.0,0.6000233432578131,6.995534744022582,0.003044760769815754,0.0038094273783097162,3.200124497375003,2.825364994757832,0.048610044068735495
1302.5112499999993,0.0,0.6006204149600606,6.989712778301712,0.003184382411986991,0.0038089216830631068,3.20330887978699,2.8279478719890525,0.04866475014639881
1302.8058333333327,0.0,0.6012942370181596,6.983142914688644,0.003593717643194469,0.0038083509420177167,3.206902597430185,2.8308622625914728,0.048726505513852235
1303.1533333333327,0.0,0.6020898501578213,6.975386231485903,0.004243270078196094,0.003807676963956769,3.211145867508381,2.834302734891191,0.048799446338679504
1303.5699999999995,0.0,0.6030448820219879,6.966076270318098,0.005093503275555083,0.0038068678178165304,3.216239370783936,2.838431603189777,0.04888703593234318
1304.067083333333,0.0,0.6041857524706202,6.954956045862966,0.006084642392705853,0.003805901051589995,3.2223240131766415,2.843362503811322,0.04899171737322517
1304.6504166666662,0.0,0.6055267101036523,6.941887424013413,0.007151774042837926,0.0038047645188076765,3.2294757872194793,2.8491562443197966,0.04911482467146472
1305.3199999999995,4.436664941044206,0.6070688241002843,6.944733240210369,0.008224607982037077,0.0038034572481991046,3.237700395201516,2.8558165007051373,0.04925648843206031
1306.0699999999995,12.903295132775288,0.6087998760952358,6.979824363963782,0.00923227730640828,0.0038019895520458977,3.2469326725079246,2.8632894520370953,0.049415622471633606
1306.8891666666661,16.937589355454797,0.610695159330426,7.029392510470925,0.010108177254347216,0.0038003823626963076,3.257040849762272,2.871467374830551,0.04958999234810351
1307.7612499999996,17.452181954150433,0.6127182420560339,7.079349634469679,0.010789774536575496,0.003798666594583986,3.2678306242988477,2.8801921099662406,0.04977627964868548
1308.6666666666663,17.1230203706592,0.6148246193848363,7.126912532989292,0.011234012420279379,0.00379688004491463,3.279064636719127,2.889270987518506,0.04997041216681764
1309.583333333333,16.976114387068424,0.6169634776643493,7.1742897944937045,0.011407244157402756,0.003795065889881759,3.29047188087653,2.8984845723698034,0.05016772158915005
1310.4887499999998,17.361670894566203,0.6190824317293574,7.223641261694943,0.011301088346709317,0.003793268648704801,3.3017729692232396,2.907607162300582,0.05036337725741092
1311.3608333333332,18.166222474371146,0.6211294478067549,7.2766938485402015,0.01091741907945346,0.003791532536816624,3.312690388302693,2.9164150814174943,0.050552563107171274
1312.1799999999998,19.118036760661738,0.623057779895697,7.333207778841054,0.010284437807691529,0.0037898972597582236,3.3229748261103844,2.924707870377601,0.05073093553808466
1312.9299999999998,19.66248896810283,0.6248280721996675,7.389138181802569,0.009441558954509266,0.0037883962206883243,3.3324163850648936,2.9323172070294468,0.0508948220314622
1313.5995833333332,19.03885742213143,0.6264124784755621,7.433369110310243,0.008450166804771116,0.0037870530223853478,3.3408665518696647,2.9391244561213,0.05104160793550254
1314.1829166666664,5.474562904275097,0.6277958667511151,7.439124532367115,0.007378070802949514,0.003785880453502865,3.348244622672614,2.9450656700830047,0.051169854197299657
1314.6799999999998,0.0,0.6289770022198118,7.427644737986224,0.006299389166382155,0.0037848794990847237,3.354544011838996,2.9501365171241165,0.05127941237069668
1315.0966666666666,0.0,0.6299686995740494,7.418007351028044,0.005289052555934088,0.0037840392284145276,3.3598330643949303,2.954392821112484,0.051371442784574485
1315.4441666666667,0.0,0.6307969256009597,7.409959432132108,0.004417205476854166,0.003783337571712188,3.3642502698717847,2.957946643688076,0.0514483336280651
1315.73875,0.0,0.6314998432984164,7.403129742159362,0.003748894386436115,0.003782742141195683,3.367999164258221,2.960962159860836,0.051513613041614455
1316.0,0.0,0.6321238303809457,7.397067420007692,0.003327931106822746,0.0037822136092261088,3.371327095365044,2.9636385848271405,0.051571579120157404
1316.25,0.0,0.6327214572254026,7.391261607031754,0.003187343170436859,0.0037817074170214703,3.374514438535481,2.9662015224237814,0.05162711132901734
1316.51125,0.0,0.6333464802052259,7.385190072882025,0.003333455892391198,0.0037811780070573496,3.377847894427872,2.968881507188986,0.05168520482115154
1316.8058333333333,0.0,0.6340518356523044,7.378338704596744,0.0037618957177512208,0.0037805805101683377,3.3816097901456232,2.9719054005023984,0.05175078407526839
1317.1533333333334,0.0,0.6348846668882024,7.37024983282713,0.004441766591456532,0.0037798749491843127,3.3860515567370797,2.9754750483961563,0.051828241359667106
1317.5700000000002,0.0,0.6358843530848871,7.360541403582689,0.005331659715651822,0.003779027904080421,3.3913832164527316,2.979758804869576,0.05192125441503817
1318.0670833333336,0.0,0.6370785367322973,7.348945576513357,0.006368979452854026,0.003778015881994467,3.3977521959055856,2.984874489333666,0.05203241756742608
1318.6504166666668,0.0,0.638482115422577,7.335318500843672,0.007485753014825401,0.0037768261821595735,3.405237948920411,2.990885082162896,0.05216314739305525
1319.3200000000002,4.400129839702757,0.6400961877533821,7.338264363140202,0.008608385764293399,0.0037754578052823736,3.4138463346847048,2.997794268145506,0.05231358254253099
1320.0700000000002,12.830095687353067,0.6419079423584061,7.3749718613415745,0.009662691226794695,0.0037739215650966977,3.4235090259114993,3.00554607143704,0.052482569533293694
1320.8891666666668,16.902370081560864,0.6438914974487994,7.4270603795780366,0.010578960482097121,0.0037722393912317563,3.4340879863935965,3.014028603833247,0.05266773552860727
1321.7612500000002,17.439357436034356,0.6460087035285336,7.479634297652693,0.011291765758582909,0.003770443658268456,3.445379752152179,3.0230776844640785,0.05286555661347871
1322.666666666667,17.117301621123236,0.6482129689823787,7.529709377148744,0.011756082420507317,0.0037685739387170515,3.4571358345726866,3.032493380611748,0.05307170842187768
1323.5833333333337,16.971356722177656,0.6504511095220601,7.579624528875297,0.011936749544967784,0.0037666754266020507,3.4690725841176544,3.0420480598129584,0.0532812335928571
1324.4887500000004,17.356612405442895,0.652668307343946,7.631608416414193,0.011825055050057943,0.0037647947121165494,3.480897639167712,3.0515076591317136,0.05348900239151062
1325.3608333333339,18.159429104964858,0.6548101235338388,7.687434597578725,0.011423019679428582,0.003762978058027384,3.4923206588471407,3.06064028682865,0.053689900602952
1326.1800000000005,19.109149175952755,0.6568276619850437,7.7467746348064725,0.010760205073092517,0.0037612669993530904,3.5030808639202333,3.0692381867861096,0.05387931574695793
1326.9300000000005,19.652166263949233,0.6586797664666874,7.805254817668129,0.009877890568766133,0.003759696470042646,3.5129587544889995,3.0771269707599327,0.05405334798639671
1327.5995833333338,19.02833443614433,0.6603373269280473,7.851041935680365,0.008840322460585626,0.0037582911459482717,3.521799076949585,3.084183791163752,0.05420922085036284
1328.182916666667,5.4640589483022595,0.6617845360099593,7.857018924415365,0.0077184484368651735,0.0037570643874520727,3.52951752538645,3.0903425013141645,0.05434540624675599
1328.6800000000005,0.0,0.6630201231794722,7.845056543898658,0.006589798237401632,0.0037560172070847256,3.5361073236238516,3.0955987432572964,0.05446174658292871
1329.0966666666673,0.0,0.6640575115801532,7.8350143296463015,0.005532738136965808,0.0037551381543221587,3.5416400617608175,3.100010491902099,0.05455947405351692
1329.4441666666673,0.0,0.6649238778217587,7.8266285658476145,0.004620619955228981,0.0037544041293655814,3.5462606817160465,3.1036939850854113,0.05464112471366312
1329.7387500000007,0.0,0.6656591515707773,7.819512324898339,0.0039214599947660885,0.003753781242505446,3.5501821417108124,3.1068194456264653,0.054710445127119006
1330.0000000000007,0.0,0.6663118509416804,7.81319576616407,0.003481063311483276,0.0037532283479011505,3.553663205022296,3.1095933867106247,0.05477199946574528
1330.2500000000007,0.0,0.666936967867651,7.807146578074467,0.0033339569385098604,0.003752698830657975,3.5569971619608056,3.112249648074995,0.0548309692524687
1330.5112500000007,0.0,0.667590731423256,7.800820639037689,0.0034867389632268126,0.003752145034008009,3.5604839009240323,3.1150271585488003,0.05489265885221384
1330.805833333334,0.0,0.6683285094890051,7.793682323720819,0.003934816350661818,0.0037515200241707977,3.564418717274694,3.118161018793514,0.05496229757370921
1331.153333333334,0.0,0.6691996066900726,7.785254858889206,0.004645851739027089,0.00375078198798208,3.569064569013721,3.1218603798974054,0.055044549562404135
1331.5700000000008,0.0,0.6702452020699651,7.775140304583982,0.005576508692759769,0.0037498959752140008,3.574641077706481,3.126299654875967,0.05514332019630619
1332.0670833333343,0.0,0.6714941936841562,7.763059771943766,0.006661288609019009,0.0037488374240054966,3.5813023663155,3.1316008547398586,0.05526136436361308
1332.6504166666675,0.0,0.6729621444246132,7.7488636041561305,0.0078290706157705,0.003747593065300831,3.589131436931271,3.1378291299865695,0.05540018628876718
1333.3200000000008,4.363477740308808,0.6746501808328224,7.751911227671252,0.009002860843782086,0.003746161872948901,3.598134297775053,3.1449881605235825,0.05555993315834595
1334.0700000000008,12.755302497907737,0.6765448794539746,7.7902800381493185,0.010105059312811818,0.0037445551783361337,3.608239357087865,3.153019792430078,0.05573938003898322
1334.8891666666675,16.86615570839659,0.678619148242881,7.844981777600203,0.011062766874167582,0.00374279593837063,3.6193021239620324,3.161807942802999,0.055936007168225874
1335.761250000001,17.42620221002794,0.6808330701033914,7.900276896975837,0.011807583256055354,0.0037409180303016776,3.631109707218088,3.171182375259283,0.056146072464983626
1336.6666666666677,17.11144512179923,0.683137907423938,7.952966898192732,0.012292465709581115,0.00373896285254039,3.643402172927669,3.1809358612076837,0.056364983867675196
1337.5833333333344,16.966485069735267,0.6854780392727948,8.00552741952347,0.012480703193903755,0.0037369776733231458,3.6558828761215727,3.1908325413420444,0.05658747716199507
1338.4887500000011,17.351433121694264,0.68779614873718,8.060254078086993,0.012363250476720922,0.003735011210607273,3.6682461265982935,3.200629969427329,0.056808105115764014
1339.3608333333345,18.152473562780084,0.6900353272924775,8.118964377192027,0.011942285628253349,0.00373311182957211,3.680188412226547,3.21008802311614,0.057021437002943584
1340.1800000000012,19.100057063032533,0.6921444722834209,8.181230184997407,0.011248773285031183,0.0037313229429183237,3.691437185511578,3.2189916434985273,0.05722257490803347
1340.9300000000012,19.641630104076924,0.694080580877509,8.242326476658931,0.010325912501803274,0.0037296810547867076,3.7017630980133815,3.2271603777828215,0.05740737768160068
1341.5995833333345,19.01775071019539,0.69581324794906,8.28967522207575,0.009240891048271669,0.0037282119407532266,3.7110039890616533,3.2344671739723476,0.05757289707456642
1342.1829166666678,5.453238971810788,0.6973259753378993,8.295877864392626,0.008067879407142953,0.003726929546023532,3.7190718684687964,3.240843698279727,0.05771751047869401
1342.6800000000012,0.0,0.6986174582146819,8.283424533161934,0.006887908676173719,0.0037258349093264014,3.72595977714497,3.246285580715791,0.05784105059714748
1343.096666666668,0.0,0.6997017462893862,8.272970506978378,0.005782869731756487,0.003724916044813107,3.7317426468767265,3.250852961844597,0.05794482592014049
1343.444166666668,0.0,0.7006072595009711,8.264241091796197,0.004829403795119653,0.003724148794042296,3.736572050671846,3.2546662696746322,0.058031529477168026
1343.7387500000013,0.0,0.7013757418519805,8.256833391015766,0.004098572538716373,0.003723497724707325,3.7406706232105624,3.25790178768665,0.05810513970686604
1344.0000000000014,0.0,0.7020579088789622,8.250258252755938,0.0036382241439029614,0.0037229198241503156,3.7443088473544655,3.260773338266817,0.05817050324262559
1344.2500000000014,0.0,0.702711238065856,8.243961543024918,0.003484422330100483,0.003722366366826172,3.747793269684566,3.2635230066463645,0.0582331222639982
1344.5112500000014,0.0,0.7033944961453338,8.237376876033277,0.003644043090548204,0.003721787541371802,3.751437312775114,3.2663981234249473,0.058298629386508295
1344.8058333333347,0.0,0.7041655460393257,8.229946751602979,0.004112266101289735,0.003721134295278068,3.7555495788764035,3.2696420336236307,0.05837257751683286
1345.1533333333348,0.0,0.70507590964917,8.221174975591891,0.004855272585836775,0.003720362931658352,3.76040485146224,3.2734711951501647,0.058459919415548955
1345.5700000000015,0.0,0.706168611889746,8.210647464885525,0.005827745283071904,0.0037194369308224512,3.766232596745312,3.2780660778780946,0.05856480211091393
1346.067083333335,0.0,0.7074738375902422,8.198074112495487,0.00696120373598026,0.0037183306352308616,3.773193800481292,3.28355287770795,0.05869015093511853
1346.6504166666682,0.0,0.7090078301996336,8.183299379910116,0.008181293916754515,0.0037170301944405575,3.7813750943980464,3.289998904159513,0.058837563152171306
1347.3200000000015,4.326811742510794,0.7107717424297886,8.186450615961178,0.0094075318941592,0.0037155345568657895,3.7907826262922057,3.2974078175754924,0.05900719500419939
1348.0700000000015,12.679043455573858,0.7127515201349984,8.22652410852085,0.010558814427786056,0.0037138555873403602,3.801341440719992,3.3057192693087427,0.059197745701624165
1348.8891666666682,16.828984857226786,0.7149188270442384,8.283931320582273,0.011558970182612663,0.003712017298989855,3.812900410902605,3.3148129654161744,0.05940653950454293
1349.7612500000016,17.412731670302293,0.717231930630007,8.342052345044792,0.012336552457432922,0.003710055112542867,3.825236963360038,3.324512600641866,0.0596296027294701
1350.6666666666683,17.105458172529925,0.7196398906202317,8.397460657237923,0.01284245328119836,0.0037080123007029323,3.838079416641236,3.33460364259041,0.05986205913598464
1351.583333333335,16.961505543614596,0.7220845865404102,8.452775109452393,0.013038378240951602,0.003705938259665496,3.851117794882188,3.344842004556348,0.06009831876547104
1352.4887500000018,17.346139588059174,0.7245061392300222,8.510355876800624,0.012914947677930345,0.003703883889118172,3.864032742560118,3.3549768644667717,0.06033259734554939
1353.3608333333352,18.14536469138306,0.7268451095195353,8.572061187799136,0.012474508210736486,0.003701899708819447,3.876507250770855,3.3647598846433655,0.06055912816006809
1354.1800000000019,19.090772973015728,0.7290481349662228,8.637351366155341,0.011749469049000039,0.003700031054641147,3.888256719819855,3.373968724534358,0.06077271029488896
1354.9300000000019,19.630899252087605,0.7310703227737052,8.701126852125785,0.010785001639906373,0.0036983160379410506,3.8990417214597612,3.3824168913797967,0.060968946442740236
1355.5995833333352,19.00714840208583,0.7328799435699505,8.750038981484321,0.009651310913307662,0.0036967815588947045,3.908693032373069,3.3899731531602932,0.06114470601151735
1356.1829166666685,5.442111230413833,0.7344597942440787,8.756471304287363,0.008425870262017583,0.0036954421595578792,3.9171189026350866,3.396567010126733,0.06129826606713291
1356.6800000000019,0.0,0.7358085374177407,8.74351973908791,0.007193296926196797,0.003694298903303085,3.9243121995612835,3.4021940954495116,0.061429449017610306
1357.0966666666686,0.0,0.7369408668155235,8.732647826247392,0.006039090121508645,0.0036933392540076386,3.9303512896827923,3.4069167228372317,0.06153964434890051
1357.4441666666687,0.0,0.7378864776058341,8.723569714528107,0.005043257548323108,0.00369253796732561,3.9353945472311156,3.4108595096288377,0.06163171172825584
1357.738750000002,0.0,0.7386889733087579,8.71586629220258,0.004279977082259897,0.003691858029788476,3.9396745243133755,3.4142047908602313,0.061709875740131204
1358.000000000002,0.0,0.7394013208122514,8.70902880671479,0.003799186685299182,0.003691254515922259,3.9434737109986746,3.417173682541011,0.06177928286184376
1358.250000000002,0.0,0.7400835435889738,8.702480980429055,0.0036385214758523445,0.0036906765380017186,3.947112232474527,3.420016494551655,0.06184577566108008
1358.511250000002,0.0,0.7407970073120563,8.695633840020715,0.0038051398564406974,0.0036900720778244495,3.9509173723309674,3.422988935562896,0.061915335201736636
1358.8058333333354,0.0,0.7416021297818746,8.687907697102371,0.0042939865056969345,0.0036893899131312377,3.955211358836664,3.42634256927837,0.06199385789890982
1359.1533333333355,0.0,0.7425527028479154,8.678786663637489,0.005069723018884978,0.0036885844183781173,3.960281081855549,3.430301134738171,0.06208660288510668
1359.5700000000022,0.0,0.7436936404802444,8.667840293343778,0.00608500070575528,0.0036876174675384695,3.9663660825613043,3.435051133506697,0.0621979737045359
1360.0670833333356,0.0,0.7450564434287938,8.65476711814517,0.007268282392263374,0.003686462282463294,3.9736343649535675,3.4407229234012533,0.06233107661632364
1360.650416666669,0.0,0.7466580497242945,8.639405657337411,0.008541900242670288,0.003685104419272471,3.982176265196238,3.4473859529397037,0.06248760764296064
1361.3200000000022,4.290238313011127,0.7484996361594406,8.642662548690414,0.009821794320778919,0.0036835428026421807,3.991998059517017,3.4550438472677683,0.06266773263256689
1362.0700000000022,12.601461847577628,0.7505664999296158,8.684482260279495,0.011023273440934834,0.0036817898461164802,4.003021332957951,3.463634053491812,0.06287007026495041
1362.8891666666689,16.790903532225546,0.7528290281310497,8.74468610287153,0.012066817074313932,0.003679870646657399,4.015088150032265,3.473032065056297,0.06309177921924554
1363.7612500000023,17.398963602605708,0.7552436274511799,8.805737550264288,0.012877863040694548,0.0036778222071866024,4.02796601307296,3.483055516468371,0.06332863995477661
1364.666666666669,17.099349062493523,0.7577571014552641,8.863967777038113,0.013405194688449314,0.0036756897204118996,4.041371207761409,3.4934825906374205,0.06357547456532003
1365.5833333333358,16.95642507814734,0.7603087709740716,8.922145378334314,0.013608904100306097,0.00367352476105689,4.054980111861715,3.504061003940732,0.06382634730716573
1366.4887500000025,17.340739222482142,0.7628361354536087,8.98269213206969,0.013479277224198357,0.003671380461118007,4.0684593890859135,3.514531598078794,0.06407511613571129
1367.360833333336,18.138112514270013,0.7652771681377366,9.047503223675013,0.013018840982015561,0.0036693095436270183,4.081478230067929,3.5246378673946657,0.0643156576809479
1368.1800000000026,19.081311059664245,0.7675761973538348,9.115914763779248,0.012261489152523227,0.0036673593098956064,4.093739719220452,3.534150239788807,0.06454244939886737
1368.9300000000026,19.619994658284767,0.7696864002846179,9.182428791279056,0.011254415630843841,0.003665569512721555,4.104994134851296,3.5428762315915505,0.06475082207656298
1369.5995833333359,18.996571194266945,0.7715746965914725,9.23290237162897,0.010070913636557145,0.0036639681996797685,4.115065048487853,3.550680472583016,0.06493745157233524
1370.1829166666691,5.430685899458204,0.7732231655220169,9.23956837544798,0.008791834296236648,0.0036625705204694214,4.12385688278409,3.557490327797597,0.06510050846406867
1370.6800000000026,0.0,0.7746304392320504,9.22611249791736,0.0075054597868461385,0.003661377561271812,4.131362342570936,3.563301449766886,0.06523980423855337
1371.0966666666693,0.0,0.7758118720821225,9.21481763723225,0.006300975200383894,0.0036603762214453333,4.13766331777132,3.568178325126041,0.06535681436412347
1371.4441666666694,0.0,0.7767984644372253,9.205386631607679,0.005261825893881988,0.0036595401451177947,4.142925143665202,3.572249743823538,0.06545457539731339
1371.7387500000027,0.0,0.7776357215488696,9.19738394647895,0.004465371262102864,0.0036588307016086645,4.147390514927305,3.5757040598800414,0.06553757320743578
1372.0000000000027,0.0,0.7783789119068605,9.190280986335882,0.003963681909284576,0.0036582010097441406,4.151354196836589,3.578769638766003,0.06561127255525642
1372.2500000000027,0.0,0.7790906611892042,9.183479062441213,0.003795996172500091,0.003657597971662078,4.1551501930090895,3.581704961715508,0.06568187732792179
1372.5112500000027,0.0,0.779834990936988,9.176366345813655,0.003969758654847381,0.0036569673137622637,4.1591199516639366,3.584774058552635,0.06575573846350702
1372.805833333336,0.0,0.7806749293400791,9.168340701099252,0.004479671483152484,0.0036562555966758903,4.163599623147089,3.5882366532409575,0.06583911700643498
1373.1533333333361,0.0,0.7816665869702756,9.15886632229124,0.005288840694381152,0.0036554152245677827,4.16888846384147,3.5923237110637283,0.06593759729729338
1373.570000000003,0.0,0.7828568067212466,9.147496221149924,0.0063478386718459415,0.003654406431011101,4.175236302513316,3.5972277156651433,0.0660558551653481
1374.0670833333363,0.0,0.7842784319983473,9.133917455009733,0.007582001477870459,0.0036532012943641555,4.182818303991186,3.6030831465764486,0.06619718891636348
1374.6504166666696,0.0,0.7859491080162228,9.117962557105953,0.008910272095335157,0.003651784766471148,4.191728576086521,3.6099615619040786,0.06636339939717854
1375.320000000003,4.253866207130876,0.7878700332271579,9.12132740071844,0.010244934458321298,0.0036501557502543877,4.201973510544843,3.6178665350920673,0.06655466264495075
1376.070000000003,12.522715972240544,0.7900258389947062,9.164932774721667,0.011497630760257725,0.0036483272225632224,4.2134711413051,3.6267333072149865,0.06676951184939046
1376.8891666666696,16.751965265066787,0.7923856052646799,9.228022786474476,0.012585420106526664,0.00364632539021794,4.226056561411627,3.636433173387036,0.06700492992049195
1377.761250000003,17.384918193405774,0.7949038355459953,9.29210846615538,0.01343056150034826,0.00364418887453914,4.239487122911975,3.646777740025916,0.0672564363383919
1378.6666666666697,17.093127063426625,0.7975250274915928,9.353263952120683,0.013979690376520573,0.003641964830768091,4.253466813288496,3.65753795327933,0.06751853298075838
1379.5833333333364,16.951251421802723,0.8001858885078388,9.414414108738345,0.014191258753311805,0.0036397070589724197,4.267658072041807,3.668453396097429,0.06778491705986803
1380.4887500000032,17.335240308857756,0.8028212421906831,9.47803877432146,0.014055219641835856,0.0036374709700549147,4.281713291683643,3.6792566476806936,0.06804906676720136
1381.3608333333366,18.130728224811236,0.8053664220404538,9.546065753177906,0.013574292532110585,0.0036353115349525055,4.295287584215754,3.689683115708272,0.06830448016009602
1382.1800000000032,19.071687061684813,0.8077634021304894,9.617693464450623,0.012783893813522603,0.003633278058935332,4.308071478029277,3.6994960772041696,0.06854529330228673
1382.9300000000032,19.608939408849654,0.8099633933943714,9.687001152863997,0.011733286740704138,0.003631411967216328,4.319804764769981,3.7084971324453804,0.0687665483717546
1383.5995833333366,18.98606359051912,0.8119319406283196,9.739030607719055,0.010498918581056772,0.0036297424751784413,4.330303683351038,3.7165468331423246,0.06896471579097244
1384.1829166666698,5.4189751256491885,0.8136503944079123,9.745934307754778,0.009165086824495098,0.0036282853495535087,4.339468770175533,3.7235704498696114,0.06913785311436835
1384.6800000000032,0.0,0.8151173588585804,9.731969368442208,0.00782381040356298,0.003627041697202779,4.347292580579096,3.7295636716487017,0.06928576024428527
1385.09666666667,0.0,0.8163488646011713,9.720247616229075,0.006568030627150565,0.003625997839570658,4.353860611206247,3.7345931495573272,0.06941000392164187
1385.44416666667,0.0,0.8173772448863948,9.710460453830837,0.0054846948545255675,0.0036251262855713064,4.3593453060607725,3.7387918125558546,0.06951380846682638
1385.7387500000034,0.0,0.8182499454366061,9.702155758609747,0.004654402934460181,0.003624386754208148,4.363999708995233,3.742353976216661,0.06960193709265086
1386.0000000000034,0.0,0.8190245822990995,9.694784901854517,0.004131396599964572,0.003623730369362779,4.3681311055951975,3.745515181061918,0.06968019240265948
1386.2500000000034,0.0,0.8197664346544429,9.68772657554125,0.003956545895165272,0.0036231017792458468,4.372087651490363,3.748541992076962,0.06975516180571618
1386.5112500000034,0.0,0.8205422317705605,9.680345887738168,0.004137584619293547,0.0036224444105931904,4.376225236109656,3.7517066682257774,0.06983358884068966
1386.8058333333368,0.0,0.8214176627091035,9.672018057479569,0.004668965005563397,0.0036217025638262566,4.380894201115219,3.755277000735115,0.06992212158438674
1387.1533333333368,0.0,0.8224512010147885,9.662187190500978,0.005512204296986601,0.003620826635018148,4.386406405412206,3.7594910954362044,0.07002668956490227
1387.5700000000036,0.0,0.8236916545354418,9.650389623078702,0.006615752110150294,0.0036197751865330438,4.393022157522356,3.7645473426906824,0.07015225762254923
1388.067083333337,0.0,0.8251732332877716,9.636300856702457,0.007901753345759696,0.0036185191327135933,4.400923910868116,3.770584285439868,0.07030232790384974
1388.6504166666703,0.0,0.826914300653015,9.619747412736606,0.009285692614630454,0.0036170428116693654,4.4102096034827465,3.7776755521816683,0.07047881251326969
1389.3200000000036,4.21780527453835,0.8289160739767809,9.62322282982106,0.010676124393419398,0.003615345106852943,4.420885727876166,3.7858246473766544,0.07068189829447039
1390.0700000000036,12.44297848402787,0.8311625025845868,9.668650963923579,0.011980952574964353,0.0036134395722008743,4.43286668045113,3.7949646125998804,0.07091002768548998
1390.8891666666702,16.712231165436812,0.8336213309887578,9.734714512827182,0.01311375148891201,0.0036113535485229205,4.4459804319400416,3.804962575793651,0.0711599970195956
1391.7612500000037,17.37061800825558,0.8362451205946984,9.801936966432168,0.013993544565016258,0.0036091273088039964,4.459973976505058,3.8156241723545388,0.07142704875708054
1392.6666666666704,17.08680241011122,0.8389760177659095,9.866120287139688,0.014564784913126573,0.0036068100096371927,4.474538761418184,3.8267131900722515,0.07170534488282512
1393.5833333333371,16.945993120271407,0.841748066883846,9.930352082262091,0.01478426196232832,0.0036044577188942832,4.489323023380512,3.8379611767691824,0.07198819301589854
1394.4887500000038,17.3296519784302,0.8444933666546294,9.997166098207028,0.014641598777511184,0.0036021281683806063,4.503964622158024,3.8490925587706144,0.07226866825795682
1395.3608333333373,18.12322416072788,0.8471445641843958,10.068517834001685,0.01413972015875409,0.003599878616892817,4.518104342316778,3.859834774066494,0.07253986684562967
1396.180000000004,19.06191826296501,0.8496412393334238,10.14345374878245,0.013315600794815896,0.0035977604078768145,4.531419943111594,3.8699440615082272,0.07279556249003005
1396.930000000004,19.597758636415826,0.8519326049299543,10.215605513907002,0.01222061651482995,0.0035958166662253513,4.543640559626423,3.879216207134642,0.07303049104446539
1397.5995833333373,18.975670142026907,0.8539828102110248,10.269181725679292,0.010934428165709465,0.0035940777928213756,4.554574987792133,3.8875077637808384,0.07324090488962608
1398.1829166666705,5.406993057497048,0.855772467916361,10.27632720026027,0.009544841095126315,0.003592560179239501,4.564119828887259,3.894741958665177,0.07342474162586732
1398.680000000004,0.0,0.8573001569430104,10.261849901619323,0.008147674808796614,0.0035912649505869757,4.572267503696056,3.9009145352545236,0.07358178886867157
1399.0966666666707,0.0,0.8585825986196657,10.249698534761793,0.006839688942162512,0.0035901778380028142,4.579107192638218,3.906094291795228,0.07371371024333469
1399.4441666666708,0.0,0.8596534841328727,10.239552973152508,0.005711389403769259,0.003589270193742244,4.584818582041987,3.910418244875471,0.07382392936860706
1399.738750000004,0.0,0.8605622344119037,10.230944387346664,0.004846668154832753,0.0035885000567849818,4.58966525019682,3.9140865880616564,0.07391750383343043
1400.000000000004,0.0,0.8613688540806707,10.223303982064003,0.004301971566756945,0.003587816521008095,4.5939672217635765,3.9173419307815367,0.07400059482945408
1400.250000000004,0.0,0.8621413214734491,10.21598768654082,0.004119826094819371,0.003587161941689094,4.598087047858396,3.9204587982038075,0.07408019683554673
1400.511250000004,0.0,0.8629491196328009,10.208337404984702,0.004308256849875492,0.003586477406557367,4.6023953047082715,3.923717549649961,0.07416347009563694
1400.8058333333374,0.0,0.8638606432151552,10.199705577730567,0.004861459105890174,0.003585704917605063,4.607256763814162,3.9273939144139964,0.07425747347984535
1401.1533333333375,0.0,0.8649367678153462,10.18951611057525,0.005739331201017514,0.0035847928293992804,4.61299609501518,3.931733020954169,0.07436850289397366
1401.5700000000043,0.0,0.8662282978862371,10.177288580030385,0.006888160378085332,0.0035836980060028416,4.619884255393265,3.9369390640862014,0.07450182992871883
1402.0670833333377,0.0,0.8677708308542565,10.162686885467947,0.008226842496104026,0.0035823901799030278,4.628111097889368,3.943154573001606,0.0746611730796491
1402.650416666671,0.0,0.8695834574285294,10.145531530015134,0.009667341729455416,0.0035808530675681986,4.637778439618824,3.9504551972734707,0.07484856253114165
1403.3200000000043,4.182165168374058,0.8716674107260936,10.149120543024042,0.011114417587008936,0.0035790855355752995,4.648892857205833,3.958844354435456,0.07506419658715771
1404.0700000000043,12.362435455204588,0.8740059429768007,10.196405950305504,0.012472172003771697,0.0035771017277629017,4.6613650292096045,3.968252901962791,0.0753064213524255
1404.889166666671,16.671769865763313,0.8765654375731597,10.26552766290353,0.013650637847248386,0.0035749301408630383,4.675015667056853,3.978543849597092,0.07557183511978649
1405.7612500000043,17.356087936770614,0.87929647889108,10.335987572977004,0.01456555369557377,0.00357261272939819,4.689581220752427,3.9895169449756027,0.07585538631603501
1406.666666666671,17.080386267338493,0.882138821645397,10.403299991639564,0.015159161356358062,0.0035702006858708626,4.704740382108785,4.00092892787364,0.07615087616365379
1407.5833333333378,16.94065948831526,0.885023803455223,10.470721634827997,0.015386569652405062,0.0035677523834356595,4.7201269517611895,4.012503445685946,0.0764511987728657
1408.4887500000045,17.323984179172882,0.8878807552675585,10.540835378134995,0.01523707633245628,0.003565327911552619,4.735364028093645,4.023956918943855,0.07674900141668806
1409.360833333338,18.115613762179557,0.8906395973954534,10.615618895028659,0.014713824682106266,0.0035629868515197095,4.7500778527757515,4.035008970049089,0.0770369538553972
1410.1800000000046,19.05202342934594,0.8932374812588869,10.693951657693777,0.013855380604978746,0.003560782614306345,4.7639332333807305,4.045408945656667,0.07730844521861042
1410.9300000000046,19.586479389463832,0.8956215946548549,10.768992758858158,0.012715271445162518,0.003558760047563782,4.776648504825893,4.054946947313881,0.0775578862477886
1411.599583333338,18.96543462597418,0.8977546741636767,10.824103228640682,0.011376424047049574,0.003556950752316803,4.788024928872942,4.0634756278531,0.07778129791389338
1412.1829166666712,5.3947558517935965,0.8996165876016079,10.831494674865827,0.009930205002300036,0.0035553717510360995,4.797955133875242,4.070916232837818,0.0779764905142622
1412.6800000000046,0.0,0.901205891817019,10.816503291593456,0.00847628914885964,0.003554024184327121,4.806431423024102,4.077264578841866,0.07814323863372577
1413.0966666666714,0.0,0.9025400119288657,10.803920908333778,0.007115307263182005,0.0035528931817969227,4.813546730287284,4.082591584737697,0.0782833087343915
1413.4441666666714,0.0,0.9036540190960833,10.793415809511194,0.00594137155849397,0.003551948920158005,4.819488101845778,4.087038284769412,0.07840033596676513
1413.7387500000048,0.0,0.9045993396406974,10.784502390595787,0.005041709571274955,0.0035511477325208007,4.824529811417053,4.0908106397203605,0.0784996903599492
1414.0000000000048,0.0,0.9054384021833336,10.776591617995742,0.004475000227393394,0.0035504366524465513,4.829004811644446,4.094158188758072,0.07858791369489046
1414.2500000000048,0.0,0.9062419234675891,10.769016584824204,0.004285446849363279,0.003549755708695543,4.833290258493809,4.097363256281088,0.078672432494047
1414.5112500000048,0.0,0.9070821797821721,10.761095922328455,0.004481367011108751,0.003549043616222609,4.837771625504918,4.100714134990344,0.07876084926943314
1414.8058333333381,0.0,0.9080303095896134,10.752159229926628,0.005056692306353229,0.003548240045891609,4.842828317811271,4.104494325472044,0.07886065888320798
1415.1533333333382,0.0,0.9091496237700565,10.741610165095693,0.005969675629030684,0.003547291282304563,4.848797993440302,4.1089558274660645,0.07897854609109149
1415.570000000005,0.0,0.9104929500960588,10.728951513417877,0.007164407072011694,0.003546152468320964,4.855962400512314,4.114308510116523,0.07912010804643675
1416.0670833333384,0.0,0.9120972906567194,10.713835563500686,0.008556482990189431,0.003544792139747122,4.8645188835025035,4.1206987922317,0.07928929285826194
1416.6504166666716,0.0,0.9139824706241023,10.69607681463197,0.010054293159376082,0.0035431933852313365,4.87457317666188,4.128204284774377,0.07948825602492347
1417.320000000005,4.1470539823315296,0.9161497354018707,10.699782930513926,0.01155874548143132,0.0035413550573861635,4.886131922143311,4.136828299881453,0.0797172080028055
1418.070000000005,12.281285147585303,0.9185816264062675,10.748957318529017,0.012970085356782748,0.003539291901638054,4.899102007500094,4.146499535701235,0.07997439264263831
1418.8891666666716,16.630657349864865,0.9212431431968128,10.821218496905141,0.014194756216241056,0.00353703359005569,4.913296763716335,4.157076951389047,0.0802561980382745
1419.761250000005,17.341355102136156,0.9240828627417964,10.895014069211632,0.015145170906579424,0.00353462378471285,4.9284419346229145,4.168354517383273,0.08055726053898724
1420.6666666666717,17.073890682791315,0.9270381134316669,10.965554964831435,0.0157613370126425,0.003532115743750971,4.944203271635557,4.1800820689852145,0.08087099847206765
1421.5833333333385,16.935260569934925,0.9300374890036601,11.036273205905475,0.01599666971729763,0.0035295701774610356,4.960199941352855,4.191975525602804,0.08118986707641854
1422.4887500000052,17.318247632680393,0.9330075167199824,11.109795381992704,0.015840147820384703,0.003527049563806442,4.97604008917324,4.203743487802297,0.0815060595616521
1423.3608333333386,18.107911512826963,0.9358753567162383,11.188115221968232,0.015295146646698532,0.0035246158352644913,4.991335235819938,4.215097954817872,0.08181179306579882
1424.1800000000053,19.042022720933588,0.9385757041568482,11.269929470277056,0.014401853016586271,0.003522324494226412,5.005737088836525,4.225781561344384,0.08210004856518197
1424.9300000000053,19.575130458847926,0.9410537003798439,11.347899589813405,0.013215979855976615,0.003520222129510837,5.018953068692501,4.235578882869696,0.08236489176783454
1425.5995833333386,18.955399204582783,0.9432706562046019,11.404528653642013,0.0118237643987091,0.003518341553538416,5.030776833091211,4.244338791227602,0.08260209806046817
1426.1829166666719,5.382281653604857,0.945205689722518,11.41217044974186,0.010320178762218536,0.0035167004237942313,5.041097011853429,4.251980622781966,0.08280934264573149
1426.6800000000053,0.0,0.9468573392983798,11.39666494470136,0.008808797737930344,0.0035152998933146388,5.049905809591359,4.258500286439912,0.08298638629035271
1427.096666666672,0.0,0.9482437453631137,11.383651561679734,0.007394165678581183,0.0035141244802803268,5.05729997526994,4.263970785466868,0.08313510460644147
1427.4441666666721,0.0,0.9494013776861072,11.372786972916115,0.006174039055965824,0.003513143169867112,5.063474014325906,4.268537082531322,0.08325935724964217
1427.7387500000054,0.0,0.9503836930576914,11.363568784796662,0.005239015315114661,0.0035123105678097214,5.068713029641021,4.2724107667400695,0.08336484584523267
1428.0000000000055,0.0,0.9512555732389946,11.355387719877347,0.0046500276336168735,0.0035115716223673406,5.073363057274638,4.275848133776764,0.08345851609423648
1428.2500000000055,0.0,0.9520905054776828,11.347554036972827,0.0044529719396704725,0.0035108640082719147,5.077816029214309,4.279139107790632,0.08354825304521789
1428.5112500000055,0.0,0.9529635914230391,11.339363102297666,0.00465645837523372,0.0035101240401742223,5.082472487589542,4.282579708550141,0.08364212858563647
1428.8058333333388,0.0,0.953948744276275,11.330121688106459,0.005254148550590905,0.0035092890312840514,5.087726636140133,4.286461002485864,0.08374810029052934
1429.1533333333389,0.0,0.9551117369151113,11.319213222972559,0.006202627407127423,0.0035083031733140727,5.093929263547261,4.291041674908253,0.08387326559491298
1429.5700000000056,0.0,0.9565074416444072,11.30612372719777,0.007443758556244461,0.0035071198696909342,5.101373022103505,4.296537110558848,0.08402356716286405
1430.067083333339,0.0,0.9581742785305788,11.290493910115378,0.008889796726248643,0.0035057064480636924,5.110262818829754,4.303097501296241,0.08420319678161316
1430.6504166666723,0.0,0.9601328121119733,11.272132303565641,0.010445512434103616,0.0035040453649854007,5.120708331263858,4.3108023492601255,0.08441444293336291
1431.3200000000056,4.112576845242915,0.9623842962277855,11.275959602370444,0.012007915284331863,0.0035021354623365336,5.132716246548189,4.319654842348902,0.08465752895945877
1432.0700000000056,12.199736495954557,0.9649105493014661,11.32705167492103,0.01347334972629711,0.0034999920975196694,5.146189596274486,4.329581553980241,0.08493059017684373
1432.8891666666723,16.588976657211596,0.9676751677071407,11.402529709820952,0.014744631496930286,0.0034976461345064443,5.160934227771417,4.340437479683172,0.08522979158605015
1433.7612500000057,17.326448733730736,0.9706246957375222,11.479756036401156,0.01573081616203499,0.0034951429645971883,5.176665043933452,4.352010951463294,0.08554943832390466
1434.6666666666724,17.0673285255567,0.9736940071461084,11.553622309039147,0.01636966084579307,0.0034925379358942852,5.193034704779246,4.364045077892217,0.08588254235240422
1435.5833333333392,16.929807086633073,0.9768089220550566,11.6277418215258,0.016612879514389625,0.0034898941213980304,5.209647584293635,4.3762482616201135,0.08622109314501418
1436.488750000006,17.312453778347344,0.9798931358445753,11.704778824172594,0.016449140210766003,0.003487276411850718,5.226096724504401,4.388321508807252,0.08655680202962297
1437.3608333333393,18.10013286356875,0.9828710228751215,11.786736389120966,0.015882064162913642,0.0034847491129647284,5.241978788667315,4.399969427140948,0.0868814057986969
1438.180000000006,19.031937579434953,0.9856748013387003,11.872112136586399,0.014953485139087435,0.0034823698364165375,5.256932273806402,4.410928154552251,0.08718745228206476
1438.930000000006,19.563742160869563,0.9882475507559696,11.953045001303314,0.013721330225436111,0.0034801869254444773,5.270653604031838,4.420976928093549,0.08746864103212557
1439.5995833333393,18.945603596124332,0.990549147471507,12.01117410017048,0.012275182482865696,0.003478234411393404,5.282928786514704,4.429960978008217,0.08772048682324296
1440.1829166666726,5.369590547667087,0.9925579575445111,12.019070873859503,0.010713653722689455,0.003476530588769725,5.293642440237393,4.437797814720809,0.08794052150326859
1440.680000000006,0.0,0.9942725048101909,12.00305300771066,0.009144252083625135,0.0034750766196517714,5.3027866923210185,4.444483459101963,0.08812849118733102
1441.0966666666727,0.0,0.9957116547712613,11.989610151676136,0.00767546645904212,0.003473856402403809,5.3104621587800604,4.450092952532056,0.08828638733271907
1441.4441666666728,0.0,0.9969132906555772,11.97838738187622,0.0064087247163516275,0.003472837717894928,5.316870883496412,4.454775077091388,0.08841830785695236
1441.7387500000061,0.0,0.9979329191196059,11.968865559525632,0.005438018474819657,0.003471973427800329,5.3223089019712315,4.458746882530726,0.08853030629338175
1442.0000000000061,0.0,0.998837897247529,11.960415228322738,0.004826550015589912,0.0034712063759991313,5.3271354519868215,4.462271213010186,0.08862975700122619
1442.2500000000061,0.0,0.9997045069519067,11.952323894671197,0.0046219184233479964,0.0034704718624146828,5.33175737041017,4.465645353604796,0.08872503163480852
1442.5112500000062,0.0,1.000610699211972,11.943863749629113,0.004833025387015147,0.0034697037807733004,5.3365903957971845,4.469172804695703,0.088824700198972
1442.8058333333395,0.0,1.0016331848480056,11.93431883281535,0.0054532567255126735,0.003468837066936342,5.3420436525226975,4.4731519536694195,0.08893721131350614
1443.1533333333396,0.0,1.0028402182389042,11.923052435340166,0.0064375114181246616,0.0034678138029215766,5.348481163940822,4.477847950681465,0.08907010035851992
1443.5700000000063,0.0,1.0042887313636588,11.90953389815046,0.0077254033320241135,0.003466585639650393,5.356206567272847,4.483481508238708,0.0892296766589571
1444.0670833333397,0.0,1.0060185712490186,11.893392425265647,0.009225812721918516,0.0034651186888233544,5.365432379994766,4.490206454468534,0.08942039059202567
1444.650416666673,0.0,1.0080510442678792,11.874430640580089,0.01083985610058995,0.003463394772700933,5.376272236095356,4.498104101890779,0.08964467175474818
1445.3200000000063,4.078834507053744,1.0103874084786733,11.878383868207019,0.012460609124234785,0.0034614127259850404,5.38873284521959,4.507177495124242,0.08990275714856706
1446.0700000000063,12.11800731376527,1.0130087488770771,11.931419154298885,0.01398048212482099,0.003459188526970861,5.4027133273444115,4.517351127658468,0.0901926668965802
1446.889166666673,16.546817457052782,1.0158772430552763,12.010186943691515,0.015298635617062795,0.0034567542449151466,5.418011962961474,4.528476138254899,0.09051032923274539
1447.7612500000064,17.311400002239953,1.0189373830426243,12.090935354918537,0.01632074659918876,0.003454157017195895,5.434332709560663,4.540335388136688,0.09084969779176107
1448.666666666673,17.060713410285384,1.0221215666927161,12.168220814938312,0.016982312800490222,0.003451454300205555,5.451315022361153,4.552665471816002,0.09120335328474512
1449.5833333333399,16.924310373803955,1.0253528189392878,12.245843555435874,0.017233345315048672,0.00344871154828606,5.468548367676202,4.565167525918072,0.09156279090453474
1450.4887500000066,17.30661470488261,1.0285519835994024,12.326498803506665,0.017062211520610538,0.0034459960819888465,5.485610579196813,4.5775352281211354,0.09191921060306228
1451.36083333334,18.092294139030596,1.0316406322196563,12.412191684048297,0.016472792641354667,0.0034433745950357498,5.502083371838167,4.589466065915437,0.09226383943457989
1452.1800000000067,19.021790590562876,1.0345484930854392,12.501203712970572,0.015508591284176003,0.0034409068196333374,5.517591963122343,4.600689931004276,0.09258876558509713
1452.9300000000067,19.552346077613066,1.0372165751780595,12.585126767128807,0.01422977116064134,0.0034386428610519845,5.5318217342829845,4.610980939052342,0.09288730005876072
1453.59958333334,18.936084291399226,1.0396033164357925,12.64473476612671,0.01272928670790917,0.0034366179730296333,5.544551020990894,4.620180838598384,0.09315468108638512
1454.1829166666732,5.356704479600977,1.0416863312748952,12.652891467946674,0.01110941247521391,0.00343485108681769,5.555660433466108,4.628205408131025,0.09338828840539945
1454.6800000000067,0.0,1.0434641333426848,12.63636490051818,0.009481611028211127,0.003433343369827783,5.565142044494319,4.635050800339414,0.09358785259729471
1455.0966666666734,0.0,1.0449563210067736,12.622495693061811,0.00795833420847344,0.003432078093897385,5.573100378702793,4.640794038120503,0.09375548806409982
1455.4441666666735,0.0,1.0462022016176564,12.610917383262269,0.006644696591375375,0.003431021826378782,5.579745075294168,4.6455875938217455,0.09389554557102343
1455.7387500000068,0.0,1.0472593448498384,12.601094192363709,0.005638097238303726,0.003430125673510717,5.585383172532472,4.649653780958387,0.09401445209463773
1456.0000000000068,0.0,1.0481975976474571,12.592376624749678,0.005004014920632853,0.003429330362205303,5.590387187453105,4.653261748866645,0.09412003687977934
1456.2500000000068,0.0,1.0490960520434358,12.584029600847236,0.004791756778553727,0.0034285688041845834,5.595178944231659,4.656715864914017,0.09422118795629485
1456.5112500000068,0.0,1.0500355233857357,12.575302312919566,0.005010513825599542,0.003427772459207726,5.600189458057258,4.660326823054327,0.09432700391805444
1456.8058333333402,0.0,1.051095534171613,12.565456247671749,0.005653390858011903,0.0034268738735804983,5.6058428489152705,4.664400046895954,0.09444645446623438
1457.1533333333402,0.0,1.0523468318940497,12.553834726093664,0.006673587852995257,0.0034258130095197927,5.612516436768265,4.669206895375498,0.09458753971177947
1457.570000000007,0.0,1.0538484167128142,12.539890559142025,0.008008452366743307,0.003424539758007576,5.620524889135009,4.674973191609601,0.0947569580625735
1458.0670833333404,0.0,1.0556415668778205,12.523241564062799,0.009563467546700833,0.0034230190110214444,5.63008835668171,4.681856242910981,0.09495943429371882
1458.6504166666737,0.0,1.05774833043141,12.503684540394092,0.011236072285810812,0.0034212319565797623,5.64132442896752,4.689939080851801,0.09519754773579438
1459.320000000007,4.045921953423293,1.0601699650758711,12.507769203989975,0.012915384770459894,0.0034191774260764357,5.65423981373798,4.699224587719568,0.09547154987034831
1460.070000000007,12.036322241376368,1.062886813898199,12.562769918083164,0.014489860385748546,0.003416872025966039,5.668729674123728,4.709635232388285,0.09577933856397156
1460.8891666666736,16.50427548978145,1.0658596242662033,12.644895301230852,0.01585498862935722,0.0034143490406495424,5.684584662753085,4.721018423992527,0.09611659078636059
1461.761250000007,17.296241817530912,1.0690308226093286,12.729252716201248,0.01691305783000038,0.0034116573651229195,5.7014977205830855,4.733151749929587,0.0964768871583275
1462.6666666666738,17.05405960734987,1.0723303173528538,12.810047465344967,0.0175973052988019,0.003408856575820628,5.719095025881887,4.745765538651895,0.09685235075663895
1463.5833333333405,16.918782305558786,1.0756783255975362,12.891272016337412,0.017856043971640156,0.0034060145194616687,5.736951069853527,4.758553951343538,0.09723395226298355
1464.4887500000073,17.30074306950628,1.0789928292123183,12.975645275270802,0.017677352612171075,0.0034032009555256142,5.754628422465698,4.77120364374002,0.09761234898585822
1465.3608333333407,18.084412427297767,1.0821925892124629,13.065166575389517,0.017065386667437284,0.0034004849725860417,5.771693809133136,4.783405294356922,0.09797822708247889
1466.1800000000073,19.0116053221748,1.085204839497857,13.157883850837063,0.016065334855434772,0.0033979284274318652,5.787759143988571,4.794882834574949,0.09832318700643575
1466.9300000000073,19.540974756723124,1.0879685169799618,13.244817989647837,0.01473961323789337,0.0033955831888645197,5.802498757226464,4.805405505076645,0.0986401274770798
1467.5995833333407,18.926873849141536,1.0904406224226404,13.305881539785416,0.01318456236095146,0.003393485732099967,5.815683319587415,4.814811752919008,0.09892399329521356
1468.182916666674,5.34364714600695,1.0925980218789413,13.314303520164398,0.011506130433604975,0.003391655622410411,5.82718945002102,4.823015729219013,0.09917200280819441
1468.6800000000073,0.0,1.0944392235311267,13.297273901547246,0.00981974214498899,0.0033900940285187587,5.837009192166009,4.8300137383686765,0.09938387013069352
1469.096666666674,0.0,1.0959845642319264,13.28298313516188,0.00824181707093195,0.0033887835908815046,5.845251009236941,4.8358847176767625,0.09956184013704364
1469.4441666666742,0.0,1.097274781543751,13.271053321757186,0.006881158996397381,0.003387689658017861,5.8521321682333385,4.840784680318878,0.09971053190322372
1469.7387500000075,0.0,1.0983695145036356,13.260932212152513,0.0058385757860517674,0.0033867615751387342,5.85797074401939,4.8449409773623096,0.09983676867841319
1470.0000000000075,0.0,1.0993411061322504,13.251950489120524,0.0051818220192790376,0.003385937946668137,5.863152566038669,4.8486287846572775,0.09994886239615344
1470.2500000000075,0.0,1.1002714645736842,13.243350742116451,0.004961911687647919,0.003385149290768221,5.868114477726317,4.852159233350205,0.1000562490196517
1470.5112500000075,0.0,1.1012442748804858,13.234359431515601,0.005188321636275131,0.0033843246284236384,5.873302799362592,4.85584988330106,0.10016858803337206
1470.8058333333408,0.0,1.102341875705845,13.224215759970429,0.005853871068582198,0.0033833941123087886,5.879156670431174,4.860012869751012,0.10029540206001088
1471.153333333341,0.0,1.103637510710325,13.212243325044385,0.0069100533572253615,0.003382295582003064,5.8860667237883995,4.864925469044808,0.10044518433503255
1471.5700000000077,0.0,1.1051922495539097,13.197878623303922,0.00829194049911853,0.0033809771672238162,5.894358664287518,4.870818368504344,0.10062504611684303
1472.067083333341,0.0,1.1070488008743147,13.180728250182822,0.009901607042160856,0.003379402540790861,5.904260271329679,4.877852177365855,0.10084000333427041
1472.6504166666743,0.0,1.109229951394903,13.160583289356259,0.01163280277647172,0.0033775522589415937,5.91589307410615,4.88611154456421,0.1010927941860083
1473.3200000000077,4.01392708823619,1.1117369535390131,13.164805753589187,0.013370678101920929,0.003375425153940631,5.929263752208071,4.895599171196006,0.10138368550096381
1474.0700000000077,11.95491046696892,1.1145494021701496,13.22179069069265,0.014999726032727676,0.003373038465839146,5.944263478240798,4.906235567556031,0.1017104454003963
1474.8891666666743,16.461451876499954,1.1176266075398673,13.307335908311234,0.016411761971828153,0.0033704267001809602,5.960675240212627,4.9178645607691704,0.10206848421965217
1475.7612500000077,17.281008590538672,1.1209089239569774,13.395384193809813,0.017505687557920178,0.00336764051532814,5.978180927770547,4.9302586908090955,0.10245098676088268
1476.6666666666745,17.047381939708202,1.1243237652986098,13.479774006867961,0.018212487155372267,0.0033647416123567782,5.996393414925919,4.943142303452885,0.10284959049832314
1477.5833333333412,16.91323520858971,1.127788537870242,13.564694911631593,0.01847878704870554,0.0033618002331581662,6.014872201974624,4.956202914824758,0.10325470955737166
1478.488750000008,17.294852005492963,1.1312183612652122,13.652881608798722,0.0182923914398423,0.0033588885766975655,6.033164593414466,4.969120505706887,0.10365642545984506
1479.3608333333414,18.076505453819106,1.1345291883119726,13.74631927629294,0.017657744249388152,0.0033560781246779266,6.050822337663854,4.981579296463353,0.10404485043894436
1480.180000000008,19.001406139478767,1.1376457631520185,13.842804391708302,0.016621732480243838,0.003353432854774689,6.067444070144099,4.993297579080728,0.10441106744419788
1480.930000000008,19.529661374384666,1.1405049568220542,13.932763763529112,0.015249032906857193,0.003351006394250407,6.082693103050956,5.004039994639047,0.1047475377522992
1481.5995833333413,18.918000301556813,1.14306233967052,13.995257698101257,0.01363937519181729,0.0033488364341901855,6.096332478242774,5.013641888906457,0.10504889483741599
1482.1829166666746,5.330443853262141,1.1452940357391028,14.003950786584761,0.011902379032442047,0.003346943168560675,6.108234857275216,5.022015900446233,0.10531218582317195
1482.680000000008,0.0,1.1471985528366129,13.986425835905855,0.010157424520053724,0.0033453277630720673,6.118392281795269,5.029158505057879,0.10553710737037808
1483.0966666666748,0.0,1.1487969695433098,13.971720039661639,0.008524889102383656,0.0033439722239773494,6.126917170897652,5.035150476763958,0.10572604280613207
1483.4441666666748,0.0,1.150131454765147,13.959444208929288,0.007117254516465733,0.0033428406798670274,6.134034425414118,5.0401511998776805,0.10588389590829422
1483.7387500000082,0.0,1.1512637158923347,13.949029860663243,0.006038726011666945,0.0033418807155843806,6.140073151425785,5.044392807643315,0.10601791039703605
1484.0000000000082,0.0,1.1522685892635454,13.939788155023061,0.005359324646457542,0.003341028815168055,6.1454324760722425,5.048156188669776,0.10613691036429947
1484.2500000000082,0.0,1.1532307949245686,13.930939697539452,0.0051317635254564025,0.0033402131065225138,6.150564239597699,5.051758879836514,0.10625091315571221
1484.5112500000082,0.0,1.1542368825182632,13.921688577643861,0.005365800499704145,0.00333936017592227,6.155930040097403,5.055524939004765,0.10637017338334903
1484.8058333333415,0.0,1.1553720010228643,13.91125207531653,0.00605396535787369,0.0033383977870886307,6.161984005455277,5.05977284901855,0.10650480033902246
1485.1533333333416,0.0,1.1567118841156583,13.89893439367948,0.00714604316156812,0.0033372616619459184,6.169130048616845,5.064785477356069,0.10666381047698413
1485.5700000000083,0.0,1.158319664558274,13.884155999106945,0.008574829027283933,0.00333589817418349,6.177704877644128,5.070798100281591,0.10685475309671444
1486.0670833333418,0.0,1.1602394750814684,13.866512478128225,0.010238989457037604,0.003334269782676847,6.187943867101166,5.077974431860991,0.10708295303899537
1486.650416666675,0.0,1.1624948350997648,13.845789332582548,0.012028586764247264,0.003332356416907068,6.199972453865413,5.0864006266308825,0.10735131705053416
1487.3200000000083,3.9829295237737594,1.1650869865049915,13.850156914754487,0.01382480749454232,0.0033301569144823175,6.213797261359955,5.096079186042961,0.10766012822456104
1488.0700000000083,11.874003259917437,1.1679947720000063,13.909141383189635,0.015508189306745995,0.0033276891524784778,6.2293054506667005,5.106928738685952,0.10800701699717981
1488.889166666675,16.418452301723576,1.1711760627678767,13.998162574479709,0.016966884095308124,0.0033249888593890257,6.246272334762009,5.118789697757252,0.10838711077635946
1489.7612500000084,17.26573596145142,1.1745691418416564,14.089977923426202,0.01809642172682556,0.0033221084564292094,6.264368756488834,5.131429811489218,0.10879317437308529
1490.6666666666752,17.040695667545357,1.178098932491911,14.178043639995538,0.01882555013469207,0.0033191117662067448,6.2831943066235265,5.14456776143411,0.10921633001475034
1491.583333333342,16.907681765977777,1.1816800376749137,14.266750739205568,0.01909922764268017,0.0033160714197200485,6.302293534266207,5.157884788353888,0.10964640130616132
1492.4887500000086,17.28895501904858,1.185224725168549,14.358841283208495,0.01890499996605588,0.0033130620467923936,6.321198534232263,5.1710545849100225,0.11007285885552688
1493.360833333342,18.068591440857173,1.1886461527278513,14.456277456681692,0.018247613649611777,0.0033101575113651627,6.339446147881874,5.1837553030281205,0.11048520596955821
1494.1800000000087,18.991217999337472,1.1918665890865248,14.55658612188714,0.017175660579591676,0.003307423900029063,6.356621808461466,5.195699950511897,0.11087397654246733
1494.9300000000087,19.51843936689531,1.1948208538308456,14.649578006074918,0.015756078636378207,0.0033049165864390165,6.372377887097844,5.20664887247659,0.11123116774768078
1495.599583333342,18.909486696710736,1.1974630995194881,14.71347576206237,0.014091977006092948,0.0033026744669571294,6.386469864103937,5.2164345329622135,0.11155108276820173
1496.1829166666753,5.31712134568581,1.1997687177723202,14.722446346923258,0.012296630681771639,0.0033007183561753447,6.398766494785709,5.224968182614942,0.11183058708471756
1496.6800000000087,0.0,1.2017362214663883,14.704435916780449,0.01049335303502944,0.003299049412181822,6.409259847820738,5.232246487946984,0.1120693588604559
1497.0966666666754,0.0,1.203387431573339,14.689323409924862,0.008806453903737896,0.0032976490064070955,6.418066301724475,5.238351971424425,0.1122699283348636
1497.4441666666755,0.0,1.2047659441482967,14.676708542440133,0.0073520670664408184,0.0032964800509526367,6.425418368790916,5.243447198817313,0.11243750136026484
1497.7387500000088,0.0,1.2059355260490796,14.666006903205663,0.006237770137508671,0.00329548837765156,6.431656138928425,5.2477688015006425,0.11257976777389761
1498.0000000000089,0.0,1.2069734945748856,14.656510512632288,0.005535832137632586,0.0032946083604156007,6.437191971066057,5.251603032652162,0.11270609505812273
1498.2500000000089,0.0,1.207967366564117,14.647418434247461,0.005300650609233781,0.0032937657494504988,6.442492621675291,5.255273438096052,0.11282711738982583
1498.5112500000089,0.0,1.2090065399762626,14.637912844351273,0.005542258198109198,0.0032928847098611645,6.448034879873401,5.259110166391749,0.11295372079220779
1498.8058333333422,0.0,1.2101789572812076,14.627189556877159,0.006252892293040701,0.003291890630438498,6.454287772166441,5.263437645374375,0.11309663699065525
1499.1533333333423,0.0,1.2115628262079108,14.614533794133553,0.007380634275750219,0.00329071712877326,6.461668406442191,5.268543973282347,0.11326543755053976
1499.570000000009,0.0,1.2132233280029536,14.599350346963297,0.008856009573561951,0.003289308834752078,6.470524416015754,5.274668711922147,0.11346813650743635
1500.0670833333425,0.0,1.2152060073982947,14.581224055011242,0.01057429010848589,0.003287627003456613,6.481098706124239,5.281978463841136,0.11371038643201552
1500.6504166666757,0.0,1.2175351073457057,14.559934998263225,0.012421866386192271,0.003285650945339439,6.493520572510431,5.290560767759705,0.1139952728752712
1501.320000000009,3.952999516954925,1.2202118536472535,14.564456059992558,0.014275980274920693,0.0032833795080996903,6.507796552785352,5.3004179076572715,0.11432309616399357
1502.070000000009,11.793831365284394,1.2232143354937746,14.625451853772278,0.016013236514780614,0.0032808312070802545,6.523809789300132,5.31146671812959,0.11469134063213642
1502.8891666666757,16.375386078367452,1.226498988362889,14.717998600947931,0.017518148635275527,0.0032780429910192577,6.5413279379354075,5.3235443867623164,0.11509483349111392
1503.761250000009,17.250460497534622,1.230002032748236,14.813650941610858,0.018682903388518995,0.0032750690367624865,6.560010841323926,5.3364141545201305,0.11552589394186566
1504.6666666666758,17.03401636212824,1.2336459149372878,14.90546787794513,0.019434038341609058,0.003271975277099768,6.579444879665536,5.3497893915349755,0.11597509754828844
1505.5833333333426,16.902134912149467,1.2373424530775108,14.998045658359407,0.019714870081188798,0.0032688367166249163,6.5991597497467245,5.363345471291244,0.11643164140114323
1506.4887500000093,17.283065876828974,1.2410010850648292,15.09412477309491,0.01951270393236437,0.003265730397620192,6.618672453679089,5.37675022393821,0.11688434797088658
1507.3608333333427,18.060688954301185,1.2445321981229007,15.19563515666164,0.018832602976381882,0.0032627325456419456,6.6375050566554705,5.389676160399278,0.11732207454686315
1508.1800000000094,18.981066226402497,1.2478556102241225,15.299815738800236,0.01772486453984929,0.003259911335460322,6.655229921195319,5.401831392641326,0.11773477253554293
1508.9300000000094,19.50734203781957,1.2509041126210543,15.395840504608309,0.016258679450303612,0.003257323867659548,6.671488600645623,5.4129723006532515,0.11811394675810741
1509.5995833333427,18.90135079795199,1.2536304588832097,15.461114558542508,0.014540513398162454,0.0032550102280404086,6.6860291140437855,5.422928704833699,0.11845355001325694
1510.182916666676,5.303707604647461,1.2560093211815113,15.470369664756605,0.012687265590941563,0.003252991840884375,6.698716379634727,5.431610601803943,0.11875025510087657
1510.6800000000094,0.0,1.2580392232276554,15.451885789363864,0.010826144246101756,0.0032512698517852337,6.709542523880829,5.43901486746819,0.11900372058326912
1511.0966666666761,0.0,1.2597427262766117,15.436376721212822,0.009085349594433969,0.003249824999101355,6.718627873475263,5.445225674029517,0.11921663257855027
1511.4441666666762,0.0,1.2611648436649006,15.4234313247924,0.00758462607087419,0.0032486189867170444,6.726212499546137,5.450408559533822,0.11939451742379094
1511.7387500000095,0.0,1.262371384467548,15.412449637624754,0.006434884280786359,0.003247595907927045,6.732647383826923,5.454804341594639,0.11954553824983442
1512.0000000000095,0.0,1.2634421244066896,15.402705009038897,0.005710613008755363,0.0032466880454260954,6.738357996835679,5.458704256397103,0.11967963902447258
1512.2500000000095,0.0,1.2644673504548511,15.393375499458289,0.005467872256860691,0.00324581879409102,6.7438258690925394,5.462437424426689,0.1198081083186327
1512.5112500000096,0.0,1.2655392807973782,15.383621928816568,0.00571696182681061,0.003244909921434556,6.74954283091935,5.46633963954679,0.11994250201344209
1512.805833333343,0.0,1.266748622918909,15.37261919885637,0.006449824648165553,0.0032438844652309014,6.755992655567516,5.470740834708039,0.12009421216422696
1513.153333333343,0.0,1.268176032258054,15.359634051031252,0.0076128498087719475,0.0032426739608780214,6.763605505376288,5.47593394564823,0.12027339924038181
1513.5700000000097,0.0,1.2698887152521134,15.344056027080557,0.009134309301650129,0.0032412213140660807,6.772739814677938,5.482162489238904,0.12048857029875328
1514.0670833333431,0.0,1.2719336104381742,15.32545953166109,0.01090610765899137,0.0032394865914331687,6.783645922336929,5.489595721720348,0.12074572557778504
1514.6504166666764,0.0,1.2743356718439738,15.303619409036626,0.012810994164263463,0.003237448494957534,6.796456916501193,5.498322435460327,0.12104814029800796
1515.3200000000097,3.924197086794718,1.2770961033486008,15.308303442052509,0.0147223013580109,0.0032351058874260387,6.8111792178592045,5.5083446799896505,0.12139613304393711
1516.0700000000097,11.714622315735028,1.2801922420667227,15.371318853817822,0.0165127398299836,0.003232477921333893,6.827691957689188,5.519577594349473,0.1217870331256492
1516.8891666666764,16.332365108435138,1.2835790968043914,15.467433784217393,0.0180632252675662,0.0032296027581440166,6.845755182956754,5.531855348600566,0.1222153492566816
1517.7612500000098,17.23521936496616,1.2871908426358831,15.566986231517157,0.01926264443462239,0.003226536315980152,6.865017827391377,5.544936988880059,0.12267292787994413
1518.6666666666765,17.027359770659064,1.2909474727471535,15.662623622717986,0.020035360593441937,0.003223346617732838,6.885053187984819,5.5585309599388575,0.12314976460565168
1519.5833333333433,16.89660772047448,1.2947580507438274,15.759150588832878,0.020323082648927977,0.003220111016092447,6.905376270633747,5.572307213065372,0.12363439187225043
1520.48875000001,17.2771984857154,1.2985292186740254,15.859296673634214,0.020112895627722206,0.0032169089370932993,6.925489166261469,5.585928178742314,0.12411494457172434
1521.3608333333434,18.052816740080374,1.3021686297995752,15.964949950661225,0.019410192669598092,0.0032138189370385104,6.9448993589310675,5.599061190419595,0.12457959467809285
1522.18000000001,18.970976274490294,1.305593686788835,16.07304307800869,0.018266970609386136,0.0032109112489369708,6.963166329540454,5.611409884146877,0.1250176756897529
1522.93000000001,19.496402149188413,1.3087351847819826,16.17209422801584,0.01675465596345404,0.0032082446730925243,6.979920985503908,5.622727031424649,0.12542017014832993
1523.5995833333434,18.89360495238787,1.3115445036046032,16.238716535122702,0.014983033720643432,0.0032058604634299507,6.994904019224551,5.632840064541839,0.1257806591827118
1524.1829166666766,5.290231621125374,1.3139956124566166,16.248263898518903,0.013072580544070763,0.003203780640014307,7.007976599768622,5.641657868553992,0.1260956112206807
1524.68000000001,0.0,1.3160870519432193,16.229320823725963,0.011154343928547845,0.003202006330837781,7.01913094369717,5.649177546581454,0.12636466405760974
1525.0966666666768,0.0,1.3178421185401814,16.213427198310928,0.009360355183797782,0.0032005176454625046,7.028491298880968,5.655484811677906,0.1265906691923936
1525.444166666677,0.0,1.319307227004708,16.20016132820766,0.007813911810808384,0.003199275092932891,7.0363052106917765,5.6607479462088035,0.1267794929539558
1525.7387500000102,0.0,1.320550202569026,16.18890814834598,0.006629203009696804,0.0031982210499713606,7.042934413701473,5.665211615453978,0.1269398005607618
1526.0000000000102,0.0,1.3216532461343067,16.178922892668837,0.005882899014830307,0.0031972857360661674,7.048817312716303,5.669171625147197,0.12708214752985364
1526.2500000000102,0.0,1.322709376012989,16.169363255668465,0.005632692686306075,0.0031963902234461426,7.054450005402609,5.672962200368195,0.12721851662292238
1526.5112500000103,0.0,1.3238135901164914,16.159369357883246,0.005889141885344828,0.0031954539161512196,7.060339147287954,5.676924298579148,0.127361174311843
1526.8058333333436,0.0,1.325059320248429,16.14809584111686,0.006643894037000885,0.003194397535234621,7.0669830413249555,5.681392882489323,0.1275222131310546
1527.1533333333437,0.0,1.3265296323347588,16.13479155321139,0.007841664460425505,0.003193150565291299,7.074824705785381,5.686665300810263,0.1277124182551619
1527.5700000000104,0.0,1.3282937256233274,16.118831285683825,0.009408497539031826,0.003191654215151288,7.084233203324413,5.692988669326307,0.12794081972764926
1528.0670833333438,0.0,1.3303999078866315,16.0997793702992,0.011232972070955709,0.003189867383789857,7.0954661753953685,5.700534645791774,0.12821378657585067
1528.650416666677,0.0,1.3328738283395016,16.077405627825684,0.013194242415307655,0.00318776817819503,7.108660417810676,5.709393137227549,0.12853479519828692
1529.3200000000104,3.896571343045228,1.3357166628674149,16.082263331281798,0.01516178414887058,0.0031853554814563114,7.1238222019595465,5.719565942814065,0.12890418351903837
1530.0700000000104,11.636597723044833,1.338905000923163,16.14730320564232,0.017004469630656143,0.003182649079587029,7.140826671590203,5.730966614963042,0.12931911636883484
1530.889166666677,16.289502756966364,1.3423924396744797,16.24702166056523,0.018599673340356067,0.0031796883341599813,7.159426344930559,5.743426533367973,0.12977376457098438
1531.7612500000105,17.220049980019304,1.3461111347284518,16.350530020448982,0.01983304028785183,0.0031765308827113054,7.17925938521841,5.756700888577145,0.13025947304630936
1532.6666666666772,17.02074167423296,1.349978660828814,16.450050503181444,0.0206268058685989,0.0031732468089746835,7.199886191087009,5.770493617702213,0.13076562218127508
1533.583333333344,16.891113285260417,1.3539013695973745,16.5505985829722,0.02092111343232261,0.0031699157777680515,7.220807304519331,5.784469730058694,0.13128003935739316
1534.4887500000107,17.271366766742265,1.3577831539238374,16.654883110310987,0.02070284974113564,0.00316661955938828,7.2415101542604665,5.7982867545333905,0.13179013010547877
1535.360833333344,18.0449935527982,1.361528982229003,16.764740407307638,0.01997775096088433,0.003163438999323924,7.261487905221351,5.8116073446292535,0.1322833394545246
1536.1800000000108,18.96097347723994,1.3650538885900232,16.87677864491816,0.01879950059210643,0.0031604463492963604,7.280287405813457,5.824131110000412,0.13274834547452866
1536.9300000000108,19.485651506460847,1.3682867137114392,16.978842944310916,0.017241733980886534,0.003157702074072636,7.297529139794343,5.835607594355408,0.13317557672745822
1537.599583333344,18.886256131241563,1.3711774955884901,17.046785369592513,0.015417503344271692,0.0031552485687192846,7.3129466431386145,5.845862113534615,0.1335582201275817
1538.1829166666773,5.276723145141926,1.3736995205270732,17.05663350486059,0.013450799672443241,0.003153108432128806,7.326397442811058,5.854802591244956,0.13389252734937124
1538.6800000000108,0.0,1.3758513523378282,17.037247698376966,0.011476436324026038,0.0031512827693837065,7.337873879135084,5.862426374564475,0.13417811418944894
1539.0966666666775,0.0,1.3776570145322882,17.020983382453146,0.009630198370453954,0.0031497510681954867,7.347504077505538,5.868820598711345,0.13441800759594275
1539.4441666666776,0.0,1.3791643011501804,17.007408647642045,0.008038861962091148,0.0031484726614948205,7.355542939467629,5.874156044600617,0.13461843455567982
1539.738750000011,0.0,1.3804430183208012,16.995893847577715,0.006819824909977806,0.0031473882392259113,7.362362764377607,5.878680861432999,0.13478859287764597
1540.000000000011,0.0,1.3815777477154503,16.985676743992265,0.006051890104795885,0.003146425995173543,7.368414654482402,5.882694981019398,0.13493968677189774
1540.250000000011,0.0,1.3826641875478816,16.97589540130612,0.005794345772967681,0.003145504722345031,7.3742090002553695,5.886537229356903,0.13508443534757006
1540.511250000011,0.0,1.3838000620351036,16.96566999818932,0.006057997265183424,0.003144541506405778,7.380266997520553,5.890553211741062,0.13523585881502212
1540.8058333333443,0.0,1.385081473889504,16.95413566742665,0.00683419655680121,0.003143454796789125,7.3871011940773545,5.895082412045204,0.13540679271674624
1541.1533333333443,0.0,1.3865938509905538,16.940524037932953,0.008066011205598673,0.0031421720682943935,7.395167205282953,5.900426138194917,0.1356086848551317
1541.570000000011,0.0,1.3884083435836123,16.924195722353954,0.009677293829646287,0.0031406328682547263,7.404844499112599,5.906834724799019,0.13585112000038085
1542.0670833333445,0.0,1.3905745975087944,16.90470539170806,0.01155335426763866,0.0031387949543862843,7.4163978533802375,5.9144819628381615,0.13614085833949072
1542.6504166666778,0.0,1.3931189377582074,16.88181808127365,0.013569814663535339,0.003136635855181483,7.429967668043773,5.923458727311997,0.13648158963652748
1543.320000000011,3.8701600490182684,1.3960425059600223,16.886861427920792,0.015592363743014474,0.003134154479428481,7.445560031786787,5.933766552441344,0.13687367229748876
1544.070000000011,11.559970615066772,1.399321151475129,16.95392725389947,0.017486109413900795,0.003131371240354184,7.463046141200688,5.945317523054212,0.13731409665402894
1544.8891666666777,16.246912660595743,1.4029070811597908,17.057277031982892,0.01912495831819683,0.0031283266816801744,7.482171099518885,5.957940473764371,0.1377966750939605
1545.7612500000112,17.2049896457841,1.4067304663323188,17.164789369118104,0.020391387586815808,0.0031250801306394816,7.502562487105701,5.971387104057109,0.1383122205445249
1546.6666666666779,17.014177741285497,1.4107065091815945,17.268248514641456,0.0212055618628029,0.0031217036929897216,7.5237680489685035,5.98535729090589,0.1388494608067951
1547.5833333333446,16.885664600129697,1.4147389046772,17.372882510376204,0.02150610930989745,0.0031182792988239793,7.545274158278401,5.999511614702287,0.13939547540676395
1548.4887500000114,17.265584525314942,1.4187288563623428,17.48136947241988,0.02127974232076087,0.0031148910120290902,7.566553900599162,6.013503233554992,0.13993689625776276
1549.3608333333448,18.037237979536155,1.4225787099232807,17.59548388361432,0.020532552325001962,0.0031116219146522127,7.587086452924164,6.026990649995934,0.1404603973514722
1550.1800000000114,18.951082792638154,1.4262011891764022,17.71149148842727,0.019319889349980534,0.0031085462277050235,7.606406342274145,6.039669924036666,0.1409539615915491
1550.9300000000114,19.47512054789646,1.4295232318016882,17.816549179096967,0.017717560668192474,0.0031057260368756163,7.624123902942337,6.051287774279697,0.14140742998831354
1551.5995833333448,18.87930613544252,1.4324935727165233,17.88578390933148,0.015841818212453947,0.003103204845576437,7.639965721154791,6.061667686368192,0.14181357136712264
1552.182916666678,5.263212416361753,1.435084839071289,17.895942169507542,0.013820087225417171,0.0031010058114677164,7.653785808380208,6.0707167797140595,0.14216840753980267
1552.6800000000114,0.0,1.4372956244007467,17.87613230987651,0.011790855090440483,0.0030991300112532456,7.665576663470649,6.078432660791126,0.14247153100332904
1553.0966666666782,0.0,1.439150667794848,17.8595130230794,0.009893564768541387,0.0030975563205376385,7.67547022823919,6.08490375900105,0.1427261548219686
1553.4441666666783,0.0,1.4406991139179839,17.845642577628023,0.008258379323391223,0.0030962429204203367,7.683728607562581,6.090303091420335,0.14293888853067288
1553.7387500000116,0.0,1.4420127050104448,17.833877339489398,0.007005819159792071,0.0030951288519683795,7.690734426722373,6.094881904093172,0.14311949483666891
1554.0000000000116,0.0,1.4431783475611537,17.82343832845659,0.006216760270447272,0.003094140330582459,7.696951186992821,6.098943783708829,0.1432798659833761
1554.2500000000116,0.0,1.444294355185343,17.81344481289095,0.005952040662342871,0.0030931939245769434,7.702903227655163,6.102831622519244,0.14343350207625813
1554.5112500000116,0.0,1.4454611116474054,17.802997887057234,0.006222701130999713,0.003092204457676573,7.709125928786163,6.106895126536154,0.14359422276206488
1554.805833333345,0.0,1.446777324042278,17.79121402362672,0.007019799439321469,0.0030910881639448183,7.716145728225484,6.111477761656148,0.1437756516332645
1555.153333333345,0.0,1.4483307220109187,17.77730839401621,0.008284789166082203,0.0030897705593071626,7.724430517391567,6.116884314451178,0.14398993928265874
1555.5700000000118,0.0,1.450194355275209,17.760628075124668,0.009939377409548285,0.0030881895732258096,7.734369894801115,6.123367936394703,0.14424725882112358
1556.0670833333452,0.0,1.4524191698046671,17.740718538764146,0.011865677490443293,0.0030863018543326147,7.746235572291559,6.131104268800493,0.14455478528540866
1556.6504166666784,0.0,1.455032143375016,17.71734029791889,0.013935859041860739,0.0030840843721841402,7.760171431333419,6.140185001179889,0.144916434709406
1557.3200000000118,3.8449894331262744,1.4580343769513753,17.722582586482954,0.016011912407249005,0.003081536066801469,7.776183343740668,6.150611389684998,0.1453325871868144
1558.0700000000118,11.48494288520822,1.4614009906877115,17.791672626618,0.01795527326045991,0.003078677969514485,7.794138617001129,6.1622941802309725,0.14580004793414836
1558.8891666666784,16.2047074953104,1.4650828290018199,17.898673807879195,0.01963647100857854,0.0030755517826704633,7.813775088009707,6.175059924590351,0.1463122491405582
1559.7612500000118,17.19007518131712,1.469008123657152,18.01023008578192,0.020934904828437215,0.0030722184853520184,7.834709992838144,6.1886572191500395,0.14685943946487345
1560.6666666666786,17.007683379141476,1.473089761771667,18.11767599234817,0.021768736610746162,0.0030687521566440047,7.856478729448891,6.202782355662031,0.14742965455234397
1561.5833333333453,16.880274434947623,1.4772288501542672,18.226453086975084,0.0220751380405347,0.003065236933847294,7.878553867489425,6.217092028707609,0.14800918074700734
1562.488750000012,17.25986532004811,1.4813239763018502,18.339198501727484,0.021840672787108658,0.0030617591122690077,7.900394540276534,6.2312355862562425,0.14858382947669263
1563.3608333333455,18.029568262034406,1.4852749385894757,18.457614683907988,0.02107179886733706,0.0030584039465380197,7.921466339143871,6.2448679373117475,0.14913945700368617
1564.1800000000121,18.94132854643161,1.4889922207879145,18.577607445269823,0.019825505058340177,0.0030552475674086544,7.941291844202211,6.257682093477398,0.14966330898642485
1564.9300000000121,19.464837949514028,1.4924009188949707,18.68563254122933,0.018179723237634143,0.0030523536294928,7.959471567439845,6.269422370546649,0.15014460333583413
1565.5995833333454,18.87275195083192,1.4954485104521322,18.756132467645457,0.01625382163819373,0.003049766705844276,7.975725389078039,6.279910723059114,0.150575665511041
1566.1829166666787,5.24972988089379,1.4981069908818743,18.766611092701844,0.014178562291958024,0.0030475104897039894,7.989903951369997,6.2890536289986185,0.15095227358374366
1566.6800000000121,0.0,1.5003749901153458,18.74639803583447,0.012095995911848316,0.0030455860238126214,8.001999947281845,6.296848968159945,0.15127399537794242
1567.0966666666789,0.0,1.5022779479635686,18.72944132199509,0.010149108523854493,0.0030439715843193385,8.0121490558057,6.3033863274802995,0.15154424137311465
1567.444166666679,0.0,1.5038663243452504,18.715289840698237,0.008471340702301851,0.003042624230496602,8.020620396508003,6.308840682612814,0.15177002683515411
1567.7387500000123,0.0,1.5052137430487869,18.703286635280524,0.007186233085529186,0.003041481400757448,8.027806629593531,6.313465968197459,0.1519617135826926
1568.0000000000123,0.0,1.5064093675984032,18.69263679970031,0.00637666426462008,0.003040467389499665,8.03418329385815,6.317568929543988,0.15213192355175492
1568.2500000000123,0.0,1.50755404913851,18.68244173689388,0.006104968213902331,0.003039496606242162,8.040288262072053,6.321495962564383,0.15229498512388615
1568.5112500000123,0.0,1.5087507505766045,18.671784412479063,0.006382407669837785,0.0030384816808028997,8.046670669741891,6.32560029866114,0.15246556577211107
1568.8058333333456,0.0,1.5101007034540175,18.65976358421589,0.007199748679536369,0.0030373366995265776,8.053870418421427,6.330228819183445,0.15265812483343902
1569.1533333333457,0.0,1.511693867072972,18.64557881260616,0.008496872634424162,0.003035985280515713,8.062367291055851,6.335689284774029,0.15288555821816147
1569.5700000000124,0.0,1.5136051292095993,18.62856435225584,0.010193398062013106,0.003034363787416539,8.072560689117864,6.342237242310903,0.15315866296959277
1570.0670833333459,0.0,1.5158866911406852,18.608256985528154,0.012168330299123354,0.003032427797820515,8.084729019416988,6.350049887652424,0.1534850540566349
1570.6504166666791,0.0,1.518566156818942,18.584412990627758,0.014290483617368453,0.0030301537449990367,8.099019503034357,6.359219565548683,0.1538688874434005
1571.3200000000124,3.821074254140484,1.52164458005593,18.58986888182897,0.01641825726393601,0.003027540605830269,8.115437760298294,6.369747242666633,0.15431056618350503
1572.0700000000124,11.411702919940954,1.525096366136107,18.660978334387018,0.01840952576094459,0.003024610017713191,8.133847286059238,6.381542463680991,0.154806699132227
1572.889166666679,16.16299773047409,1.5288710316614897,18.771643189067163,0.02013154946870803,0.003021404812361456,8.153978835527946,6.3944297753026085,0.15535031523079798
1573.7612500000125,17.175342550615042,1.5328949233841516,18.887274990275706,0.021460755854195778,0.0030179875745101844,8.175439591382142,6.408155080052024,0.15593106469088194
1574.6666666666792,17.00127358643536,1.5370786827059635,18.998747942872455,0.022313383049663453,0.003014434297761543,8.197752974431806,6.422411584067601,0.15653624909978617
1575.583333333346,16.874955213599723,1.5413209102032726,19.11171727161386,0.022625213318982037,0.0030108312571038025,8.220378187750788,6.436852666116611,0.1571513136249556
1576.4887500000127,17.254222332688656,1.5455176643656043,19.22876875841,0.022382688865769468,0.0030072669053816917,8.242760876616558,6.451124451142739,0.15776119958428156
1577.3608333333461,18.022002120630084,1.5495662852117138,19.35152260428616,0.02159264451258358,0.003003828594293542,8.264353521129141,6.464878837144847,0.15835089607501107
1578.1800000000128,18.931734179739014,1.553375098727188,19.475507773880487,0.020313672082527785,0.003000594294524272,8.28466719321167,6.47780630993319,0.15890686696136827
1578.9300000000128,19.45483025685955,1.5568674306070214,19.586468432060624,0.01862577002577872,0.002997629169065539,8.303292963237448,6.4896492217386115,0.15941766942260452
1579.5995833333461,18.866586229654402,1.55998955371248,19.658207494621575,0.01665132322911262,0.0029949788159605714,8.31994428646656,6.500228305997113,0.1598751587942886
1580.1829166666794,5.236305899945506,1.5627128628444886,19.66901764687055,0.014524315370713251,0.002992667437724941,8.334468601837273,6.509449566833078,0.16027485472050682
1580.6800000000128,0.0,1.5650360310969054,19.648424369260272,0.01239023067955753,0.0029906960374873155,8.34685883251683,6.5173111695812365,0.1606162989030709
1581.0966666666795,0.0,1.5669851806426758,19.63114954815076,0.010395464244107172,0.0029890423075879793,8.357254296760937,6.523903714146429,0.16090311120328077
1581.4441666666796,0.0,1.5686120444355602,19.61673318582847,0.008676606895385788,0.0029876622213158223,8.365930903656322,6.529403843611502,0.16114273716511132
1581.738750000013,0.0,1.5699920633062139,19.60450573776371,0.0073601006434872,0.002986491669118249,8.373291004299809,6.534067754255243,0.16134617394263862
1582.000000000013,0.0,1.5712165780198362,19.593657271836566,0.006530745139317921,0.0029854530919901623,8.379821749439126,6.538204831714935,0.1615268172707696
1582.250000000013,0.0,1.5723888858126853,19.58327235024426,0.006252308228528764,0.0029844588180875046,8.386074057667654,6.542164388486473,0.1616998738630098
1582.511250000013,0.0,1.5736144344985488,19.572416861311343,0.006536259657940095,0.0029834193631162586,8.392610317325595,6.5463025813754,0.16188091024906245
1582.8058333333463,0.0,1.57499688654571,19.560172886655604,0.007373077584861114,0.0029822467449042767,8.399983394910455,6.55096911669137,0.16208527200396797
1583.1533333333464,0.0,1.5766283467672535,19.545725305083494,0.008701121181565328,0.002980862755033962,8.40868451609202,6.556474203708567,0.1623266453773147
1583.5700000000131,0.0,1.578585469567717,19.528396330475907,0.010437988269137003,0.0029792022519084197,8.419122504361157,6.563075346401071,0.16261648902326273
1584.0670833333465,0.0,1.5809216597766647,19.50771461200634,0.012459681114387514,0.0029772197860343428,8.431582185475545,6.570950988385531,0.16296288439398496
1584.6504166666798,0.0,1.5836651173118073,19.483432503777852,0.014631773520760703,0.002974891280133963,8.446213958996305,6.580193965645721,0.16337024184152182
1585.3200000000131,3.798418115090592,1.5868168423189073,19.489118037602914,0.0168092000378675,0.002972215753603205,8.463023159034172,6.590804945812443,0.16383898872112326
1586.0700000000131,11.340423465582504,1.5903505431142861,19.56223922735783,0.018846404242021133,0.002969215434857591,8.481869563276193,6.602692418246211,0.1643655256153373
1586.8891666666798,16.12189039773563,1.5942144500039792,19.676572211486818,0.02060750341169571,0.0029659342498550264,8.50247706668789,6.615679216288495,0.16494245381063888
1587.7612500000132,17.16082649908686,1.5983330892507044,19.796302543556735,0.021966075982535298,0.002962436334290662,8.524443142670425,6.629508976619717,0.16555878888344797
1588.66666666668,16.994962809258233,1.6026149379345704,19.911834747578986,0.02283652631395124,0.002958799527215082,8.547279668984375,6.643872340986279,0.16620105400057425
1589.5833333333467,16.869718894982277,1.6069561859181736,20.029037043133854,0.0231533225792171,0.0029551121601968057,8.570432991563592,6.658419965651773,0.16685380234304772
1590.4887500000134,17.248668241651746,1.6112504635838805,20.1504334759282,0.02290281421710545,0.0029514647579155853,8.593335805780697,6.672795362392576,0.16750105258645312
1591.3608333333468,18.014556583412343,1.6153927551666443,20.277551872607233,0.022092221774739493,0.0029479466820158027,8.615428027555437,6.686648022054275,0.16812687433330542
1592.1800000000135,18.922322006304416,1.6192893232162198,20.405528185602552,0.02078169626440351,0.0029446376629972087,8.63620972381984,6.699666445236681,0.1687169024993315
1592.9300000000135,19.4451215543357,1.6228618045471133,20.519387143770775,0.019053233764764473,0.0029416043031335938,8.655262957584606,6.711591473892063,0.1692589937015045
1593.5995833333468,18.860797869185014,1.6260553270022053,20.592340629508648,0.017032119760489954,0.0029388931748804818,8.672295077345096,6.722242939159855,0.1697445048339983
1594.18291666668,5.2229704563996115,1.6288407194951622,20.603494413690182,0.014855426629102508,0.002936528960645815,8.687150503974198,6.731526542390783,0.17016868157207551
1594.6800000000135,0.0,1.631216705077636,20.582545931779908,0.012671923106526657,0.0029345126182884866,8.699822427080726,6.739440744799883,0.17053103796672067
1595.0966666666802,0.0,1.6332100663513271,20.564974030857087,0.010631260126352063,0.0029328212750437317,8.710453687207078,6.746077007630778,0.1708354159322925
1595.4441666666803,0.0,1.63487376016326,20.55031036496224,0.008873033663642796,0.0029314098599632996,8.71932672087072,6.751613338516857,0.17108971727741656
1595.7387500000136,0.0,1.6362849698651152,20.537873603734617,0.007526451743227653,0.002930212778745948,8.726853172613948,6.756307752441771,0.17130561283689824
1596.0000000000136,0.0,1.6375371215892238,20.526839769265916,0.006678142528578549,0.0029291506968620925,8.733531315142526,6.760471738386837,0.17149731883195407
1596.2500000000136,0.0,1.6387358535993035,20.516277698123226,0.006393237387092281,0.002928133950127342,8.739924552529619,6.764456917682318,0.171680973292073
1596.5112500000137,0.0,1.6399889904935034,20.505237344505677,0.006683396769067079,0.0029270710317385847,8.746607949298685,6.768621751792872,0.1718730960300006
1596.805833333347,0.0,1.6414025185232044,20.492785242432536,0.007538816158405575,0.0029258719817969853,8.75414676545709,6.773318161433319,0.17208997230428652
1597.153333333347,0.0,1.6430705917879787,20.4780925974118,0.00889639074546337,0.0029244568469420523,8.763043156202553,6.77885826165622,0.17234612635665938
1597.5700000000138,0.0,1.6450715498883945,20.460470429283507,0.010671776535552702,0.002922759049428841,8.773714932738105,6.785501061274596,0.17265371833102267
1598.0670833333472,0.0,1.6474599425420642,20.43943985453374,0.012738094152904106,0.0029207321625291187,8.78645302689101,6.79342593593992,0.17302132426255976
1598.6504166666805,0.0,1.6502645318611002,20.414749635567087,0.014957809701524714,0.002918351627198217,8.801410836592535,6.8027260452783125,0.1734536241892989
1599.3200000000138,3.7770140107310235,1.6534862578595027,20.420682227668454,0.017182538658148064,0.0029156165109891744,8.818593375250682,6.81340175034763,0.17395107118247793
1600.0700000000138,11.271259788661895,1.657098153432544,20.495804819847258,0.019263443056220318,0.00291254961519268,8.837856818306902,6.825360638508994,0.17450984493793037
1600.8891666666805,16.0814879039347,1.6610472110918109,20.61380265709965,0.02106164084942359,0.0029091959189526295,8.858918459156325,6.838424133510413,0.1751220932480739
1601.761250000014,17.14656020522864,1.6652562111860196,20.737645848095713,0.022448000502448447,0.0029056210456708535,8.881366459658773,6.85233405026616,0.17577615874633662
1602.6666666666806,16.988764803885278,1.6696315599596139,20.8572612418652,0.023335193459167243,0.0029019046004717733,8.904701653117941,6.866779005572714,0.17645773922130167
1603.5833333333474,16.864576859567293,1.674067145691033,20.978728560052613,0.023656457234235036,0.0028981368787906452,8.928358110352177,6.881407545902978,0.17715044208879935
1604.488750000014,17.243215101688754,1.6784542854002837,21.10449980526638,0.023398078449336588,0.0028944103796314995,8.951756188801513,6.89586119840392,0.1778373077833307
1605.3608333333475,18.007247824026717,1.6826857236754282,21.236000482496888,0.022567670800772155,0.002890816375893083,8.974323859602285,6.909787667879523,0.17850143103158508
1606.1800000000142,18.913112984778532,1.6866657659863098,21.367958269399264,0.021226892324701076,0.002887436267538505,8.995550751926986,6.9228740245869895,0.17912756789991077
1606.9300000000142,19.435733181843315,1.6903144516313837,21.484673340869712,0.019459656773728237,0.0028843380185565146,9.015010408700714,6.934860064398679,0.17970283229516165
1607.5995833333475,18.85537265482802,1.6935758299592654,21.558818130448756,0.017394017748700693,0.002881569119399842,9.032404426449416,6.945565041538443,0.18021805270769098
1608.1829166666807,5.209752865590372,1.696420202265457,21.570328596611567,0.015169985633023407,0.0028791546999888083,9.047574412082438,6.954894527946231,0.18066818440336974
1608.6800000000142,0.0,1.6988463483130174,21.54905186217184,0.01293944558698684,0.002877095667305594,9.060513857669426,6.962847289031667,0.18105271217067487
1609.096666666681,0.0,1.7008816855859865,21.531205528210993,0.010855132122502241,0.002875368605275401,9.071368989791928,6.969515489648965,0.1813757133917242
1609.444166666681,0.0,1.702580338755319,21.51631348466439,0.009059483569772509,0.002873927446367728,9.080428473361701,6.9750781893731535,0.18164557364436854
1609.7387500000143,0.0,1.7040211491863122,21.503683481406693,0.00768432229863084,0.002872705183255169,9.088112795660333,6.9797947659505,0.18187467802608984
1610.0000000000143,0.0,1.7052995244815257,21.49247855150131,0.006818001574471185,0.002871620793994572,9.094930797234804,6.983978259654283,0.18207811265321613
1610.2500000000143,0.0,1.7065233253194885,21.481753006722627,0.006526937802467671,0.0028705827226094354,9.101457735037272,6.987981976341412,0.18227300294230703
1610.5112500000143,0.0,1.7078026311673145,21.47054209726004,0.006822964521739258,0.002869497543123108,9.10828069955901,6.992166044850606,0.1824768793739609
1610.8058333333477,0.0,1.7092456313923188,21.457898022996133,0.007696001200024093,0.002868273420204957,9.115976700759035,6.99688397384076,0.18270702344769077
1611.1533333333477,0.0,1.7109484211853438,21.44297939931205,0.009081545562800872,0.0028668287473176623,9.125058246321835,7.002449227586032,0.18297884782370036
1611.5700000000145,0.0,1.7129909340074287,21.425086960028715,0.010893401717786178,0.0028650955880994097,9.13595164803962,7.009121856641297,0.18330525633398656
1612.067083333348,0.0,1.7154287989863986,21.403734930893368,0.013001946554506115,0.002863026594249638,9.148953594594127,7.017081846227563,0.18369534932856285
1612.6504166666812,0.0,1.718291303187336,21.378668835026094,0.015266689071664825,0.002860596756711157,9.164220283665792,7.026422509636962,0.18415409271476985
1613.3200000000145,3.7568450842144183,1.7215793201448188,21.38486725046962,0.017536090439908995,0.002857805196750738,9.181756374105701,7.037143895952806,0.18468196677000692
1614.0700000000145,11.204348174897355,1.7252652325742044,21.461978481802078,0.019658199623389053,0.0028546752672620698,9.20141457372909,7.049152850266963,0.18527491694805592
1614.8891666666811,16.041886916481225,1.7292948506917298,21.583630328837327,0.021491296626802648,0.0028512529535658325,9.222905870355893,7.062269700585979,0.18592461019715775
1615.7612500000146,17.13257495497174,1.733589293533372,21.71159201371606,0.022903695155426836,0.0028476052949777835,9.245809565511319,7.0762348971947935,0.1866186756649335
1616.6666666666813,16.98269250885023,1.7380530020126195,21.835306162885075,0.023806445222652056,0.002843813573076021,9.269616010733971,7.090735585937159,0.18734193606797922
1617.583333333348,16.859539803826298,1.7425776854405015,21.9610616937061,0.024131644948704158,0.0028399699429456035,9.293747655682676,7.105418831408972,0.18807699614846837
1618.4887500000148,17.237874232117672,1.7470524758987336,22.091228437438744,0.023865549110570518,0.002836168768734317,9.317613204793247,7.119924818998581,0.18880585926906399
1619.3608333333482,18.000091011426846,1.7513680078286513,22.227119908119278,0.023016170292892046,0.002832503124504335,9.34062937508614,7.1339001015108705,0.1895105866837887
1620.1800000000148,18.904126511166048,1.7554267477671304,22.363041294451612,0.021646613005223057,0.00282905597927639,9.362275988091362,7.147030884114755,0.19017500281459562
1620.9300000000148,19.42668350698192,1.7591472385899958,22.4825659075327,0.019842617721948747,0.002825896572897186,9.38211860581331,7.159056388426463,0.19078543426902708
1621.5995833333482,18.850293934000824,1.7624725243544799,22.557880666087275,0.01773485741058289,0.0028230732517185034,9.399853463223893,7.169795621374666,0.19133214943888696
1622.1829166666814,5.196681496530826,1.7653724204052184,22.5697617936859,0.01546611227060496,0.002820611557910789,9.415319575494498,7.179154199851949,0.19180979579318258
1622.6800000000148,0.0,1.7678457698546608,22.548185565475926,0.013191197063693103,0.0028185123420862456,9.428510772558191,7.187131199631935,0.1922178271594786
1623.0966666666816,0.0,1.7699205959063677,22.530088956334364,0.011065738942438655,0.002816751669749324,9.43957651150063,7.193819326404082,0.19256057058645404
1623.4441666666817,0.0,1.7716521281268154,22.514988718795216,0.009234838509052962,0.002815282530293393,9.448811350009683,7.199398371494758,0.19284692452587432
1623.738750000015,0.0,1.7731207715387047,22.502182609048567,0.00783276486340823,0.0028140365834777013,9.456644114873091,7.204128609626804,0.19309003127706503
1624.000000000015,0.0,1.7744237994828316,22.490821799361665,0.006949482368677549,0.0028129312181312247,9.463593597241768,7.208324069094011,0.19330589912808224
1624.250000000015,0.0,1.775671163119549,22.4799473575352,0.006652606062492544,0.0028118730983678307,9.470246203304262,7.2123391037794145,0.19351270020665376
1624.511250000015,0.0,1.7769750613202233,22.46858114087539,0.006954123736928824,0.0028107669939004994,9.47720032704119,7.216534860534806,0.1937290363741407
1624.8058333333483,0.0,1.7784457526289243,22.455762307602726,0.007843686979740111,0.002809519307555208,9.48504401402093,7.221265797994395,0.1939732452074782
1625.1533333333484,0.0,1.7801811533985776,22.440638035588016,0.009255470771483247,0.0028080468813734246,9.494299484792414,7.226846163311221,0.1942616811338779
1625.5700000000152,0.0,1.7822626899270027,22.422499737447797,0.011101528151600688,0.0028062805061625034,9.505401012944015,7.2335365781183265,0.19460803631538923
1626.0670833333486,0.0,1.7847469986368176,22.400855428263842,0.013249646452346123,0.0028041719733766296,9.51865065939636,7.241517310297502,0.19502196686782422
1626.6504166666818,0.0,1.7876638509637037,22.37544776231839,0.015556545743394263,0.0028016958585623977,9.534207205139754,7.2508816556841555,0.19550874168322652
1627.3200000000152,3.7378855606504793,1.7910140478083698,22.381932065325174,0.017867716504884314,0.002798851342110102,9.552074921644639,7.261629348210624,0.19606886981437383
1628.0700000000152,11.139804800597913,1.7947693506530515,22.46101698568931,0.020028281838304594,0.002795662304102643,9.572103203482943,7.273666655775952,0.1966980483356239
1628.8891666666818,16.00317734790619,1.798874449857194,22.586304675873947,0.021893862422093135,0.0027921756831253137,9.593997065905036,7.286813132414215,0.19738743440820028
1629.7612500000153,17.11889984567855,1.8032488976349528,22.71838187278289,0.023330388148047228,0.0027884598541897425,9.617327454053083,7.300808330798575,0.1981239007954875
1630.666666666682,16.97675792895536,1.8077952868862361,22.846201947635628,0.024247409340177568,0.0027845976756352485,9.64157486339326,7.315338490486671,0.1988913425652168
1631.5833333333487,16.85461764464762,1.8124032837835529,22.976259914658446,0.02457598345235564,0.0027806830467082613,9.666150846845616,7.330049832878774,0.19967130158002003
1632.4887500000154,17.23265611587852,1.8169599772525888,23.11083358189473,0.02430236516819059,0.0027768120761212847,9.690453212013807,7.344581854243273,0.2004446818952192
1633.3608333333489,17.99310017462724,1.821354034095863,23.251115175061713,0.023434969830794405,0.0027730795179102805,9.713888181844602,7.358580597832373,0.20119244930814165
1634.1800000000155,18.895380236134326,1.8254862115014896,23.390974363684776,0.022038279496677513,0.002769569799992934,9.735926461341279,7.371731975309252,0.20189744075334068
1634.9300000000155,19.41798775911571,1.829273666415981,23.513258132530623,0.020199759543952738,0.0027663533442055053,9.756126220885232,7.383775110075764,0.20254514837912724
1635.5995833333488,18.84554328849932,1.8326585172217624,23.589723442717546,0.01805253763083478,0.002763479285241864,9.774178758516067,7.394529093224603,0.20312524696034237
1636.182916666682,5.18378350957812,1.8356101381977052,23.601990104729172,0.015741978538361564,0.002760973539530664,9.789920737054429,7.40389976067181,0.20363205778527477
1636.6800000000155,0.0,1.8381274422511573,23.58014479714369,0.013425621618411668,0.0027588368959995365,9.80334635867284,7.4118865024924405,0.2040650019317145
1637.0966666666823,0.0,1.84023902556148,23.561823454255396,0.011261777655054931,0.0027570449296857114,9.814608136327895,7.418582398517114,0.20442867114027893
1637.4441666666823,0.0,1.8420011529489342,23.546536357337093,0.009398012733088665,0.0027555497461406752,9.824006149060983,7.424167646315454,0.2047325075271532
1637.7387500000157,0.0,1.8434956891389853,23.533572250212142,0.007970859680272134,0.0027542817605020697,9.831977008741255,7.428902945271618,0.20499045601566696
1638.0000000000157,0.0,1.8448216459685556,23.522071638149274,0.007071769757710108,0.002753156880357181,9.839048778498965,7.433102741229663,0.20521950236277864
1638.2500000000157,0.0,1.8460909202094409,23.51106369900891,0.006769462618053357,0.0027520801128037907,9.845818241117017,7.437121791957197,0.20543892815755596
1638.5112500000157,0.0,1.8474176815257044,23.499558282378114,0.0070760603534064034,0.0027509545492955924,9.852894301470425,7.441321605532101,0.20566847086004472
1638.805833333349,0.0,1.8489141108339702,23.486582869383486,0.007980956310750388,0.002749684955353474,9.860875257781174,7.446056945661802,0.20592758741422423
1639.153333333349,0.0,1.8506798143613599,23.471274416222684,0.009417085479411108,0.002748186733025784,9.870292343260585,7.451642270317343,0.20623363044007748
1639.5700000000159,0.0,1.8527976008609486,23.452916030635073,0.011294861331141123,0.002746389494050574,9.881587204591726,7.458338297369208,0.20660112764468558
1640.0670833333493,0.0,1.8553250355529978,23.431010231412916,0.013479651690928518,0.0027442442364114888,9.895066856282655,7.466325248374631,0.2070403241704892
1640.6504166666825,0.0,1.8582923304928631,23.405297190255094,0.015825573012614905,0.002741725157590618,9.91089242929527,7.475696230699933,0.20755680999039422
1641.3200000000159,3.7201018191036095,1.8617002080626137,23.41208866907565,0.018175347038671383,0.0027388315022991057,9.929067776333941,7.48645066223184,0.2081511245840606
1642.0700000000159,11.07772499770737,1.8655198411358838,23.493130387029645,0.020371376390771603,0.0027355876502762975,9.949439152724713,7.49849440294898,0.2088187016844743
1642.8891666666825,15.965441463416328,1.8696948694572422,23.622028745333626,0.022266817713912906,0.002732041434671239,9.971705970438625,7.511646560319093,0.20955015804477067
1643.761250000016,17.105561526012117,1.8741433825495826,23.758210018505313,0.023725403159149252,0.0027282624777590692,9.995431373597775,7.52564626296859,0.21033156466428082
1644.6666666666827,16.970972033540153,1.8787662540853247,23.89013485308783,0.024655314857291544,0.0027243351051664437,10.020086688455066,7.540179415455712,0.21114583334848083
1645.5833333333494,16.84981943565931,1.8834512557079828,24.024500501855382,0.024986675320843817,0.002720354833906643,10.04507336377591,7.554892040835748,0.21197337940226282
1646.4887500000161,17.227570311432324,1.8880835878463258,24.163483268001087,0.024705771404496833,0.002716419385687222,10.069779135180406,7.569423603948208,0.21279394175330554
1647.3608333333495,17.98628808516351,1.8925501046661808,24.308145252196496,0.023821423039224684,0.002712625062665015,10.09360055821963,7.583420284686266,0.21358732519242554
1648.1800000000162,18.886889911250016,1.8967499945337623,24.451908880943463,0.022399412627102835,0.0027090576321583677,10.115999970846733,7.596568274961882,0.2143353201155664
1648.9300000000162,19.409657929334276,1.9005991479129667,24.57689819370607,0.02052881802242145,0.0027057885964918127,10.136528788869155,7.608607076749469,0.21502253434648785
1649.5995833333495,18.841101176516833,1.9040388431946702,24.654496630737075,0.018345041502419092,0.0027028678059795607,10.154873830371574,7.619356196174129,0.2156380136059054
1650.1829166666828,5.171084616031172,1.9070380614712885,24.667164537040946,0.015995830808632462,0.002700321510776128,10.170869661180207,7.628721860664338,0.21617573356974373
1650.6800000000162,0.0,1.9095957916199107,24.64508204688398,0.013641227459316682,0.0026981504330545756,10.184510888639524,7.636703776248797,0.2166350806829314
1651.096666666683,0.0,1.9117411665472732,24.62656274945388,0.011441999612599672,0.0026963296883378857,10.195952888252124,7.643395227474916,0.21702092727431532
1651.444166666683,0.0,1.9135314101978877,24.61111115670132,0.009547966136610162,0.002694810563106878,10.205500854388735,7.648976489675027,0.21734329169015554
1651.7387500000164,0.0,1.9150497338132122,24.598008031138868,0.008097725948398018,0.0026935223240381096,10.213598580337132,7.653708211465257,0.21761696951398038
1652.0000000000164,0.0,1.9163967494391057,24.58638446362912,0.007184083338098693,0.0026923795148703317,10.22078266367523,7.6579046827024,0.21785998244848398
1652.2500000000164,0.0,1.9176861421921847,24.575259161604023,0.006876761349755851,0.002691285619132059,10.227659425024987,7.661920417925661,0.218092787900562
1652.5112500000164,0.0,1.9190338913346248,24.56363141817719,0.007187995426345698,0.002690142186779766,10.234847420451333,7.666116626990602,0.2183363268361088
1652.8058333333497,0.0,1.920553941051799,24.550518466164878,0.008106931824930106,0.002688852481039025,10.242954352276262,7.6708477315238195,0.2186112424902756
1653.1533333333498,0.0,1.9223474453142624,24.53504831208084,0.009565356066470906,0.0026873305846289238,10.252519708342733,7.67642782669145,0.21893594534021382
1653.5700000000165,0.0,1.924498476037941,24.51649682065429,0.011472163859621305,0.0026855050315764506,10.263991872202354,7.683117251037857,0.21932584856073298
1654.06708333335,0.0,1.9270654426985385,24.494361758777416,0.013690488856517974,0.002683326098331318,10.277682361058872,7.691095851132978,0.21979182148596604
1654.6504166666832,0.0,1.9300789512659524,24.468381215178887,0.016072045692874567,0.002680767644175717,10.293754406751747,7.7004563762273905,0.22033979429720946
1655.3200000000165,3.703453560672213,1.933539640065102,24.47550228178437,0.018457006928798383,0.0026778289830605762,10.312211413680545,7.711197929571008,0.22097033863804377
1656.0700000000165,11.018182920377539,1.9374181295935204,24.558482207325522,0.02068527748489672,0.0026745349637879996,10.332896691165443,7.723226135475597,0.2216786090691275
1656.8891666666832,15.928753131452128,1.941657084809347,24.690959427367062,0.022607761151074872,0.002670934249764194,10.355504452316518,7.73635998551908,0.2224546495470444
1657.7612500000166,17.09258397693365,1.9461732459476573,24.831225131063213,0.02408619273765393,0.002667097614191552,10.379590645054172,7.750338660959247,0.22328368131481746
1658.6666666666833,16.965344670987193,1.9508659072234729,24.967245361023426,0.025027526804350355,0.002663110731139613,10.404618171858523,7.764848305110095,0.22414757410600572
1659.58333333335,16.845153297081293,1.955621106551186,25.105915034938754,0.025361063081136982,0.0026590705985887523,10.42997923493966,7.7795353890078545,0.22502554933518562
1660.4887500000168,17.222625379207663,1.9603223227554756,25.24929992769437,0.025073153089543478,0.0026550764092272603,10.455052388029204,7.794040004012785,0.2258961112099224
1661.3608333333502,17.979666159523436,1.9648547641895262,25.3983237203679,0.024173020981603403,0.0026512258713874224,10.479225409010807,7.808009111884931,0.2267378342131324
1662.180000000017,18.87866926741629,1.9691162012318786,25.545951285780816,0.022727664225879636,0.0026476059634957,10.501953073236686,7.821129756521267,0.22753139977613848
1662.930000000017,19.401702737853988,1.9730213857007217,25.673589895741475,0.02082765050049644,0.002644289159708638,10.522780723737183,7.833142292516182,0.22826047868745802
1663.5995833333502,18.836947520562383,1.9765108473176698,25.75230604584109,0.01861046195705688,0.0026413259484368676,10.54139118569424,7.843866968883941,0.2289134501590302
1664.1829166666835,5.158608864454881,1.9795532245968965,25.76539166558748,0.01622601215587546,0.002638742870712631,10.557617197850115,7.85321057420757,0.22948392372166002
1664.680000000017,0.0,1.9821475882114088,25.743105178547935,0.013836605944066398,0.0026365405771946347,10.571453803794181,7.8611731298183845,0.2299712492063227
1665.0966666666836,0.0,1.984323568160403,25.724415780777917,0.01160522639463658,0.002634693757743262,10.583059030188817,7.867847954056564,0.23038059634352748
1665.4441666666837,0.0,1.986139265201673,25.70882294852567,0.009683717553440522,0.0026331529498167016,10.592742747742257,7.8734150709554935,0.23072259414340582
1665.738750000017,0.0,1.9876791151567086,25.695600537611554,0.008212533093522796,0.0026318463752502234,10.60095528083578,7.878134603283245,0.23101293963624367
1666.000000000017,0.0,1.9890451815535775,25.683871528304934,0.007285687449965858,0.0026306873402210293,10.608240968285747,7.882320112483701,0.23127075229244481
1666.250000000017,0.0,1.9903527688903726,25.67264563396543,0.006973799129572989,0.0026295779480959244,10.61521476741532,7.886325224499098,0.23151773548697635
1666.511250000017,0.0,1.991719492974817,25.660913099696106,0.007289195117038144,0.002628418354193063,10.622503962532358,7.890510193658806,0.23177610547955108
1666.8058333333504,0.0,1.9932608905811628,25.647682394237876,0.008220787233844801,0.0026271104643109692,10.630724749766202,7.895228454819079,0.23206776254366393
1667.1533333333505,0.0,1.9950795111055377,25.6320738947161,0.009699309463332704,0.00262556717118322,10.640424059229534,7.90079316933674,0.2324122380844472
1667.5700000000172,0.0,1.9972605619861923,25.613357323649716,0.011632271363492031,0.002623716039603252,10.652056330593027,7.907463823609244,0.23282588351483613
1668.0670833333506,0.0,1.9998632067833553,25.591026465720873,0.01388077225153624,0.002621506701231558,10.665937102844563,7.915419563273409,0.23332022952797793
1668.650416666684,0.0,2.002918395977036,25.56481773701357,0.016294342366295633,0.0026189127193307206,10.682231445210858,7.924752612417452,0.23390156672494075
1669.3200000000172,3.687895028791521,2.0064266787178626,25.5722918018737,0.018710841284410695,0.002615933481667089,10.70094228649527,7.935461763352755,0.23457050073902563
1670.0700000000172,10.961231607567754,2.0103581628546885,25.657189880064465,0.020967915396404732,0.0026125942725457015,10.721910201891674,7.947452578697906,0.23532189021224764
1670.8891666666839,15.893177232627114,2.0146546206753104,25.793207952830244,0.022914441709982164,0.0026089445159703448,10.744824643601657,7.960544265670431,0.2361451720559406
1671.7612500000173,17.079988337919893,2.0192315653190542,25.93753054879502,0.024410371433299827,0.002605056032241034,10.769235015034957,7.9744765344680255,0.23702466701577332
1672.666666666684,16.959884501027872,2.0239868616720784,26.07762882288793,0.02536158054946365,0.00260101571618619,10.79459659558442,7.988936339193911,0.23794114058131463
1673.5833333333508,16.84062636038473,2.0288049861616093,26.22059012285,0.02569666394416331,0.0025969219001838874,10.820293259528583,8.003571241949365,0.2388725491006218
1674.4887500000175,17.21782882392411,2.0335678743315264,26.368361210185544,0.025402070239557595,0.002592875096126793,10.84569532976814,8.018022614025416,0.23979608850182663
1675.360833333351,17.97324438329094,2.038159266539816,26.521719666707856,0.024487425110877065,0.002588974267188882,10.870182754879018,8.031938838606834,0.24068902971402578
1676.1800000000176,18.870729927854352,2.0424756755459508,26.673164003127866,0.023020848032719855,0.0025853074664727196,10.893203602911738,8.04500837713426,0.24153087923016212
1676.9300000000176,19.394127667859987,2.0464308500729773,26.8033936088271,0.021094264144141457,0.0025819480247302076,10.914297867055879,8.05697290468743,0.24230431510221342
1677.599583333351,18.83306222359795,2.0499646676292906,26.883214034033642,0.018847026967006304,0.0025789469865710214,10.933144894022885,8.067653735640517,0.24299701045882588
1678.1829166666842,5.146378457653123,2.0530454771834097,26.896734497244143,0.0164309842886352,0.002576331138999116,10.949575878311519,8.07695838530529,0.24360218699661798
1678.6800000000176,0.0,2.055672436605567,26.87427827606582,0.014010450251507859,0.002574101056773192,10.963586328563027,8.084887187378978,0.24411915584974572
1679.0966666666843,0.0,2.0578756301267993,26.855447529094135,0.011750365446570463,0.0025722310407041175,10.975336694009597,8.091533322824754,0.24455340192908517
1679.4441666666844,0.0,2.059713947212445,26.839737457615858,0.009804357790110307,0.002570670954223696,10.985141051799706,8.097076237134779,0.24491620130722597
1679.7387500000177,0.0,2.061272918176859,26.82641612215132,0.008314511810210366,0.00256934808489739,10.993455563609917,8.10177505595659,0.24522420613974485
1680.0000000000177,0.0,2.0626558996076807,26.814599739109955,0.0073759009643809504,0.002568174635890949,11.000831464574297,8.105942045169604,0.2454976990037114
1680.2500000000177,0.0,2.06397963557921,26.80329055153694,0.007059925181487899,0.0025670514830530037,11.007891389755786,8.109929303184073,0.24575970338077216
1680.5112500000178,0.0,2.065363194417098,26.791471312523996,0.0073789804687361465,0.0025658775432706254,11.015270370224522,8.114095478416953,0.2460337866920993
1680.805833333351,0.0,2.066923524106584,26.77814325686582,0.008321758343926604,0.0025645535188975276,11.023592128568449,8.118792381407852,0.24634318101544692
1681.1533333333512,0.0,2.068764407756688,26.762420492361247,0.00981804613388622,0.0025629912500332868,11.033410174702336,8.124331675458707,0.24670860533527866
1681.570000000018,0.0,2.070972053014596,26.7435677318816,0.011774108042174752,0.0025611174472612006,11.045184282744511,8.130971528165468,0.24714740506598734
1682.0670833333513,0.0,2.0736062822185746,26.721075567805407,0.014049222421220392,0.002558881178586018,11.059233505165732,8.13889006335547,0.2476718115309561
1682.6504166666846,0.0,2.0766983385481486,26.694679161797954,0.016490967091061043,0.0025562557554966946,11.075724472256793,8.148178816702222,0.24828849710059395
1683.320000000018,3.673376238811511,2.0802486773559257,26.702530484620183,0.018935140308144464,0.002553240643744821,11.094659612564937,8.158836275517084,0.24899810331566552
1684.070000000018,10.906903423394645,2.0842269369072643,26.78932541425405,0.021217384273804922,0.002549861526744607,11.115876996838743,8.170768115131695,0.24979517518957603
1684.8891666666846,15.858769237242289,2.08857408484274,26.928840597005102,0.023184788989203238,0.0025461685144071242,11.139061785827947,8.183794088354848,0.2506685063829462
1685.761250000018,17.067792781190846,2.093204537586431,27.077185036204046,0.02469574796635259,0.0025422343633163627,11.1637575337943,8.197654906785981,0.25160146351260454
1686.6666666666847,16.954598945940223,2.098014890419038,27.221336294699622,0.025655215107236052,0.002538147053184753,11.189412748901535,8.212038901465716,0.25257364211715017
1687.5833333333514,16.836244728644544,2.1028882410625322,27.368568316739285,0.02599120343197069,0.0025340060952160253,11.215403952333507,8.226595360735496,0.25356165826189714
1688.4887500000182,17.213187053700207,2.10770517057546,27.52070097466561,0.025690290735614085,0.002529913159783775,11.24109424306912,8.240967579959316,0.25454132186743783
1689.3608333333516,17.96703125816127,2.112348139152499,27.678358748709435,0.024762499077543264,0.0025259683050141207,11.265856742146664,8.254805993023444,0.2554885229185457
1690.1800000000183,18.863081356948996,2.1167125709324037,27.83356655084945,0.023276969492824783,0.00252226051488341,11.289133711639488,8.267801034229088,0.2563815232690557
1690.9300000000183,19.386935062335862,2.120711354023097,27.96632735211092,0.02132684315036333,0.0025188638555882123,11.310460554789852,8.27969615747723,0.25720194939208085
1691.5995833333516,18.82942560216275,2.124283814731456,28.047240505565505,0.019053123777915265,0.0025158298421571537,11.329513678567768,8.290314057295141,0.25793672653264244
1692.1829166666848,5.134413603213397,2.1273980675969493,28.061213484734896,0.016609348615962066,0.0025131854608903595,11.34612302718373,8.299563136071033,0.2585786656507638
1692.6800000000183,0.0,2.1300533625907048,28.0386226414629,0.01416157330002947,0.0025109312066957964,11.360284600483759,8.307444034698348,0.25912703699541234
1693.096666666685,0.0,2.1322801922923595,28.019680002024018,0.01187642507549145,0.0025090410305359523,11.372161025559251,8.314049626605309,0.2595876594518414
1693.444166666685,0.0,2.1341381414390446,28.003877275654336,0.009909062115653879,0.002507464201365357,11.382070087674904,8.319558455692416,0.2599724946187596
1693.7387500000184,0.0,2.1357136973085837,27.990477868412192,0.008402964637541211,0.002506127189400658,11.390473052312446,8.324228186421397,0.2602992064943821
1694.0000000000184,0.0,2.1371113423059587,27.978592613567898,0.0074541066526674915,0.0025049412368655724,11.397927158965114,8.328369231310889,0.2605893097965159
1694.2500000000184,0.0,2.13844907043815,27.967217844866834,0.007134550038353533,0.0025038061531185716,11.405061709003467,8.332331533327956,0.26086722644215515
1694.5112500000184,0.0,2.139847208580023,27.95533041653755,0.0074567367566560905,0.002502619781294096,11.412518445760124,8.336471496175418,0.26115795516732127
1694.8058333333518,0.0,2.141423924877536,27.941925895209994,0.008409153586733924,0.0025012817825270342,11.420927599346859,8.341138680242105,0.2614861388414548
1695.1533333333518,0.0,2.143284065967388,27.926113510048854,0.009920752479209784,0.00249970308885932,11.43084835182607,8.34664269732487,0.26187375444061617
1695.5700000000186,0.0,2.1455146975014516,27.907154120953425,0.01189670151500638,0.002497809677569044,11.442745053341076,8.35323993905858,0.2623392002873257
1696.067083333352,0.0,2.1481762007193432,27.88453593272607,0.014194683828754983,0.0024955501380464237,11.456939737169831,8.361107193928989,0.26289544981551777
1696.6504166666853,0.0,2.151300057611488,27.857993275797266,0.0166605700914384,0.0024928975760383993,11.47360030726127,8.370335150873037,0.26354957970883597
1697.3200000000186,3.659844177029763,2.154886625669464,27.866246793706633,0.019128362975871633,0.002489851538987148,11.492728670237142,8.380922000297437,0.26430226942830015
1698.0700000000186,10.855210845422684,2.158905119776991,27.954916225926084,0.021431968573477702,0.0024864380703578056,11.514160638810619,8.39277370379185,0.26514773163485394
1698.8891666666852,15.825574956080168,2.1632957963972643,28.0978795392502,0.023416941974790606,0.0024827078866378792,11.53757758078541,8.405710885724215,0.26607407847597697
1699.7612500000187,17.05601243535118,2.1679721130959924,28.250203697374545,0.024940355726551514,0.0024787345635023583,11.562517936511961,8.41947572429331,0.26706366577083596
1700.6666666666854,16.949494161222695,2.17282956397091,28.398375509171522,0.025906404666227543,0.002474607022243509,11.588424341178188,8.433758483667159,0.26809484968639546
1701.5833333333521,16.832013453049594,2.1777500603120985,28.549849152563937,0.026242647153004,0.002470425789207941,11.614666988331193,8.448210801148022,0.26914282654554655
1702.4887500000189,17.208705356400717,2.1826130268555803,28.706310404597644,0.025935821565237282,0.0024662935245197675,11.64060280989643,8.462478526461291,0.2701819381553781
1703.3608333333523,17.961033772365298,2.18729984035895,28.868224370159396,0.0249963386846367,0.0024623112137650287,11.665599148581068,8.476214758735024,0.2711866118142344
1704.180000000019,18.85573084520436,2.1917050129410347,29.027136746624237,0.02349425377111786,0.002458568621495097,11.689093402352185,8.489112446298657,0.2721337911237869
1704.930000000019,19.380124278210854,2.195740720620519,29.162367964725888,0.021523774290583275,0.002455140423037663,11.710617176642769,8.500917267479021,0.273003988839449
1705.5995833333523,18.82601873150025,2.1993458434256934,29.244364061557974,0.019227321627595956,0.002452078514724721,11.729844498270365,8.511453601897587,0.2737833381870534
1706.1829166666855,5.1227323994695535,2.202488318295711,29.25880763455278,0.0167598659734264,0.0024494100340225907,11.746604364243792,8.520630893061076,0.2744642152154899
1706.680000000019,0.0,2.2051674916409576,29.236117889587643,0.014288924507983343,0.002447135392529039,11.760893288751776,8.528450081742713,0.2750458469910068
1707.0966666666857,0.0,2.207414215728007,29.217093317691273,0.011982528464264846,0.0024452282329387436,11.77287581721604,8.535003565931346,0.2755344062344802
1707.4441666666858,0.0,2.209288672338916,29.201222935843706,0.009997101924845058,0.002443637313372311,11.782872919140885,8.540468671385211,0.2759425807033369
1707.738750000019,0.0,2.2108781615567743,29.18776665814567,0.008477275828578454,0.0024422884092768,11.791350194969464,8.54510114781144,0.2762891061465681
1708.000000000019,0.0,2.2122881165427444,29.175831339977403,0.007519759925172022,0.0024410919506729052,11.798869954894636,8.549209009864892,0.2765968023362075
1708.250000000019,0.0,2.2136375828974324,29.164408993330987,0.007197153891672301,0.0024399468488714507,11.806067108786308,8.553139432603885,0.2768915723519603
1708.5112500000191,0.0,2.215047943309887,29.1524721929003,0.007521922199755527,0.00243875004540684,11.813589030986064,8.5572459522898,0.27719993089697137
1708.8058333333524,0.0,2.2166383865270554,29.13901242778224,0.008482363824897232,0.002437400329677716,11.822071394810962,8.561875269428954,0.27754801505098536
1709.1533333333525,0.0,2.2185146450984563,29.12313546020979,0.010006712380803522,0.002435807876583864,11.832078107191766,8.56733440553026,0.27795913414132567
1709.5700000000193,0.0,2.2207644944660454,29.10409946986298,0.011999196627144047,0.002433898056136199,11.84407730381891,8.573877531787161,0.2784528016040923
1710.0670833333527,0.0,2.223448770955228,29.08139108787751,0.014316141275641375,0.0024316190675219116,11.858393445094551,8.58167979731926,0.2790427767818223
1710.650416666686,0.0,2.2265991397597715,29.054744238556275,0.016801966957564172,0.002428943858256611,11.875195412052115,8.59083089199727,0.27973656446747996
1711.3200000000193,3.6472439343477245,2.2302158570689374,29.06342537378044,0.019289158982217933,0.002425872060660427,11.894484571034333,8.601328719460152,0.2805348841531743
1712.0700000000193,10.806147561319321,2.234267763479358,29.15394608646857,0.02161016752224432,0.0024224300367325763,11.916094738556577,8.613079698959673,0.28143159635747506
1712.889166666686,15.793630463660316,2.2386945026571596,29.300303827366633,0.02360927561494309,0.002418669026020389,11.93970401417152,8.625905646062893,0.2824140912915056
1713.7612500000193,17.044659358435887,2.2434087178255955,29.45655898271874,0.02514248089832508,0.0024146633004120802,11.964846495069844,8.639550660195509,0.2834636541185619
1714.666666666686,16.94457502580199,2.2483049780018365,29.6087119318753,0.026113387606618858,0.0024105025729131537,11.990959882676464,8.653707480964506,0.28455732831469305
1715.5833333333528,16.827936525598858,2.2532642086248447,29.764390268756756,0.026449229989377022,0.0024062882142273007,12.01740911266584,8.66803070054382,0.2856688065469204
1716.4887500000195,17.20438789321269,2.258164884398845,29.925139187523072,0.026136937461334882,0.002402123698546899,12.043546050127174,8.682169335079953,0.2867708758089886
1717.360833333353,17.95525739440603,2.2628875030161444,30.091258911767046,0.025187299292263078,0.0023981107648860535,12.068733349419437,8.69577974451489,0.2878364144053272
1718.1800000000196,18.848683529484536,2.267325847640861,30.253811956800963,0.023671171331823528,0.0023943398025444043,12.092404520751261,8.708557914531532,0.28884096996876385
1718.9300000000196,19.373691890297533,2.2713915358018295,30.391452308806368,0.021683670191829558,0.0023908859653312825,12.114088190943091,8.720252177746218,0.28976387594131203
1719.599583333353,18.8228237032801,2.2750231093802866,30.47452315842413,0.019368392418439476,0.002387801439027856,12.13345658336153,8.73068889193731,0.290590426946082
1720.1829166666862,5.1113507576300075,2.278188385857624,30.489455654476274,0.01688147454579917,0.0023851134630197687,12.15033805790733,8.739778688481614,0.29131253861371276
1720.6800000000196,0.0,2.280886811795553,30.46670308546527,0.01439160500228717,0.002382822362676866,12.164729662909616,8.747522798686546,0.2919293924174952
1721.0966666666864,0.0,2.2831495479907016,30.447626833641802,0.012067926374126419,0.0023809015161440007,12.176797589283742,8.754012980657174,0.2924475358962056
1721.4441666666864,0.0,2.2850372708594837,30.43171403485253,0.01006785530017383,0.0023792992579283177,12.186865444583916,8.759425034167595,0.29288042587488433
1721.7387500000198,0.0,2.2866379434121655,30.418222287276855,0.008536920280967178,0.002377940796171982,12.195402364864883,8.764012354227994,0.29324793310919195
1722.0000000000198,0.0,2.28805776779967,30.40625588831562,0.007572396733356899,0.002376735903155159,12.20297476159824,8.76808003015649,0.2935742594085762
1722.2500000000198,0.0,2.2894166354503955,30.394804131115674,0.007247294137205091,0.0023755827669206466,12.210222055735445,8.77197187627094,0.29388687635686717
1722.5112500000198,0.0,2.290836774668242,30.38283694493407,0.007574075828515155,0.002374377605924054,12.21779613156396,8.776037958985446,0.29421390399545166
1722.8058333333531,0.0,2.2924381880186124,30.369343345590863,0.00854087120197397,0.002373018513474296,12.226337002765934,8.78062152944159,0.29458306168054493
1723.1533333333532,0.0,2.294327310070492,30.353427051117173,0.010075317610024566,0.0023714150636056173,12.236412320375958,8.786026498395623,0.2950190695901784
1723.57000000002,0.0,2.2965924727994036,30.33434474148497,0.012080867887527897,0.002369492149409372,12.248493188263486,8.792504387791915,0.2955426219385638
1724.0670833333534,0.0,2.2992948605515378,30.311582291445198,0.01441273467805089,0.0023671976710644468,12.262905922941536,8.800228414887622,0.29616831020457746
1724.6504166666866,0.0,2.3024662647826446,30.28487364311747,0.016914155899234395,0.0023645044665158523,12.279820078840771,8.809287125122408,0.2969040923982851
1725.32000000002,3.6355197460870774,2.3061068376132914,30.294008092785894,0.01941638843011703,0.002361412255584069,12.299236467270887,8.819678147401515,0.2977507302546047
1726.07000000002,10.759689826698759,2.310185097055447,30.38635613758884,0.021750717024830186,0.0023579476750675093,12.320987184295717,8.831308526656633,0.2987017112396623
1726.8891666666866,15.762962187850473,2.314640176662306,30.536050396867992,0.023760424569917084,0.002354162400385766,12.344747608865633,8.844001580719318,0.299743660936858
1727.76125000002,17.03374255897461,2.319384055576023,30.69618173883627,0.025300687539821568,0.0023501312718543447,12.370048296405455,8.857503771155102,0.30085673064895674
1728.6666666666868,16.939845151311864,2.3243105603846783,30.852269850517136,0.02627469231282784,0.0023459446387252073,12.396322988718284,8.871510837733197,0.30201657375230717
1729.5833333333535,16.824016887580573,2.3292998382588017,31.012108546967706,0.02660948199532806,0.002341704539281818,12.422932470713612,8.885680912498735,0.30319529067390383
1730.4887500000202,17.200237708980765,2.3342296269305587,31.17709670733418,0.02629220624936978,0.0023375150803079895,12.44922467696298,8.89966676774947,0.3043640220777357
1731.3608333333536,17.949706089390144,2.3389797556826117,31.347364962780738,0.02533402001094805,0.002333478574833991,12.47455869697393,8.913128596897803,0.3054940061812051
1732.1800000000203,18.841942446693224,2.343443467019889,31.51349033380946,0.023806460465481554,0.0023296858766035625,12.49836515743941,8.925765925035934,0.3065593126310334
1732.9300000000203,19.36763193609206,2.3475319776059598,31.653478453133822,0.021805389792376725,0.002326212483814065,12.520170547231787,8.937330150416747,0.3075380263382861
1733.5995833333536,18.81982380108241,2.351183601763917,31.73761725917845,0.019475328842440038,0.002323110777741334,12.539645876074227,8.947649888309018,0.3084145541759816
1734.1829166666869,5.100282359749235,2.354366096554808,31.75305709023639,0.016973305551416743,0.002320408049681665,12.556619181625644,8.956637096542597,0.3091803244548288
1734.6800000000203,0.0,2.357079011724619,31.730277874069188,0.014468880905660907,0.002318104536444406,12.571088062531304,8.964293285730143,0.30983447052882174
1735.096666666687,0.0,2.359353763267149,31.711180270926107,0.012132008226826465,0.0023161733972071608,12.58322007075813,8.970709414261654,0.3103839369135688
1735.4441666666871,0.0,2.3612514163075486,31.695250352216725,0.010120816215461693,0.0023145626330916694,12.593340886973593,8.976059458871502,0.3108429947976394
1735.7387500000204,0.0,2.362860442178385,31.681744581383136,0.008581471311127294,0.00231319701644076,12.60192235828472,8.980594036482842,0.3112327167087586
1736.0000000000205,0.0,2.3642876247613756,31.66976612227298,0.007611640442616964,0.002311985820949452,12.609533998727336,8.984614804116468,0.31157876774267307
1736.2500000000205,0.0,2.3656534894987002,31.658303155987856,0.00728461193239882,0.0023108266913381722,12.616818610659735,8.988461646047297,0.31191028016456857
1736.5112500000205,0.0,2.3670808940580916,31.64632460351035,0.00761282431675466,0.0023096153066738193,12.62443143497649,8.992480580702109,0.3122570736705065
1736.8058333333538,0.0,2.3686904422118706,31.632818613762243,0.008584256820153471,0.0023082492448020086,12.633015691796643,8.997010844470969,0.31264854282960186
1737.1533333333539,0.0,2.3705890816211364,31.61688828411593,0.010126076849419218,0.0023066376394714474,12.643141768646062,9.002352738589664,0.3131109015078005
1737.5700000000206,0.0,2.3728655435401613,31.597789974612823,0.012141130234798101,0.0023047050406234484,12.655282898880861,9.008754725379838,0.31366609398593476
1738.067083333354,0.0,2.3755812507597005,31.575009618370274,0.014483771837543508,0.002302399142777652,12.669766670718404,9.016387811119074,0.31432959265170424
1738.6504166666873,0.0,2.378768063128011,31.548281595009975,0.01699633263098596,0.002299692723772572,12.686763003349391,9.025339259287326,0.3151098352127671
1739.3200000000206,3.6246159167007845,2.3824260266495223,31.55789510616144,0.019509138781393768,0.002296585592947113,12.706272142130786,9.035606437817364,0.31600762796210147
1740.0700000000206,10.715798031796021,2.3865233907391543,31.652045926111402,0.021852608478038698,0.0022931046162187334,12.728124750608824,9.047097180760382,0.3170160632271819
1740.8891666666873,15.733587154917991,2.3909988851553097,31.805015099160645,0.02386930355282923,0.002289301814589412,12.751994054161653,9.059636608586914,0.3181209568933772
1741.7612500000207,17.023268062406927,2.3957639799673722,31.96896225553905,0.025413838997666815,0.0022852524649569716,12.77740789315932,9.072973969262208,0.31930125968993806
1742.6666666666874,16.93530690948437,2.400711947306837,32.12893345106536,0.026389159143810348,0.0022810473927982167,12.80379705230313,9.086808506405687,0.3205311531986493
1743.5833333333542,16.820256453022218,2.4057223692505283,32.292881228967595,0.026722250366356892,0.0022767891224083235,12.830519302669487,9.100802452231116,0.32178105212836805
1744.488750000021,17.196256758398928,2.4106724649270572,32.46205320148283,0.026400510274820838,0.0022725822071350855,12.856919812944307,9.114612898817475,0.32302035425133924
1745.3608333333543,17.94438235665524,2.415441610692703,32.63640650584213,0.025435444083443483,0.002268529350473467,12.88235525702775,9.12790441917823,0.32421856159286183
1746.180000000021,18.835508618126493,2.419922700605863,32.80603199510349,0.023899146203519052,0.0022647217069479164,12.90625440323127,9.14038055548589,0.3253481792934527
1746.930000000021,19.36193619161946,2.4240267110051206,32.94830679264144,0.021888055462709385,0.002261234982550206,12.928142458693978,9.151796161954357,0.3263859707245513
1747.5995833333543,18.81700360220759,2.427691840912709,33.03350792709024,0.01954735950713851,0.002258121658666584,12.947689818201116,9.161982375294976,0.3273154031791364
1748.1829166666876,5.089538651228346,2.4308858464683833,33.04947340719865,0.017034696296927606,0.0022554090281007343,12.964724514498045,9.170852609443443,0.3281273892883828
1748.680000000021,0.0,2.4336083829128867,33.026703558542806,0.014520194370685592,0.0022530972373893433,12.97924470886873,9.178408641375622,0.32882101164135763
1749.0966666666877,0.0,2.4358910662796407,33.00761478951588,0.012174311289354865,0.002251159273889547,12.991419020158085,9.184740475631079,0.32940363512347287
1749.4441666666878,0.0,2.437795241682943,32.9916929234831,0.010155602150944222,0.0022495428979590233,13.001574622309029,9.190019981552709,0.3298903930836784
1749.7387500000211,0.0,2.4394097305099756,32.97819446695817,0.008610607077508846,0.002248172580782521,13.010185229386538,9.194494593820894,0.3303036302629159
1750.0000000000211,0.0,2.4408417069169315,32.96622286888685,0.007637207503761833,0.0022469572602171516,13.0178224368903,9.198462053892186,0.33067056075918044
1750.2500000000211,0.0,2.4422121139671935,32.954766797400815,0.007308837601398149,0.002245794221523914,13.025131274491699,9.202257773776164,0.3310220747598402
1750.5112500000212,0.0,2.443644217893375,32.942795793592964,0.0076378876063012986,0.002244578791962303,13.032769162098,9.206223173627626,0.3313897911099341
1750.8058333333545,0.0,2.4452590067158773,32.92929873636244,0.008612207053345011,0.00224320821826192,13.041381369151345,9.210692937287915,0.3318048776268255
1751.1533333333546,0.0,2.447163748547067,32.913379516470776,0.01015862309968043,0.0022415913576467154,13.051539992251026,9.215963282464184,0.3322951292425444
1751.5700000000213,0.0,2.449447413770998,32.894295344520934,0.012179547860963971,0.002239652553159898,13.06371954011199,9.222279222409407,0.3328838133861974
1752.0670833333547,0.0,2.452171552312009,32.871533018300106,0.014528738885390005,0.0022373393885036117,13.07824827899738,9.229809288341574,0.33358733478947067
1752.650416666688,0.0,2.4553680340334334,32.844827767295165,0.017047902514266074,0.0022346246313181568,13.095296181511646,9.23863933284853,0.33441463877318905
1753.3200000000213,3.6144776155804488,2.459036797528773,32.854945900596604,0.01956673864181218,0.0022315081818439176,13.114862920153458,9.248766478187845,0.33536657860957053
1754.0700000000213,10.674418421938283,2.463145879532079,32.95087441744494,0.0219151040176296,0.002228017087793617,13.136778024171088,9.260099505270578,0.33643582816728207
1754.889166666688,15.705513374983553,2.4676337152348737,33.107053698627084,0.023935123748240465,0.0022242036229745132,13.160713147919328,9.272465624933588,0.3376073460703641
1755.7612500000214,17.01323901904614,2.472411424319223,33.27475127050719,0.025481115116529007,0.0022201433658728476,13.186194263035857,9.285617276456474,0.338858812086838
1756.6666666666881,16.93096147624653,2.4773719164452217,33.438547841274385,0.026455958005327324,0.0022159274547278117,13.212650221041184,9.299257686823163,0.34016284982107997
1757.5833333333549,16.816656145929066,2.482394425868206,33.606546970031765,0.026786716922580486,0.002211658714760762,13.239436937963765,9.3130537205807,0.3414880896626341
1758.4887500000216,17.19244594676646,2.487355875249602,33.77984084326416,0.026461063367447402,0.002207441956618431,13.265898001331212,9.326667323726673,0.3428020846495872
1759.360833333355,17.939287286875395,2.4921354068003545,33.958210015425706,0.025490834937347828,0.002203380087872943,13.29138883626856,9.339767965252301,0.3440724992661612
1760.1800000000217,18.82938116095335,2.496625760888994,34.131260105094825,0.023948555139409005,0.0021995643979764077,13.315337391407969,9.352063654930227,0.34527018291664513
1760.9300000000217,19.356594468146252,2.5007378358307357,34.27576106756398,0.021931066355958054,0.0021960706626039214,13.337268457763926,9.363313070030332,0.34637050045987233
1761.599583333355,18.814349016556143,2.50440982845768,34.362019825498216,0.019583960677033354,0.0021929513671308984,13.35685241844096,9.373350115841847,0.34735592497494555
1762.1829166666882,5.07912886565667,2.5076095535082032,34.378528981215794,0.017065200269457695,0.0021902337554442117,13.373917618710419,9.382089782491043,0.34821682353143035
1762.6800000000217,0.0,2.510336773273025,34.35580409112121,0.01454517207904851,0.002187917882742294,13.388462790789466,9.389534098852396,0.3489522251856172
1763.0966666666884,0.0,2.512623247221775,34.33675397938066,0.01219452772666773,0.002185976612948916,13.400657318516133,9.395771968173097,0.3495699398787919
1763.4441666666885,0.0,2.514530489707755,34.32086503148299,0.010171959925229254,0.002184357560021778,13.410829278441362,9.400972882489372,0.3500860135349584
1763.7387500000218,0.0,2.516147511361887,34.30739496290083,0.008624115488702316,0.002182985030811717,13.419453393930064,9.405380711722195,0.35052413739559035
1764.0000000000218,0.0,2.5175816823202846,34.29544891025851,0.007648911778120877,0.002181767792521369,13.427102305708186,9.409288825031753,0.3509131649502399
1764.2500000000218,0.0,2.5189541438357907,34.284017608461994,0.0073197947493659305,0.002180602957424137,13.434422100457551,9.413027650182984,0.35128584684615566
1764.5112500000218,0.0,2.520388346932147,34.27207282650211,0.0076490831805676816,0.0021793856911077546,13.442071183638118,9.416933489820815,0.35167570598764275
1764.8058333333552,0.0,2.5220054441197775,34.2586057490371,0.00862451833402864,0.002178013095938108,13.450695701972148,9.421335968130794,0.3521157868086436
1765.1533333333552,0.0,2.5239128289852513,34.24272245450637,0.010172719282526112,0.0021763939183847554,13.460868421254673,9.42652677275329,0.3526355574343489
1765.570000000022,0.0,2.5261995491477616,34.223682156785884,0.012195840866723534,0.0021744524323496993,13.473064262121397,9.43274710155144,0.3532596854899637
1766.0670833333554,0.0,2.5289271694226447,34.2009733103378,0.014547308132709321,0.0021721362063674855,13.487611570254106,9.440162763087278,0.3540055622694953
1766.6504166666887,0.0,2.5321275112311112,34.17433239656613,0.017068489645154276,0.0021694180478664506,13.504680059899261,9.44885807936216,0.3548826701211345
1767.320000000022,3.6050515373802012,2.535800405236103,34.184980282563636,0.019588768026620042,0.0021662979487152767,13.524268827925882,9.458829943583764,0.3558919118255366
1768.070000000022,10.635484916551592,2.539913732949737,34.282660954049774,0.021937747806050546,0.002162803089781032,13.546206575731933,9.469988234529993,0.35702551817889666
1768.8891666666887,15.678740349557183,2.5444057463658902,34.44198280637984,0.023957404886149405,0.0021589859030647623,13.570163980618082,9.48216252671357,0.35826754037054476
1769.761250000022,17.003655848844495,2.5491873760159494,34.61336090019406,0.025502024800316662,0.0021549221314563953,13.595666005418398,9.49510883388548,0.3595943129742324
1770.6666666666888,16.92680889073181,2.5541513637167967,34.78091999066787,0.026474601071186675,0.0021507030602207966,13.622140606489584,9.508534818943085,0.36097681073932225
1771.5833333333555,16.8132159498137,2.5591768157146335,34.9529067980498,0.02680241065512977,0.0021464316282295824,13.648943017144713,9.522112479768259,0.36238177577737235
1772.4887500000223,17.18880518368541,2.564140582509156,35.130254718663295,0.026473422904119276,0.002142212712288499,13.675416440048833,9.535509117946432,0.36377480902936976
1773.3608333333557,17.934420636392268,2.568921792664176,35.31256543995281,0.025499787493439834,0.0021381492361703816,13.700916227542272,9.548399582258794,0.3651216306086664
1774.1800000000223,18.82355742267173,2.5734132287465763,35.48896183159149,0.023954325772802414,0.002134332457415638,13.724870553315075,9.560496771058736,0.3663913380320271
1774.9300000000223,19.35159491972949,2.5775258739294453,35.635629256034996,0.021934107641968178,0.002130838082760182,13.746804660957043,9.571563526651673,0.36755781653183983
1775.5995833333557,18.811847274369995,2.581198035990584,35.72294159745693,0.01958486432607238,0.00212771850541464,13.766389525283115,9.58143675201754,0.36860248741211143
1776.182916666689,5.06906007908053,2.584397647366407,35.74001197257895,0.01706459400439163,0.00212500087027812,13.783454119287507,9.590033123479776,0.36951514071075325
1776.6800000000223,0.0,2.5871245781761645,35.717366950694974,0.014543630985371486,0.002122685140808196,13.797997750272879,9.597354906030526,0.37029474905860554
1777.096666666689,0.0,2.589410673677278,35.69838474117683,0.012192509339272389,0.0021207441067799147,13.81019025961215,9.603489761775391,0.3709495934926188
1777.4441666666892,0.0,2.591317505475896,35.6825530896953,0.01016976959262956,0.0021191253311805556,13.82036002920478,9.608604551493002,0.37149668566391725
1777.7387500000225,0.0,2.592934111251308,35.66913206619322,0.008621897468861415,0.002117753094547892,13.828981926673642,9.612939221568025,0.3719611416221034
1778.0000000000225,0.0,2.594367861389529,35.657229871321,0.007646667403847484,0.002116536159856629,13.836628594077489,9.616782341136878,0.37237354952162094
1778.2500000000225,0.0,2.595739874448118,35.64584085573314,0.007317402979141066,0.0021153716541248042,13.843945997056629,9.620458874724916,0.3727686285423044
1778.5112500000225,0.0,2.5971735611123488,35.633940591872,0.00764632887589864,0.0021141547725821936,13.851592325932527,9.624299522035452,0.37318191621701097
1778.8058333333558,0.0,2.598790017416601,35.620524113443004,0.008621100289346411,0.0021127826610354795,13.860213426221874,9.628628373855719,0.3736484425363905
1779.153333333356,0.0,2.6006965665216706,35.60470105101324,0.010168261893703068,0.0021111641217776388,13.870381688115577,9.633732171021306,0.3741994459068638
1779.5700000000227,0.0,2.6029821708170187,35.58573374833847,0.01218988957518921,0.0021092234978307054,13.882571577690767,9.639847954687644,0.37486107534010177
1780.067083333356,0.0,2.6057082976523906,35.56311308855784,0.014539343121985779,0.002106908438322567,13.897110920812752,9.647138580869766,0.3756517658166156
1780.6504166666894,0.0,2.6089066618994257,35.53657719385907,0.017057942650852396,0.0021041918401663775,13.914168863463605,9.655686731045042,0.376581567689267
1781.3200000000227,3.5962864268159196,2.612576986556731,35.547779285797716,0.01957506483896204,0.0021010737869184507,13.933743928302567,9.665489087104614,0.3776514358860792
1782.0700000000227,10.598920973453634,2.61668705650671,35.64718613412697,0.021920373066555282,0.002097581542988847,13.955664301369122,9.676456769033043,0.3788531321623954
1782.8891666666893,15.653259680494761,2.6211750532547473,35.80958072753521,0.023935982656197213,0.002093767602807537,13.97960028402532,9.688421972346502,0.38016974736949954
1783.7612500000228,16.99451641748999,2.6259518808041573,35.984565474991484,0.02547641359685239,0.0020897077352843704,14.005076697622172,9.701144644561266,0.38157619263416387
1784.6666666666895,16.922848127110935,2.63091030898932,36.155819565756396,0.026444950320869676,0.002085493205900507,14.031521647943041,9.714337307656503,0.38304169806728555
1785.5833333333562,16.809934967769173,2.6359295368031925,36.33172495769232,0.026769215007319873,0.0020812268790724,14.058290862950361,9.72767756008838,0.38453100794718753
1786.488750000023,17.185333447817957,2.6408865674258855,36.51305367771871,0.026437496654364234,0.0020770135061416945,14.084728359604725,9.74083852570138,0.38600765798965886
1787.3608333333564,17.92978091618278,2.645660736382153,36.69922704847322,0.025462234433425115,0.0020729558390867224,14.11019059403815,9.753500881947346,0.3874353113854103
1788.180000000023,18.818033133974016,2.650145064026919,36.87888915928278,0.02391641410542058,0.002069144936929168,14.13410700814357,9.765382805212539,0.38878121247620284
1788.930000000023,19.34692435216944,2.654250780661185,37.02766432482379,0.021897155382750118,0.002065656299345855,14.156004163526319,9.776251618152038,0.39001768143395416
1789.5995833333563,18.80948687470573,2.657916417340534,37.11602660964362,0.019550062289860542,0.002062542131900843,14.17555422581618,9.785947431558892,0.39112502717375197
1790.1829166666896,5.059337290227989,2.6611100824433622,37.13367506766178,0.017032880548420243,0.0020598294311565553,14.1925871063646,9.794388707501408,0.392092429577669
1790.680000000023,0.0,2.6638317539098746,37.111143891545524,0.014515581154730114,0.0020575180690963145,14.207102687519331,9.801577930209211,0.3929188018313895
1791.0966666666898,0.0,2.666113304508844,37.09225804102138,0.012168269861172752,0.00205558081117198,14.219270957380504,9.80760138918049,0.3936129235230808
1791.4441666666899,0.0,2.668016250690737,37.07650740212222,0.01014904630342589,0.0020539652652017933,14.229420003683929,9.812623077256958,0.3941928280423543
1791.7387500000232,0.0,2.669629494783471,37.06315551614833,0.008603968494585425,0.0020525958236232585,14.238023972178514,9.816878684026511,0.3946851387521047
1792.0000000000232,0.0,2.67106021168248,37.05131498799996,0.007630490128048821,0.0020513814116405404,14.245654462306563,9.820651581955545,0.3951222788433914
1792.2500000000232,0.0,2.672429276521002,37.039985291167035,0.007301679138782802,0.002050219358640982,14.252956141445345,9.824260828614513,0.395541049878566
1792.5112500000232,0.0,2.6738598348003895,37.02814733356596,0.007629644156733386,0.0020490050805939903,14.260585785602078,9.828031071442995,0.3959791204944247
1792.8058333333565,0.0,2.675472705514875,37.01480149768888,0.008601977143922638,0.002047635954234702,14.269187762746,9.832280429677564,0.39647362099301514
1793.1533333333566,0.0,2.6773749460042473,36.999062291081046,0.01014528260998483,0.002046021003850157,14.279333045355985,9.837290312341876,0.3970576623265572
1793.5700000000234,0.0,2.6796552715774604,36.980196279839504,0.012161736390471791,0.0020440847793395407,14.291494781746456,9.843293289114305,0.3977589604051982
1794.0670833333568,0.0,2.6823749404675152,36.95769752229617,0.014504900746959242,0.00204177510559729,14.305999682493415,9.850449052265486,0.39859705405039203
1794.65041666669,0.0,2.6855655036629402,36.93130615438223,0.017016337042268,0.0020390650180656666,14.323016019535682,9.858838542962317,0.3995825942252268
1795.3200000000234,3.5881334734390973,2.6892265775486512,36.94308598173846,0.01952572739045958,0.002035954691379561,14.342541746926141,9.868458250393727,0.4007165907550241
1796.0700000000234,10.56464144912426,2.6933259096758295,37.044192595479444,0.0218631046782837,0.002032471423271899,14.364404851604425,9.879220670601123,0.4019903089684598
1796.88916666669,15.629055758348299,2.6978017242883072,37.209588208685865,0.023871011266548243,0.0020286676743822255,14.388275862870973,9.890960860108196,0.4033858236231739
1797.7612500000234,16.985816237882208,2.702565061683162,37.38810226672769,0.025404466105891827,0.002024619101067845,14.413680328976865,9.90344303384826,0.40487653994903033
1798.6666666666902,16.919077176930525,2.707508915375891,37.56297964958672,0.02636721969455211,0.002020416782362361,14.440047548671417,9.916384964652494,0.40642984251445374
1799.583333333357,16.806811491162566,2.7125127971943175,37.74272962960475,0.026687369698277286,0.002016163320665875,14.466734918369696,9.929470282882013,0.408008362369804
1800.4887500000236,17.18202886064213,2.7174540867370176,37.92796105131614,0.02635354422773207,0.002011963151148764,14.493088462597427,9.942378364248222,0.4095734508641377
1801.360833333357,17.925365492647106,2.722212545598527,38.117914134036276,0.02537844726138458,0.0020079186672529218,14.518466909858812,9.954796126914983,0.4110865957472812
1802.1800000000237,18.812802575243882,2.7266816257874074,38.300759554176494,0.023835094340693277,0.002004120564321685,14.542302004199506,9.966447381646198,0.4125130815447012
1802.9300000000237,19.342568524901687,2.7307729652099635,38.45158483404144,0.021820476920299203,0.0020006439983617373,14.564122481119805,9.977104218888627,0.4138235734322725
1803.599583333357,18.80725750583322,2.7344254289114014,38.540993555987804,0.019479806407670327,0.0019975408931754367,14.583602287527475,9.986610147653078,0.4149972041433414
1804.1829166666903,5.049963522837161,2.7376073581788054,38.55923608379031,0.01697028942615359,0.001994838048719258,14.600572576953628,9.994885504588897,0.41602250855930534
1804.6800000000237,0.0,2.7403188379823122,38.53685155864062,0.014461225618705385,0.0019925352464339684,14.615033802572333,10.001932975406964,0.41689833727222547
1805.0966666666905,0.0,2.7425917101243047,38.51808953461661,0.01212198475729418,0.0019906052774496855,14.627155787329627,10.007837354589828,0.4176339973560808
1805.4441666666905,0.0,2.744487323888886,38.50244279484015,0.010109940077765228,0.0019889958898893904,14.637265727407392,10.012759548711138,0.4182486029334575
1805.7387500000239,0.0,2.74609428483186,38.48917943230076,0.00857045836252831,0.001987631725487363,14.645836185769921,10.016930684258389,0.41877037156307073
1806.0000000000239,0.0,2.747519378032378,38.47741775076072,0.007600497069429585,0.001986422036952708,14.65343668283935,10.02062857313211,0.4192336671599558
1806.2500000000239,0.0,2.748883016232427,38.4661638010972,0.007272737066927496,0.0019852645421929186,14.660709419906278,10.024165959347156,0.41967749354150136
1806.511250000024,0.0,2.7503078568238215,38.45440530438433,0.007599149820771951,0.0019840550674073668,14.66830856972705,10.027861026700597,0.4201417730801605
1806.8058333333572,0.0,2.7519142232023612,38.44114943752829,0.008567287352211388,0.0019826914060662717,14.67687585707926,10.032025522080202,0.4206658572043825
1807.1533333333573,0.0,2.7538087134162748,38.42551686099187,0.010103947807539116,0.0019810829690059084,14.6869798048868,10.036935170942153,0.42128483707131326
1807.570000000024,0.0,2.75607963563224,38.40677941387782,0.012111585151814801,0.0019791546492549674,14.699091390038614,10.042817784471387,0.42202808550431836
1808.0670833333575,0.0,2.758787928829358,38.3844350455509,0.014444230384632203,0.001976854541370203,14.713535620423245,10.04982969944191,0.42291630847608347
1808.6504166666907,0.0,2.761964923965653,38.35822626020464,0.016943974060239522,0.0019741558673618633,14.730479594483485,10.058050027344802,0.42396079185921515
1809.320000000024,3.5805465862352976,2.7656101326338445,38.370606187069136,0.019441112897017783,0.001971058891675387,14.749920707380504,10.067475083932587,0.4251626032379992
1810.070000000024,10.532554411117683,2.7696913246207226,38.47338569947631,0.02176635726335107,0.0019675908949087625,14.771687064643855,10.078018866961353,0.4265124826471265
1810.8891666666907,15.606106507674696,2.7741468798231126,38.64170908224641,0.023762961079412656,0.001963804207943124,14.795450025723268,10.089519515534704,0.42799143001839823
1811.7612500000241,16.977548690796592,2.778888136663065,38.823672106713744,0.02528670314641396,0.001959774236835305,14.820736728869681,10.101745818572498,0.42957125785750905
1812.6666666666908,16.915493139525704,2.7838085063770874,39.00209734505154,0.02624197180811879,0.001955591708868945,14.8469787006778,10.114421158522154,0.4312173989483526
1813.5833333333576,16.803843074927578,2.788788031447159,39.18561352517848,0.026557467040380648,0.001951358778776127,14.87353616771818,10.127235591388315,0.43289024963337475
1814.4887500000243,17.178888767047845,2.793704688900463,39.37466523515705,0.026222173084290975,0.0019471793771497316,14.899758340802471,10.139875135701734,0.4345488514890496
1815.3608333333577,17.92117069728518,2.7984388824249256,39.56831157689411,0.025249032130466212,0.0019431553547591732,14.925007372932937,10.152033324097966,0.43615239209285084
1816.1800000000244,18.807858751891214,2.8028846864252284,39.754256483955565,0.023710954668282085,0.0019393768807499038,14.948718327601219,10.16343992379062,0.4376640839395012
1816.9300000000244,19.338512438604756,2.806954303943892,39.90707540241577,0.02170462676620709,0.0019359186333392257,14.970422954367425,10.173872051725029,0.4390528425891872
1817.5995833333577,18.805149947547257,2.8105870423158077,39.99752692717615,0.019374604650215933,0.001932832162492677,14.98979755901764,10.183176785327891,0.4402965574947668
1818.182916666691,5.040939946028804,2.8137515310241086,40.01637844346361,0.016877273110939825,0.0019301440247121422,15.00667483212858,10.191276413826031,0.4413830819050063
1818.6800000000244,0.0,2.8164479605091532,39.994171975397116,0.01438095725357121,0.0019278539124782613,15.021055789382151,10.198173806004005,0.44231120053995365
1819.0966666666911,0.0,2.818708083357699,39.97556006644756,0.012053988525576289,0.0019259346924090633,15.033109777907727,10.203952148530599,0.44309077843734507
1819.4441666666912,0.0,2.8205929708887676,39.960039124791884,0.010052733499034188,0.0019243343473840978,15.043162511406761,10.208769062569008,0.4437420725555735
1819.7387500000245,0.0,2.822190772612598,39.946882831373884,0.00852160919376294,0.001922977904020647,15.051684120600523,10.21285083325822,0.44429498609059837
1820.0000000000246,0.0,2.8236076922846527,39.93521642885685,0.007556904917623619,0.001921775105431836,15.059241025518148,10.216469382044647,0.4447859349035864
1820.2500000000246,0.0,2.824963464630139,39.92405393748147,0.007230785842593917,0.0019206242413787585,15.066471811360742,10.219930771271555,0.44525625120946893
1820.5112500000246,0.0,2.826380039531734,39.91239130464596,0.00755506614184098,0.0019194217348076285,15.074026877502583,10.223546349018081,0.44574824015661063
1820.805833333358,0.0,2.827977029807355,39.89924388324944,0.008517281469979793,0.0019180659787111007,15.082544158972562,10.227621127678455,0.44630360142277786
1821.153333333358,0.0,2.8298603840581555,39.8837397049567,0.010044556004268112,0.0019164669322309844,15.092588714976829,10.232424831746396,0.4469595196433081
1821.5700000000247,0.0,2.832117846183193,39.86515688357854,0.01203979800019993,0.0019145499652956119,15.10462851297703,10.238180255513203,0.4477471192544563
1822.0670833333581,0.0,2.834809928069848,39.84299793984639,0.014357770062159375,0.0019122635340723226,15.11898628303919,10.245040208465223,0.44868833997242324
1822.6504166666914,0.0,2.8379676860784158,39.81700807997792,0.01684137604569463,0.0019095810938353705,15.135827659084885,10.25308189362261,0.44979513863781023
1823.3200000000247,3.573482560989036,2.841590529576426,39.83000907231085,0.019321831989386678,0.0019065029969332267,15.155149491074273,10.26230147299155,0.45106864356737947
1824.0700000000247,10.502562865344542,2.8456463099794727,39.93443411970679,0.021630828816250884,0.0019030564565081112,15.176780319890524,10.272614561930745,0.4524990390878072
1824.8891666666914,15.584384167342321,2.8500736746142405,40.105610813933595,0.023612611385428292,0.001899293578668013,15.200392931275951,10.283862584395484,0.45406618847039354
1825.7612500000248,16.96970525854436,2.85478441969382,40.29093990220408,0.02512397375775604,0.0018952893832463143,15.225516905033707,10.295819181683362,0.4557402201101766
1826.6666666666915,16.912092318042777,2.8596725651903223,40.47283427115441,0.026070109314681067,0.0018911340830305638,15.251587014348388,10.308213670421951,0.4574845032071093
1827.5833333333583,16.80102661741316,2.864618898224232,40.66003436738693,0.02638044284751837,0.0018869292026784557,15.277967457195906,10.320742887187548,0.45925707158313084
1828.488750000025,17.175909820598807,2.869502209951737,40.85282015275233,0.026044329213358825,0.0018827779834495698,15.304011786409266,10.333099844507572,0.46101452511972535
1829.3608333333584,17.917191942324216,2.874203757553882,41.05007028089458,0.025074920544771784,0.0018787815532232204,15.329086706954037,10.344985023987025,0.46271362002957905
1830.180000000025,18.80319357389831,2.878618424099735,41.23902980939151,0.023544888244551546,0.0018750293962196314,15.352631595198588,10.356134436331603,0.46431537876916806
1830.930000000025,19.334740602708504,2.882659131243739,41.39378704956928,0.021550438101354014,0.00187159558218399,15.374182033299942,10.36633045443138,0.46578686779660466
1831.5995833333584,18.803155963862334,2.886265733744089,41.4852773619595,0.01923521333519956,0.0018685311978520645,15.393417246635142,10.375423873863907,0.4671046627528898
1832.1829166666917,5.032266008620046,2.889407202511499,41.50475153372941,0.016754500092853408,0.0018658625111624015,15.410171746727995,10.383339003580707,0.4682558967691083
1832.680000000025,0.0,2.892083831154532,41.482752919429124,0.01427535276284297,0.0018635891278444196,15.424447099490838,10.390078876602766,0.46923928528449077
1833.0966666666918,0.0,2.8943272254498047,41.46431605932925,0.011964769574787825,0.0018616840392573085,15.436411869065626,10.395724969025443,0.4700652833869007
1833.444166666692,0.0,2.896198069959952,41.448941680894485,0.009977837387452093,0.0018600955557885148,15.446389706453079,10.40043143725191,0.4707553562077426
1833.7387500000252,0.0,2.8977839021588494,41.435910038225046,0.008457771727451394,0.001858749221746476,15.45484747818053,10.404419475638763,0.47134118876287956
1834.0000000000252,0.0,2.899190157149467,41.42435449002761,0.0075000266166269265,0.0018575554300130296,15.462347504797158,10.407954820145964,0.4718613658364916
1834.2500000000252,0.0,2.9005356808842517,41.413298345999245,0.007176126585518785,0.0018564132214186515,15.469523631382676,10.411336522723643,0.4723596807016639
1834.5112500000253,0.0,2.90194150141538,41.40174711908827,0.00749770949935308,0.0018552197978791683,15.477021340882029,10.414868763852628,0.47288095698429666
1834.8058333333586,0.0,2.9035263111005607,41.388725646531185,0.00845231832096212,0.001853874330385813,15.485473659202992,10.418849498782645,0.47346937629040303
1835.1533333333587,0.0,2.905395223593082,41.373370483756325,0.009967533293448141,0.0018522874842028063,15.49544119249644,10.423542168713649,0.4741643358408103
1835.5700000000254,0.0,2.907635265438063,41.354966965432,0.011946889839896236,0.0018503852365065567,15.507388082336336,10.429164321787344,0.47499881125154547
1836.0670833333588,0.0,2.910306416642968,41.333022824069985,0.014246139759495414,0.0018481164944354517,15.52163422209583,10.435865088658863,0.4759960459825464
1836.650416666692,0.0,2.9134394063533864,41.30728627884492,0.016709278455563588,0.0018454549915638302,15.538343500551393,10.443719695685871,0.4771687057250375
1837.3200000000254,3.5669011552271055,2.9170335449876768,41.32092768440331,0.019168739382884808,0.0018424011656252566,15.557512239934278,10.452724171021696,0.47851798261300077
1838.0700000000254,10.474566368157548,2.9210568243707615,41.426970348702646,0.02145749004311636,0.0018389821124946135,15.578969729977395,10.462795853296111,0.4800334732382509
1838.889166666692,15.563856085119053,2.9254482690908006,41.6009249683003,0.0234210385068751,0.0018352496201322606,15.60239076848427,10.47377963365826,0.48169383914763586
1839.7612500000255,16.962275765649213,2.930120289511705,41.78953506777664,0.024917442244821734,0.0018312781890222878,15.627308210729092,10.48545425524247,0.4834674284970618
1840.6666666666922,16.908870318665222,2.9349677009753696,41.974816970104605,0.025852861139546386,0.0018271573584217845,15.653161071868638,10.49755525843461,0.4853154293258382
1841.583333333359,16.798358442795962,2.939872243882791,42.16561527694737,0.026157562172916152,0.001822987845038988,15.679318634041554,10.509786575739362,0.48719337854243827
1842.4887500000257,17.1730880713473,2.944713734393755,42.36204561815363,0.025821282725138433,0.001818872020988443,15.705139916766692,10.521848524425815,0.4890552956422415
1843.360833333359,17.913423839455366,2.949374488490077,42.562807505312314,0.024857355180385395,0.0018149101162128888,15.729997271947077,10.533448829774331,0.49085536757249426
1844.1800000000258,18.798798035275176,2.953750378416111,42.75469607072118,0.023338079605515448,0.001811190776166568,15.753335351552593,10.54432999763418,0.4925523027318021
1844.9300000000258,19.331237278464396,2.957755192811453,42.91133744014541,0.0213590101084928,0.001807787335768886,15.774694361661085,10.554279856825168,0.4941112139414554
1845.599583333359,18.801268192917693,2.9613294351179387,43.003861904557226,0.01906262563459012,0.0018047503324166185,15.793756987295675,10.563153050312518,0.495507288941014
1846.1829166666923,5.023939583376945,2.964442468503953,43.02397097479786,0.016602844725408045,0.0018021057024092159,15.810359832021083,10.57087596317191,0.49672690034077327
1846.6800000000258,0.0,2.9670946867392787,43.00220821002001,0.014145163921735968,0.0017998529675268017,15.824504995942819,10.577451773608582,0.4977686907602185
1847.0966666666925,0.0,2.9693174922665535,42.98396981775154,0.011854962812133158,0.0017979652922106724,15.836359958754953,10.582960154727466,0.498643739097669
1847.4441666666926,0.0,2.971171076872884,42.968761500667675,0.009885784567095598,0.0017963914047544743,15.846245743322049,10.587551638986657,0.49937478735524415
1847.738750000026,0.0,2.9727422143730315,42.95587101376674,0.008379400000786588,0.0017950574962630399,15.854625143322835,10.591442109767378,0.49999540347467897
1848.000000000026,0.0,2.97413538936411,42.94444093845852,0.007430266619084253,0.0017938747641130122,15.862055409941918,10.59489085781705,0.5005464641141448
1848.250000000026,0.0,2.975468354593616,42.93350511364001,0.007109147890702146,0.0017927431740646473,15.86916455783262,10.598189635828088,0.5010743630309135
1848.511250000026,0.0,2.9768610085153338,42.92207987453828,0.007427487582492726,0.0017915608836766672,15.876592045415114,10.601635165434947,0.5016265849432973
1848.8058333333593,0.0,2.9784309196826277,42.9092007695086,0.008372859558899584,0.0017902280148772536,15.884964904974014,10.605518061981478,0.5022499338675442
1849.1533333333593,0.0,2.980282187224131,42.89401395728247,0.009873426888019775,0.0017886560918496757,15.894838331862033,10.610095236417033,0.5029861447701045
1849.570000000026,0.0,2.9825009723253197,42.8758128780409,0.011833520539672434,0.0017867718250574249,15.906671852401706,10.615578790826996,0.5038701490620404
1850.0670833333595,0.0,2.985146622079584,42.85411107262169,0.01411013202274379,0.0017845246587812713,15.92078198442445,10.622114045805432,0.5049265674800674
1850.6504166666928,0.0,2.988249488092006,42.8286600594535,0.01654861873291845,0.001781888647979537,15.937330603157367,10.629774193383977,0.5061688143367938
1851.320000000026,3.5607650863227405,2.991808785770092,42.84295940387277,0.018982920949791284,0.0017788643126804126,15.956313524107157,10.638555147749306,0.5075981487779408
1852.070000000026,10.448462500593758,2.995792705086764,42.9505911435923,0.021247569688917122,0.0017754785825531956,15.977561093796075,10.648376065929721,0.5092035459540882
1852.8891666666927,15.544485507695102,3.000140755000485,43.1272476145364,0.023189599539847033,0.0017717828363379845,16.00075069333592,10.659085468287829,0.5109623972673086
1853.7612500000262,16.955248620961225,3.0047661119888915,43.319051895344124,0.024668570604835325,0.0017678509257702312,16.025419263940755,10.670467419901525,0.5128411695813544
1854.666666666693,16.905822150771346,3.009564567728945,43.5076372502959,0.025591763946953158,0.0017637715623528816,16.051011027887707,10.682263939118705,0.5147987462016675
1855.5833333333596,16.795834384178384,3.0144190177753507,43.70194509026669,0.025890400247498647,0.0017596444827181791,16.076901428135205,10.694186329838494,0.5167880259034912
1856.4887500000264,17.170419054215703,3.0192105069121733,43.90192762634414,0.02555460872972192,0.0017555710161868713,16.102456036864925,10.7059424841716,0.5187603020859048
1857.3608333333598,17.90986031902189,3.023822607761002,44.106107121531814,0.024597871193750374,0.001751650326064618,16.127053908058677,10.717247625888554,0.5206670475768063
1858.1800000000264,18.79466238957191,3.028152355298155,44.300838699876635,0.023091986864816505,0.0017479700711065663,16.150145894923494,10.727850972258194,0.5224645264685258
1858.9300000000264,19.32798669469155,3.0321145474480624,44.45931106125256,0.021131691466174718,0.001744602730209563,16.171277586389667,10.737545978660958,0.5241157881832204
1859.5995833333598,18.79948003929919,3.0356504330739535,44.55286419904764,0.018858056671421066,0.001741598209158606,16.190135643061087,10.746191244361182,0.5255945547877309
1860.182916666693,5.01595711742545,3.038729815720312,44.57361882848986,0.01642337411391261,0.001738982071834391,16.206559017175,10.753715276413722,0.526886395987038
1860.6800000000264,0.0,3.041353185653463,44.55211793752233,0.01399130631013471,0.0017367537594208664,16.220550323485135,10.760121379145135,0.5279898779130258
1861.0966666666932,0.0,3.0435516869282875,44.53409977489559,0.011725340132400137,0.0017348866565283104,16.232275663617536,10.765487340778117,0.5289167387743894
1861.4441666666933,0.0,3.0453849160322,44.51907563198024,0.00977722188753155,0.0017333299967850237,16.242052885505068,10.769959930952755,0.5296910696275678
1861.7387500000266,0.0,3.046938736885837,44.506341629226576,0.008287044552729094,0.0017320107426254587,16.250339930057798,10.773749531231255,0.5303484275500023
1862.0000000000266,0.0,3.048316508417225,44.49505060015895,0.007348114834070635,0.0017308410449740593,16.257688044891868,10.77710876279862,0.5309321102161932
1862.2500000000266,0.0,3.0496346934200593,44.484248064737,0.007030320015114046,0.0017297219618684855,16.264718364906983,10.78032183011785,0.5314912583037956
1862.5112500000266,0.0,3.0510118609124963,44.47296234709911,0.007344893292997951,0.0017285527764618763,16.27206325819998,10.783677745365766,0.5320761674007773
1862.80583333336,0.0,3.052564260181005,44.460240844555905,0.008279462765379353,0.0017272347278763016,16.28034272096536,10.787459541081526,0.5327364114628467
1863.15333333336,0.0,3.0543948033576607,44.44524031920719,0.00976289694216372,0.0017256803459846355,16.290105617907525,10.791917386319803,0.5335161946311262
1863.5700000000268,0.0,3.056588644309203,44.427263134677816,0.011700485074891697,0.0017238171954435195,16.301806102982418,10.797257766451374,0.5344525139540373
1864.0670833333602,0.0,3.0592044005836296,44.40582918936681,0.013950700130274472,0.001721595340104297,16.31575680311269,10.803622080952394,0.5355714446337457
1864.6504166666934,0.0,3.06227199851829,44.3806935610921,0.01636052231818906,0.0017189891971773825,16.33211732543088,10.811081440217116,0.5368871913255491
1865.3200000000268,3.5550399681897304,3.0657905630546685,44.395666363202466,0.0187656775273563,0.0017159993653683072,16.350883002958234,10.819631664147195,0.5384010834887826
1866.0700000000268,10.424148189379268,3.0697285385978277,44.50485793738213,0.021002536230182528,0.0017126525604260602,16.371885539188415,10.829193812559982,0.5401014393799263
1866.8891666666934,15.526232349628135,3.0740260221265863,44.684139700354315,0.022919912153381825,0.0017089996637261364,16.394805451341796,10.839620176563525,0.5419643083530357
1867.7612500000268,16.94861105617762,3.078597102774151,44.87904989196698,0.024379096787011736,0.0017051137534554745,16.419184548128808,10.850700333833833,0.5439541698210325
1868.6666666666936,16.902942325950598,3.0833387226455433,45.07085249559538,0.02528863931408993,0.0017010825649764708,16.4444731874429,10.8621829994995,0.546027472568798
1869.5833333333603,16.793449865661852,3.0881351262281647,45.26857864095053,0.025580819107314176,0.0016970046895986592,16.470054006550214,10.873787084528928,0.5481343289484664
1870.488750000027,17.16789787614148,3.0928687819768443,45.47201860447363,0.025246163992956212,0.0016929802474903676,16.49530017054317,10.88522828553594,0.5502231532868898
1871.3608333333605,17.906494747257216,3.0974247082572233,45.67951982915365,0.024298273495352546,0.0016891071740464296,16.519598444038525,10.896229540010038,0.5522425522446014
1872.1800000000271,18.790776318138338,3.1017012682856206,45.87700819438656,0.022808320151450165,0.0016854720002313656,16.542406764189977,10.906546957907267,0.5541462089180457
1872.9300000000271,19.324973234666686,3.1056144046153435,46.037259369281884,0.020870060425189633,0.0016821462336317273,16.563276824615166,10.915979762838116,0.5558949941651614
1873.5995833333604,18.797785572491016,3.109106203162722,46.1318346562018,0.018622925586018937,0.0016791790704811975,16.581899750201185,10.924390599315972,0.5574610828068916
1874.1829166666937,5.008313785357301,3.1121469529838643,46.153243781616986,0.01621733237942689,0.0016765956639882209,16.59811708258061,10.931710131980234,0.5588291972158793
1874.6800000000271,0.0,3.1147372365752712,46.13202866935473,0.013814845820833881,0.0016743953785957292,16.611931928401447,10.937941772395678,0.559997823241861
1875.0966666666939,0.0,3.1169078863972506,46.11425071763137,0.011576799050560142,0.0016725518645932713,16.623508727452005,10.943161352601606,0.5609793957087319
1875.444166666694,0.0,3.1187178052790414,46.099427373923604,0.00965290070288101,0.001671014944829868,16.633161628154888,10.947511760794729,0.5617994305204911
1875.7387500000273,0.0,3.1202518073398346,46.086863920500114,0.008181344324233154,0.001669712472229504,16.64134297247912,10.951197715032883,0.5624955853815842
1876.0000000000273,0.0,3.1216119584814774,46.075724389284446,0.0072541394220948675,0.0016685576936935965,16.648597111901214,10.954464977678121,0.5631137145299201
1876.2500000000273,0.0,3.1229132437247586,46.06506703875662,0.006940187964166873,0.0016674529193107072,16.65553729986538,10.957589995521666,0.5637058592500345
1876.5112500000273,0.0,3.1242727120062517,46.05393325193561,0.007250497501294857,0.0016662987199848312,16.662787797366676,10.960853860908001,0.5643252831834086
1876.8058333333606,0.0,3.1258051069922366,46.04138331761403,0.008172773258590393,0.001664997610561958,16.670960570625265,10.96453182011349,0.5650244850409093
1877.1533333333607,0.0,3.1276119895280297,46.02658551630515,0.009636706857564294,0.0016634632664316099,16.68059727748283,10.968867123557919,0.565850276047797
1877.5700000000274,0.0,3.129777371126844,46.008851881813875,0.011548701860342816,0.0016616242214682465,16.69214597934317,10.974060498102808,0.5668418341338413
1878.0670833333609,0.0,3.132359048147721,45.98770916911762,0.013768944111345218,0.00165943123727921,16.705914923454515,10.980249330890985,0.5680267699305714
1878.6504166666941,0.0,3.135386476801875,45.96291624816203,0.016146286155487244,0.0016568591317474124,16.72206120961,10.987502613453657,0.5694201221680019
1879.3200000000274,3.549694201124878,3.138858696652657,45.97857585715193,0.018518505870836574,0.001653908578164065,16.740579715480838,10.995816090703252,0.571023294024792
1880.0700000000274,10.401520866073819,3.1427444609768402,46.08929724652303,0.02072407639564492,0.0016506060321977458,16.761303791876482,11.005112798824719,0.572823909597148
1880.889166666694,15.509053927332785,3.146984554280932,46.27112742548986,0.022613830955154252,0.001647001793225589,16.783917622831638,11.015248920766773,0.5747966006798669
1881.7612500000275,16.942349356398598,3.1514941185308434,46.4690541181631,0.02405100933286132,0.0016431680464901721,16.8079686321645,11.026019708206377,0.5769037477924798
1882.6666666666943,16.90022495405438,3.1561714123783426,46.663985974759456,0.02494556718666119,0.0016391914096046073,16.832914199351162,11.037180756829391,0.5790992289862832
1883.583333333361,16.79119998189212,3.1609022137215637,46.86503703994152,0.025230940497175832,0.0016351691712191117,16.85814513984834,11.048458781046106,0.581330214592238
1884.4887500000277,17.165519300406743,3.1655705999630768,47.07183766029547,0.02489805995473642,0.0016312000843018712,16.883043199803076,11.059577471791414,0.5835420793826094
1885.3608333333611,17.90332003948084,3.17006321444269,47.2825633691138,0.023960610557940458,0.0016273807034629453,16.907003810361015,11.070267656594277,0.5856804043740477
1886.1800000000278,18.787129088418357,3.174279905097666,47.48272229153169,0.02248901682653956,0.001623796298461472,16.929492827187556,11.080292485046632,0.5876961483301797
1886.9300000000278,19.322181593827235,3.178137886716137,47.64470094460821,0.020575901965174524,0.0016205172968624395,16.95006872915273,11.089457062349572,0.5895478828074487
1887.5995833333611,18.796179433871092,3.1815801682822116,47.740290630664134,0.018358835019067012,0.001617592112177151,16.968427564171797,11.097628147790012,0.5912061498901983
1888.1829166666944,5.001003641952103,3.184577566286674,47.76236134178269,0.015986122690464635,0.0016150454514092048,16.98441368686226,11.104738589322748,0.5926547780911802
1888.6800000000278,0.0,3.1871307506514768,47.74145366963536,0.013616983278950674,0.0016128766065624783,16.998030670141212,11.110791887222131,0.5938921690601737
1889.0966666666945,0.0,3.1892701912315893,47.72393402615813,0.01141034976060039,0.0016110595372407005,17.00944101990181,11.115861856588424,0.5949314934105078
1889.4441666666946,0.0,3.1910540036150263,47.70932653315905,0.009513666044999609,0.0016095447353367074,17.01895468594681,11.120087405535417,0.5957997714175945
1889.738750000028,0.0,3.192565819388064,47.696946358675326,0.008063017456201388,0.0016082610573273158,17.02701770340301,11.123667455621895,0.596536878358642
1890.000000000028,0.0,3.19390625287861,47.685969591245,0.007148978616243957,0.001607122981041394,17.034166682019254,11.126840755600368,0.5971913671942541
1890.250000000028,0.0,3.1951886335629016,47.67546818545754,0.006839363649554861,0.0016060342198657206,17.04100604566881,11.129875823946675,0.597818340985851
1890.511250000028,0.0,3.1965283099695956,47.66449755103517,0.007144940835701855,0.0016048967858554829,17.04815098650451,11.133045662263305,0.5984741962558928
1890.8058333333613,0.0,3.1980383439976166,47.65213181017088,0.008053514816113674,0.0016036146194493587,17.056204501320625,11.136617565762876,0.5992145188045004
1891.1533333333614,0.0,3.199818790056603,47.63755158722012,0.00949571231459323,0.001602102673619212,17.065700213635218,11.140827723667794,0.6000888715357349
1891.5700000000281,0.0,3.2019523899746174,47.620079258030174,0.011379199562742274,0.0016002905599361897,17.07707941319796,11.145870990755636,0.6011387340751002
1892.0670833333616,0.0,3.204496032780213,47.59924888060237,0.01356609496317741,0.001598129811266817,17.09064550816114,11.151880669957627,0.6023933373377413
1892.6504166666948,0.0,3.2074786627992893,47.57482332141232,0.015907360101740445,0.0015955956819413467,17.106552868262877,11.158923606455343,0.6038685999283341
1893.3200000000281,3.544698827979396,3.210899239778379,47.591180777932415,0.018243077221812575,0.0015926889153284874,17.12479594548469,11.166995488918737,0.6055660022496372
1894.0700000000281,10.38047946178606,3.214726878099203,47.70340110743046,0.020414071044393675,0.0015894356627181706,17.14521001652908,11.176021392706149,0.6074724350918996
1894.8891666666948,15.492905647012766,3.218903144537747,47.88770264810351,0.022273421005571985,0.0015858855608964196,17.167483437534653,11.185861493517164,0.6095610334488683
1895.7612500000282,16.936449079073046,3.223344366854074,48.088555560948876,0.023686519020411963,0.001582109788895414,17.191169956555065,11.196316849658931,0.6117919620465353
1896.666666666695,16.897663834738914,3.227950277404184,48.28652718616609,0.02456485626725097,0.0015781937125903213,17.215734812822316,11.207150086776373,0.6141163853565418
1897.5833333333617,16.789079573808596,3.2326083616005765,48.49080799057488,0.02484311571409485,0.0015742331694623486,17.24057792853641,11.218095880636684,0.6164783685520071
1898.4887500000284,17.163277826825283,3.237204480244815,48.70087086522869,0.024512632769270612,0.0015703253964450316,17.26509056130568,11.22888606741771,0.6188200786296062
1899.3608333333618,17.900328767504632,3.241627070007004,48.91472277228305,0.023587145398342602,0.001566565423743572,17.28867770670402,11.239259503114226,0.6210839038317166
1900.1800000000285,18.783709700185536,3.2457776101475257,49.117466181946845,0.022136214082785474,0.0015630371349010382,17.310813920786806,11.248986490562583,0.6232179284074592
1900.9300000000285,19.319596908967107,3.2495747068825587,49.28112169302636,0.020251182586844534,0.001559809775901751,17.33106510337365,11.257878102490526,0.6251782981407166
1901.5995833333618,18.794656753588946,3.252962372228115,49.37771664672815,0.018067548509631767,0.0015569309095014164,17.34913265188328,11.265805263745406,0.626933832861463
1902.182916666695,4.994019771863587,3.2559119886340087,49.400454083401264,0.015731287498103718,0.0015544247638450812,17.364863939381383,11.272703021897636,0.6284674185403473
1902.6800000000285,0.0,3.2584243081736948,49.37987316978972,0.013399037544987783,0.0015522905631863257,17.378262976926372,11.278574947913643,0.6297773685908995
1903.0966666666952,0.0,3.260529389598759,49.36262796524095,0.011227100933677837,0.0015505026179315233,17.38949007786005,11.283492789596963,0.6308776305226671
1903.4441666666953,0.0,3.2622844729898506,49.3482497323709,0.009360444752489424,0.0015490121643149917,17.398850522612538,11.287591395883263,0.6317968123539219
1903.7387500000286,0.0,3.2637718825912474,49.33606417308905,0.007932851207449512,0.0015477491686962184,17.406783373819987,11.291063786810218,0.632577129501365
1904.0000000000286,0.0,3.265090632297544,49.32526019871842,0.007033331766911549,0.001546629466553984,17.4138167055869,11.294141576296271,0.6332699826190322
1904.2500000000286,0.0,3.2663522292927314,49.314924313307756,0.006728517307667508,0.0015455583164623039,17.420545222894567,11.297085221595934,0.6339337054223739
1904.5112500000287,0.0,3.267670152674486,49.30412681459072,0.0070289247026907664,0.0015444393154337088,17.42757414759726,11.30015950101974,0.634628000012922
1904.805833333362,0.0,3.269155617587356,49.291956495269,0.00792247953530838,0.0015431779698940682,17.43549662713257,11.303623631464607,0.635411709354463
1905.153333333362,0.0,3.2709070268297094,49.27760705572982,0.00934084929254776,0.0015416906339925113,17.444837476425118,11.307706631560334,0.6363372995053722
1905.5700000000288,0.0,3.27300573358787,49.260411807981555,0.011193102710192186,0.001539908098356571,17.45603057913531,11.312597397771288,0.6374486783324818
1906.0670833333622,0.0,3.275507639358961,49.23991250513246,0.013343497445819514,0.0015377827355579257,17.46937407658113,11.318425095618787,0.6387767858882634
1906.6504166666955,0.0,3.2784411381123806,49.21587618560979,0.01564532668489943,0.0015352902693411853,17.48501940326603,11.325254405771544,0.6403384685732822
1907.3200000000288,3.5400273681518875,3.281805115738411,49.23294010836145,0.017941214005497058,0.0015324315082897704,17.502960617271526,11.333080978711086,0.6421352876120536
1908.0700000000288,10.360925240065866,3.2855690974219307,49.34662757471618,0.020074568978771606,0.001529232257157872,17.523035186250297,11.341831981147283,0.6441533593986359
1908.8891666666955,15.477741638210274,3.2896755216306,49.53332335720998,0.021900929112901747,0.0015257414140607086,17.5449361153632,11.351371662690726,0.6463642390345771
1909.761250000029,16.930895258445087,3.2940420269159,49.737011575461416,0.02328802818826994,0.001522029045322423,17.56822414355147,11.361506992863523,0.6487257529272835
1910.6666666666956,16.895252543256753,3.2985699666735546,49.93793227248102,0.02414901204082558,0.0015181791394467412,17.592373155592295,11.372007743255702,0.6511862022913951
1911.5833333333624,16.787083299577954,3.3031486966309695,50.14534617409188,0.024419893106209935,0.001514285943856547,17.616793048698504,11.38261667161126,0.6536863762468819
1912.488750000029,17.16116776672526,3.3076660237078586,50.35857160853573,0.024092411076742797,0.0015104450406040518,17.640885459775248,11.393073872637752,0.6561650578343369
1913.3608333333625,17.897513259861398,3.3120123345363246,50.57545068087476,0.02318032441848275,0.0015067498018502203,17.66406578419373,11.403126332639516,0.658561267524176
1914.1800000000292,18.780507018235568,3.3160908757061844,50.78069280046296,0.021752219572585652,0.0015032826089281133,17.685818003766318,11.412551589198442,0.6608200578384779
1914.9300000000292,19.317204860408975,3.319821755081113,50.94597513115815,0.019898023332948163,0.0015001114323134118,17.705716027099268,11.421166742166761,0.6628950164322394
1915.5995833333625,18.793213077820766,3.323150061269669,51.043564709352054,0.01775096633896607,0.0014972829214117544,17.723466993438233,11.428846914819948,0.6647531472344306
1916.1829166666957,4.9873544340628015,3.32604777766428,51.06697198010693,0.01545448743792804,0.0014948207958553894,17.73892148087616,11.435529361714469,0.6663763427874766
1916.6800000000292,0.0,3.3285157328199984,51.046734725851415,0.01316242749716399,0.0014927242171597593,17.752083908373326,11.441217707140098,0.6677628241201918
1917.096666666696,0.0,3.3305835286801933,51.02977806238202,0.011028244587706761,0.001490967885635774,17.763112152961032,11.445981591403159,0.6689273587388191
1917.444166666696,0.0,3.3323074473363556,51.015640805847596,0.009194232832864477,0.0014895038522320905,17.772306385793897,11.449951744108432,0.6699002297351107
1917.7387500000293,0.0,3.333768389441607,51.0036597616692,0.0077916912280086474,0.0014882632922431909,17.780098077021904,11.453315205783053,0.6707261210108764
1918.0000000000293,0.0,3.3350636300326655,50.99303733508467,0.006907949818981649,0.0014871635166555726,17.787006026840885,11.4562963666753,0.6714594368841758
1918.2500000000293,0.0,3.336302699103652,50.982875325447814,0.0066083683785943285,0.0014861114610569518,17.79361439521948,11.45914752629788,0.6721619185198593
1918.5112500000293,0.0,3.337597049431281,50.97225967005668,0.0069032017473574635,0.0014850124409217852,17.800517596966834,11.462125144080282,0.6728967543812299
1918.8058333333627,0.0,3.339055896381397,50.96029456132393,0.007780517067283655,0.0014837736588991174,17.80829811403412,11.465480267507639,0.6737262226193477
1919.1533333333628,0.0,3.3407758566359314,50.946187411976325,0.009173121357516096,0.0014823129848448272,17.817471235391636,11.46943466713001,0.6747058509870616
1919.5700000000295,0.0,3.342836784717096,50.929282984501846,0.010991616432876198,0.0014805624822058557,17.82846285182451,11.474171221138755,0.6758821080199205
1920.067083333363,0.0,3.3452935206897125,50.909131063606445,0.013102591853958543,0.0014784754263402658,17.84156544367847,11.47981492233774,0.6772877358623781
1920.6504166666962,0.0,3.3481738731297366,50.88550300575509,0.015361879680128037,0.0014760280404402658,17.856927323358597,11.486428277569358,0.6789405588019841
1921.3200000000295,3.5356556390679867,3.351476660353969,50.90327950454593,0.0176148651959056,0.0014732211931511973,17.874542188554503,11.494006916364759,0.6808422225677859
1922.0700000000295,10.342762474795705,3.3551718652220397,51.01840131221773,0.019707759296376005,0.0014700803029234397,17.89424994785088,11.502480138577203,0.6829780260596049
1922.8891666666962,15.463515327303291,3.359202881516493,51.20741424236325,0.02149875357041774,0.0014666534580433832,17.915748701421297,11.511716329737055,0.6853178574326046
1923.7612500000296,16.925672593362187,3.363488774974778,51.413846426886955,0.022858098444185692,0.001463009512942966,17.938606799865482,11.521528448073054,0.687817076466855
1924.6666666666963,16.89298450955586,3.367932656819148,51.61762453755687,0.02370070316997633,0.001459230962096959,17.962307503035458,11.531693494906115,0.6904209644242808
1925.583333333363,16.785205699943035,3.372425903813502,51.82807373864226,0.023963983969888077,0.0014554103342642806,17.986271487005347,11.541962394722061,0.6930668555111908
1926.4887500000298,17.159183311932107,3.3768584192336575,52.044361056398934,0.023640082240827164,0.0014516414283975757,18.009911569246174,11.552083577942737,0.6956899644658747
1927.3608333333632,17.89486569382672,3.381122683886242,52.26416777706935,0.02274274481378286,0.0014480158355490223,18.032654314059958,11.561812228011132,0.6982257609235893
1928.1800000000298,18.77750989062594,3.3851238365232446,52.47182322881797,0.021339480730681388,0.0014446143283583976,18.05399379479064,11.57093316809845,0.7006161012642438
1928.9300000000298,19.31499174923194,3.388783587457261,52.638682789736684,0.01951867164808898,0.001441503515875508,18.07351246643873,11.579269559698385,0.7028118766335872
1929.5995833333632,18.79184430626817,3.3920481687757347,52.737254733752195,0.017411100365191515,0.0014387290772312658,18.09092356680392,11.586700740390215,0.7047781771919163
1930.1829166666964,4.980999199273828,3.3948901961583533,52.76133285641383,0.015157479373963322,0.0014363141969736522,18.106081046177884,11.593166170703357,0.7064958489201043
1930.6800000000298,0.0,3.3973105686517484,52.74145369488085,0.012908653298109389,0.001434257979150148,18.118989699475993,11.59866951164869,0.7079630162096362
1931.0966666666966,0.0,3.3993383887207616,52.724797604986584,0.010815040368070508,0.0014325355504849078,18.12980473984406,11.603278265668493,0.7091953117160364
1931.4441666666967,0.0,3.401028904159747,52.71091131394649,0.009016082341255062,0.0014310998417560639,18.138820822185316,11.60711900108444,0.7102247849989256
1931.73875000003,0.0,3.402461484865005,52.69914322006077,0.007640430428048578,0.0014298833285207836,18.146461252613364,11.610372726824389,0.7110987227166444
1932.00000000003,0.0,3.4037315396339918,52.68870979655115,0.006773625434593231,0.0014288049057472859,18.153234878047957,11.613256551619697,0.7118746959963569
1932.25000000003,0.0,3.404946478893308,52.67872877425242,0.0064796760496856004,0.0014277733072293876,18.159714554097643,11.61601455550401,0.7126180383610822
1932.51125000003,0.0,3.406215585012167,52.668302369702396,0.0067685659672497974,0.001426695689534674,18.166483120064893,11.618894818747178,0.7133956137006928
1932.8058333333634,0.0,3.407645933161816,52.65655079432116,0.007628523464791605,0.0014254810710618458,18.174111643529685,11.622140162845568,0.7142733215187504
1933.1533333333634,0.0,3.4093322306308194,52.64269571192878,0.008993586501353318,0.0014240489423613806,18.18310523003104,11.62596506321908,0.7153099170362633
1933.5700000000302,0.0,3.4113527326323547,52.6260937687558,0.010776010674854468,0.0014223327254872062,18.193881240705892,11.630546344849014,0.71655456790446
1934.0670833333636,0.0,3.413761150476928,52.60630306132595,0.012844895171055519,0.0014202866560614803,18.20672613587695,11.636004809504898,0.7180419155073687
1934.6504166666969,0.0,3.4165846758480964,52.5830993808165,0.015058801979568374,0.0014178874837339384,18.221784937856516,11.642400789218911,0.7197908143232377
1935.3200000000302,3.5315615729818024,3.4198220660158385,52.60159199651079,0.017266080894625762,0.001415136131834903,18.23905101875114,11.649729908891247,0.7218029983440024
1936.0700000000302,10.325898983141629,3.4234438053081253,52.71811430470945,0.019315942892194515,0.001412057595345741,18.258366961643336,11.657923633251215,0.7240629038086068
1936.8891666666968,15.450179947723639,3.427394320246116,52.90936738842295,0.021069413002617273,0.0014086990868292521,18.279436374645954,11.666854527347965,0.7265386608016156
1937.7612500000303,16.920765617019963,3.4315942110213338,53.11845196080755,0.022399417467826484,0.0014051281574017822,18.30183579211378,11.676341589658763,0.7291830282353917
1938.666666666697,16.890853090036995,3.435948472333122,53.32499509406358,0.02322272699620431,0.0014014257003299785,18.325058519109987,11.686169104256313,0.7319381035320804
1939.5833333333637,16.783441257459504,3.440350640006217,53.53838092081393,0.023478227589837964,0.0013976824079157605,18.348536746699825,11.696096212954862,0.7347375789689781
1940.4887500000304,17.157318597211788,3.4446928508412964,53.757628745487644,0.023158457787089172,0.0013939901789256485,18.371695204486915,11.705879724735587,0.7375129082821167
1941.3608333333639,17.89237817854773,3.4488698110768428,53.980263348868846,0.022277121256248315,0.0013904387112721457,18.393972325743164,11.715283053777084,0.7401958189635642
1942.1800000000305,18.77470725207276,3.452788664849665,54.190247240255545,0.020900553455054927,0.0013871070723027363,18.414872879198217,11.72409833065652,0.7427247994792968
1942.9300000000305,19.312944552032803,3.45637281597801,54.35863476395292,0.01911547268450363,0.0013840604320143,18.43398835188272,11.732154789342738,0.745047899938218
1943.5995833333639,18.790546639331318,3.4595697000512007,54.45817512222422,0.017050048390354143,0.0013813434481696918,18.451038400273074,11.739335981617073,0.7471281945627909
1944.182916666697,4.974945079061493,3.462352592686692,54.482922986810905,0.014842094055949117,0.0013789787467908539,18.465880494329024,11.745583565165626,0.7489454273556572
1944.6800000000305,0.0,3.4647224571893056,54.463413858278415,0.012639277347272434,0.0013769653799195261,18.478519771676297,11.750901221982343,0.7504976217241562
1945.0966666666973,0.0,3.46670785710974,54.44706828395993,0.010588799575652962,0.0013752789344371674,18.48910857125195,11.755354295716668,0.7518013227326689
1945.4441666666974,0.0,3.4683629361202173,54.43344120359587,0.008827088055876491,0.001373873280544351,18.497935659307828,11.75906516879485,0.7528904419626695
1945.7387500000307,0.0,3.4697654356851904,54.42189301644992,0.007479997679854187,0.0013726822773160263,18.505415656987683,11.762208791064095,0.7538150091595132
1946.0000000000307,0.0,3.4710087824924307,54.41165473967115,0.00663118297194977,0.0013716265023927354,18.512046839959634,11.764994961293816,0.754635932736612
1946.2500000000307,0.0,3.4721981380546136,54.40186056098976,0.006343229664969899,0.0013706165978961472,18.518390069624605,11.767659511274003,0.7554223317728398
1946.5112500000307,0.0,3.4734404835589503,54.39162950295081,0.006625842689794955,0.0013695616728104658,18.5250159123144,11.77044211528731,0.7562449431086895
1946.805833333364,0.0,3.4748406266616287,54.3800983044419,0.007467429880951692,0.0013683726696850985,18.532483342195352,11.773577344944725,0.7571734820792311
1947.1533333333641,0.0,3.476491253626192,54.36650332084774,0.008803343811008162,0.0013669707948548784,18.54128668600636,11.777272362275719,0.758270104531389
1947.5700000000309,0.0,3.478468929415838,54.35021343387249,0.01054760421144298,0.0013652909065134374,18.5518342902178,11.781697927750216,0.7595868218206954
1948.0670833333643,0.0,3.480826176041655,54.33079527565986,0.012571982004358731,0.0013632882522512913,18.56440627222216,11.786970649787465,0.7611602759917218
1948.6504166666975,0.0,3.4835895403959114,54.308029159551836,0.014737943222702558,0.0013609401321084493,18.579144215444863,11.793148692399015,0.7630104062654858
1949.3200000000309,3.527725035203734,3.486757725394349,54.327238830812824,0.01689698665833038,0.0013582475185648752,18.596041202103194,11.800227691172838,0.7651390387192416
1950.0700000000309,10.310246525925862,3.490301757339804,54.44512671376151,0.01890150370909461,0.0013552349487486162,18.61494270581229,11.808141297789257,0.7675296996383234
1950.8891666666975,15.437688985829222,3.494167166397132,54.638543118644776,0.020615514972415427,0.0013519486991398176,18.635558220784706,11.816766282868562,0.7701486657438951
1951.761250000031,16.916158847873326,3.498276184947141,54.85018842530728,0.02191476560004854,0.0013484549342241347,18.657472986384754,11.82592771203315,0.7729459547742688
1952.6666666666977,16.88885163159182,3.5025358052341526,55.059403665403956,0.022717974864062043,0.001344832848741322,18.680190961248815,11.835417175981599,0.7758603090778456
1953.5833333333644,16.781784449317303,3.506841847011508,55.27562682360232,0.022965556145894305,0.0013411711919493335,18.70315651739471,11.84500205213572,0.7788215836638848
1954.4887500000311,17.155567755871807,3.5110888042780624,55.49773333529407,0.022650438754959437,0.0013375598568389979,18.72580695614967,11.854447538491407,0.7817572700467563
1955.3608333333646,17.89004282890863,3.515173726628688,55.723096017693244,0.021786252536671304,0.0013340865475096851,18.74759320868634,11.86352528228337,0.7845951538661259
1956.1800000000312,18.772088212566544,3.5190058649012776,55.93532401034712,0.020438070787144005,0.001330828539555923,18.768031279473483,11.87203471605796,0.7872701764130233
1956.9300000000312,19.31105095592181,3.522510397521117,56.10519043430559,0.018690840639143058,0.0013278494947654349,18.786722120112625,11.87981113491707,0.7897273959802406
1957.5995833333645,18.789316534110693,3.525636016630079,56.20568351113891,0.016669968581132993,0.0013251930043644568,18.80339208869376,11.886742289846039,0.7919277643153356
1958.1829166666978,4.969182645623176,3.528356681725654,56.23109786479881,0.014510213843063058,0.0013228811155488601,18.817902302536822,11.892772019672108,0.7938498657150123
1958.6800000000312,0.0,3.53067341397023,56.21196821413161,0.01235590530440282,0.001320912833943633,18.830258207841226,11.89790401257639,0.7954916181735312
1959.096666666698,0.0,3.5326142019573554,56.19594100556742,0.010350869264670326,0.0013192642374316532,18.840609077105896,11.902201441468328,0.7968705285811157
1959.444166666698,0.0,3.534232022123386,56.18257963641024,0.008628374218829268,0.0013178901895112565,18.849237451324726,11.905782494648035,0.7980224703397577
1959.7387500000314,0.0,3.535602899607182,56.17125683344589,0.007311346580246359,0.0013167260077088894,18.85654879790497,11.90881605858392,0.7990003627879804
1960.0000000000314,0.0,3.5368181749549845,56.161218535423934,0.006481468521612879,0.00131569404096432,18.863030266426584,11.911504621300736,0.7998686295715087
1960.2500000000314,0.0,3.5379806448036697,56.15161580156456,0.00619983919298807,0.0013147069384759184,18.86923010561957,11.91407576857527,0.8007003769633634
1960.5112500000314,0.0,3.5391948720438555,56.141584874298395,0.006475878614325456,0.0013136758613626878,18.875705984233896,11.916760773299986,0.8015704208904868
1960.8058333333647,0.0,3.5405632829210725,56.13027941769917,0.00729819134516189,0.0013125137733183815,18.883004175579057,11.91978596398464,0.8025524954598967
1961.1533333333648,0.0,3.5421764429650997,56.11695082108143,0.008603520234809764,0.001311143681416049,18.891607695813867,11.923351198012794,0.8037123378146745
1961.5700000000315,0.0,3.5441091458634615,56.10098047208922,0.010307748791262145,0.0013095019490856194,18.90191544460513,11.927621182180289,0.8051049538481339
1962.067083333365,0.0,3.546412670678577,56.08194370622848,0.012285465680612622,0.0013075448817143765,18.914200910285743,11.932708344182224,0.8067690920263246
1962.6504166666982,0.0,3.5491128952345474,56.05962541767318,0.014401197631843856,0.0013052503505685885,18.928602107917587,11.938668693991108,0.8087258331408937
1963.3200000000315,3.524127648296422,3.5522084748752416,56.07955047390227,0.016509758083704574,0.0013026193716485937,18.94511186600129,11.945497892138551,0.810977099227234
1964.0700000000315,10.29572108922645,3.5556710149323147,56.19876789592304,0.018466880304392287,0.0012996759927667862,18.963578746305682,11.953131790137636,0.8135054571449252
1964.8891666666982,15.425996563202908,3.559447213363614,56.39427100391933,0.020139724966922574,0.0012964654996999942,18.983718471272606,11.961451373648536,0.8162752307021823
1965.7612500000316,16.911836921522944,3.563461022652356,56.608385462601696,0.02140698287329341,0.0012930525953440115,19.0051254541459,11.9702877791249,0.8192335499731244
1966.6666666666983,16.886973527787482,3.5676215347669737,56.82017955973953,0.022189397944624427,0.0012895146887157987,19.027314852090527,11.979439900382605,0.8223156235171372
1967.583333333365,16.78022979364446,3.571826964798476,57.03914036883856,0.02242896016801501,0.0012859384909078317,19.04974381225854,11.988683338447148,0.8254472652690011
1968.4887500000318,17.153924968428232,3.5759742738546865,57.26400353745406,0.022118981633122387,0.0012824117952722576,19.071862793891665,11.99779166049049,0.8285517946436363
1969.3608333333652,17.88785183004268,3.57996295925618,57.49199464600546,0.021272988807961784,0.0012790202229706808,19.093135782699626,12.006544719935984,0.8315528471890583
1970.180000000032,18.76964213164486,3.5837044677920975,57.70638301200514,0.01995471219156152,0.0012758391816600296,19.11309049489119,12.014749220490717,0.8343816301640334
1970.930000000032,19.30929937652825,3.5871258235425563,57.87767937501165,0.018247230669110867,0.0012729307643183601,19.1313377255603,12.022246486460064,0.8369800529321779
1971.5995833333652,18.788150668243368,3.590177021248106,57.97910770472679,0.016273054429599153,0.0012703374564196146,19.1476107799899,12.028928439266888,0.8393068338113264
1972.1829166666985,4.9637021416897245,3.5928327245449116,58.00518315808053,0.014163750916294583,0.0012680807091545552,19.161774530906197,12.034741076282211,0.8413393373357677
1972.680000000032,0.0,3.5950940059591754,57.98643995448626,0.012060167542740502,0.0012661594873837887,19.173834698448935,12.03968807807942,0.8430753715900817
1973.0966666666986,0.0,3.596988246592319,57.970736887179704,0.010102616710101275,0.0012645503878368398,19.183937315159035,12.043830443356278,0.8445334569096767
1973.4441666666987,0.0,3.5985671993907604,57.95764599981879,0.008421081591689842,0.0012632093153401092,19.192358396750723,12.04728217340265,0.8457515326325309
1973.738750000032,0.0,3.599905095231606,57.94655259223265,0.007135444484506366,0.0012620731123325131,19.19949384123523,12.050206108667995,0.8467855604688185
1974.000000000032,0.0,3.601091096516693,57.93671780490227,0.0063253401871328436,0.0012610659774526863,19.205819181422363,12.052797451456412,0.8477036648236503
1974.250000000032,0.0,3.6022255326288604,57.92730987323208,0.006050325931555748,0.0012601026541805996,19.21186950735392,12.055275572652365,0.8485831493663338
1974.511250000032,0.0,3.6034104448985347,57.91748256153797,0.006319532104930328,0.0012590964437186449,19.218189039458853,12.057863377626852,0.8495031239810258
1974.8058333333654,0.0,3.604745777865869,57.906406747120336,0.007121775825782541,0.0012579624163397208,19.225310815284637,12.060778987132712,0.8505415530670216
1975.1533333333655,0.0,3.6063198886831924,57.893349098511486,0.008395257692391042,0.0012566254545505415,19.23370607297703,12.064214987767823,0.8517679433483644
1975.5700000000322,0.0,3.608205728751554,57.87770369946307,0.010057813697925353,0.001255023487591677,19.243763886674955,12.068330064051434,0.8532404524152408
1976.0670833333656,0.0,3.61045328747403,57.859054701355845,0.011986979853207841,0.0012531139185622798,19.255750866528164,12.0732324894144,0.8550000453062966
1976.650416666699,0.0,3.6130877529357965,57.837191609742064,0.014050482462754976,0.0012508752077070079,19.269801348990917,12.078976140366564,0.8570690035051576
1977.3200000000322,3.5207526254244077,3.61610773970797,57.85782778918007,0.01610659611825975,0.001248308408885348,19.285907945109177,12.085556715532928,0.8594493489124785
1978.0700000000322,10.282243061704165,3.61948546563069,57.97833759560286,0.018014538254505413,0.0012454370521576487,19.30392248336368,12.092912270463756,0.8621226372623957
1978.8891666666989,15.415057757649649,3.6231688536923095,58.17585105009055,0.019644736328637887,0.0012423053838488563,19.32356721969232,12.100927999785991,0.8650511355682938
1979.7612500000323,16.907784703878757,3.627083654395323,58.39234328193401,0.02087893708273696,0.001238976578811327,19.344446156775057,12.109441092795475,0.8681789334681682
1980.666666666699,16.88521226727368,3.631141149553443,58.606622827806824,0.021639974176641485,0.001235526183411985,19.366086130951697,12.118257717408788,0.8714375194266405
1981.5833333333658,16.77877188936399,3.6352420473961575,58.828221435811265,0.021871455161144714,0.001232038787051021,19.38795758611284,12.127161658106575,0.874748453916259
1982.4887500000325,17.15238450442837,3.639285872175155,59.05573923384101,0.0215670654879855,0.0012286000014039187,19.409524651600826,12.135934803305892,0.8780306656091301
1983.360833333366,17.88579749263986,3.643174659677537,59.28625943668908,0.02074020001270659,0.001225293287182904,19.430264851613533,12.14436515874604,0.881203423095984
1984.1800000000326,18.767358679057498,3.646822129798663,59.50272510598969,0.019453173979335412,0.0012221921182249745,19.44971802559287,12.152266645070917,0.884194005072753
1984.9300000000326,19.3076789617448,3.650157213276233,59.67540246039214,0.017787111880378608,0.001219356966647604,19.467505137473246,12.159486564914102,0.8869410084710703
1985.599583333366,18.787045910527684,3.6531312465312307,59.77774680567991,0.01586151069331591,0.0012168291788762046,19.483366648166562,12.165920968757163,0.8894008027760418
1986.1829166666992,4.958493580247868,3.6557196139737673,59.80447585958024,0.013804626360196373,0.0012146295959873847,19.49717127452676,12.17151798395781,0.8915494703680631
1986.6800000000326,0.0,3.6579234329778094,59.78612363694782,0.011753701354889783,0.0012127571477327228,19.50892497588165,12.176281270728593,0.893384704874815
1987.0966666666993,0.0,3.659769448199261,59.770748446085406,0.009845414514408726,0.0012111889744715724,19.51877039039606,12.180269658014494,0.8949260939369179
1987.4441666666994,0.0,3.6613081397711533,59.757931110203465,0.008206355050091374,0.001209882064482398,19.526976745446152,12.183592981465916,0.8962137513173468
1987.7387500000327,0.0,3.662611876396405,59.747069667830274,0.006953262001341461,0.0012087748430472554,19.533930007447495,12.18640807293331,0.8973068402218017
1988.0000000000327,0.0,3.6637675624172243,59.73744064530893,0.00616365877770057,0.0012077934266246427,19.540093666225197,12.18890289789304,0.8982773790057121
1988.2500000000327,0.0,3.6648729712190153,59.728229650852704,0.005895513609552696,0.0012068547285918115,19.54598917983475,12.19128867015506,0.8992070875903628
1988.5112500000328,0.0,3.6660275332004604,59.718608162716954,0.006157663901043201,0.0012058742663769377,19.55214684373579,12.193779988468743,0.9001795935113897
1988.805833333366,0.0,3.667328624531832,59.70776445175451,0.0069391537673115485,0.0012047692906813879,19.559085997503104,12.196586827530583,0.9012773116446857
1989.1533333333662,0.0,3.6688623184222715,59.694980615745834,0.008179700749011675,0.0012034666238701255,19.567265698252115,12.199894560169176,0.9025737142657527
1989.570000000033,0.0,3.6706996629838518,59.679663546032444,0.009799170995099199,0.0012019058130507661,19.577064869247213,12.203855898952428,0.9041302742007933
1990.0670833333663,0.0,3.6728893181589797,59.66140626841691,0.011678160934014335,0.0012000453930601702,19.588743030181227,12.208575002201329,0.9059902876334157
1990.6504166666996,0.0,3.67545576517824,59.640002903124994,0.01368771743605455,0.0011978644278325965,19.60243074761728,12.214103639530128,0.908177298160478
1991.320000000033,3.517584614908597,3.67839758458715,59.661343394701646,0.01568970351418809,0.0011953640034520186,19.618120451131468,12.220437559675325,0.9106934314706088
1992.070000000033,10.269737322225597,3.681687636561214,59.78310731905762,0.017546943861675095,0.0011925671068836147,19.635667394993142,12.227517018307502,0.9135191782034436
1992.8891666666996,15.404828866325877,3.685275119367753,59.982555069266844,0.01913324163487743,0.0011895169021907054,19.654800636628018,12.235231398505517,0.9166146403027174
1993.761250000033,16.903987386304713,3.6890876493856797,60.20133401937131,0.02033349342894375,0.0011862749782895914,19.67513413005696,12.243423904350339,0.9199207078420693
1994.6666666666997,16.883561474662276,3.693038776299074,60.41800560999776,0.021072676871436376,0.0011829149522725798,19.696206806928398,12.251907925286037,0.9233649552157144
1995.5833333333665,16.77740544981777,3.6970317856642523,60.642142191498074,0.021296049947613926,0.0011795192199207578,19.717502856876013,12.260475363170212,0.9268644683860764
1996.4887500000332,17.150940757668412,3.7009688470681983,60.87221278878706,0.020997660821045896,0.0011761711409940053,19.73850051769706,12.268916353912065,0.930333557803518
1997.3608333333666,17.883872299395403,3.704754611944363,61.105163229364955,0.020190746006211693,0.001172951949800686,19.75869126370327,12.277026976930033,0.9336868995510784
1998.1800000000333,18.76522788278239,3.708305138447594,61.323623831606255,0.018936141350569133,0.001169933130699557,19.77762740505384,12.284628294164802,0.9368476415161741
1998.9300000000333,19.306179583802102,3.7115513150391832,61.497633173098336,0.017312941821807853,0.0011671734913551073,19.794940346875645,12.291573518426961,0.9397508982803909
1999.5995833333666,18.785999297307807,3.7144458520449652,61.600872546112264,0.015437530697503688,0.0011647132116770517,19.81037787757315,12.297762776433053,0.9423505706369295
2000.1829166666998,4.953546834057,3.71696486775343,61.62824563753296,0.01343475044514248,0.0011625725115104561,19.823812628018292,12.303146291629224,0.9446213940928231
2000.6800000000333,0.0,3.7191095179144034,61.6102865536424,0.011438134191859402,0.0011607502910996807,19.83525076221015,12.307727692179823,0.9465609432409272
2001.0966666667,0.0,3.7209058853995525,61.595240984224134,0.009580626587461097,0.0011592242561265494,19.844831388797612,12.311563649093324,0.9481899291582377
2001.4441666667,0.0,3.722403135132965,61.58269861075338,0.007985331911535744,0.001157952514540836,19.852816720709146,12.31475986687684,0.9495507529339456
2001.7387500000334,0.0,3.723671715716644,61.572070298049226,0.0067657631129539285,0.0011568751238993315,19.859582483822102,12.317467224617983,0.9507059447840084
2002.0000000000334,0.0,3.724796205539991,61.56264804873671,0.005997279057852929,0.001155920176377106,19.865579762879953,12.31986652173897,0.9517316179176841
2002.2500000000334,0.0,3.7258717467945117,61.553634935058106,0.005736220024108768,0.0011550068193483575,19.87131598290406,12.32216089724308,0.9527141360680634
2002.5112500000334,0.0,3.7269950833676213,61.54422023409436,0.005991128389920495,0.0011540528508866405,19.87730711129398,12.324556728896685,0.9537418769882771
2002.8058333333668,0.0,3.7282609499171295,61.533609685647384,0.006751288264045203,0.0011529777644761255,19.884058399558025,12.327255931144673,0.9549019349232136
2003.1533333333668,0.0,3.729753072112995,61.52110087405976,0.007957985044614885,0.0011517103765843896,19.89201638460264,12.330436741219755,0.9562719513911413
2003.5700000000336,0.0,3.7315405436783826,61.50611353326097,0.009533181682065748,0.0011501918958134235,19.901549566284707,12.334245967330288,0.9579168843973324
2004.067083333367,0.0,3.7336706621070026,61.488249569713545,0.01136063161930845,0.001148382016955361,19.912910197904015,12.33878370338286,0.9598824802728682
2004.6504166667003,0.0,3.7361671881313923,61.46730769541245,0.013314805463411376,0.001146260419374665,19.926225003367428,12.344099644050985,0.9621936084424275
2005.3200000000336,3.514609557120852,3.7390286749031705,61.48934320261974,0.015261262782813553,0.0011438282158259241,19.941486266150243,12.350189599059762,0.9648525022993341
2006.0700000000336,10.258133251922786,3.742228651070598,61.61232189008903,0.01706653955961284,0.0011411078279611492,19.958552805709857,12.356996012747341,0.9678385311160262
2006.8891666667002,15.39526761527882,3.745717633437067,61.813628235207936,0.018607905954499557,0.0011381413007140516,19.977160711664357,12.364412422827128,0.9711095190558682
2007.7612500000337,16.900430563761724,3.7494251620965224,62.03460328424256,0.019773486183763428,0.001134988587699389,19.99693419784812,12.37228799169241,0.9746029910965633
2008.6666666667004,16.882014944267354,3.753267120617469,62.253573672219034,0.020490445445048945,0.0011317213203419004,20.017424643293168,12.380443256181668,0.9782424058716754
2009.5833333333671,16.77612533048383,3.75714944259071,62.48014861177953,0.02070571719061815,0.0011284196403659802,20.038130360483787,12.388678145778607,0.9819401450874351
2010.4887500000339,17.14958827516222,3.7609770114545906,62.712670554655276,0.020413700607362143,0.0011251645970342848,20.05854406109115,12.396790946614233,0.9856056646311266
2011.3608333333673,17.882068943097504,3.7646571581055803,62.94795299262924,0.019627448805278044,0.00112203514368678,20.07817150989643,12.404585710651567,0.9891488138284967
2012.180000000034,18.763240165501443,3.7681083323160647,63.16832689605862,0.018406262455920062,0.0011191007295950827,20.096577772352347,12.41189054608597,0.9924883997963097
2012.930000000034,19.3047918220641,3.7712634215997123,63.34361911188759,0.01682714284612196,0.0011164184626679223,20.11340491519847,12.418564492152758,0.9955558784423283
2013.5995833333673,18.78500801365273,3.774076535722003,63.44773081633071,0.015003275318881565,0.0011140273345192305,20.12840819051735,12.424511688698331,0.9983025575702915
2014.1829166667005,4.94885171514661,3.7765245365443842,63.47573638185774,0.013056004386033907,0.001111946935534314,20.141464194903385,12.429684416625875,1.0007017587885343
2014.680000000034,0.0,3.778608611825992,63.458170294595575,0.011115068168572847,0.0011101761419466875,20.152579263071956,12.434086261438537,1.0027509330694666
2015.0966666667007,0.0,3.7803541609248503,63.44345416576945,0.009309595193911627,0.0011086932433671047,20.16188885826587,12.437771754790262,1.004471973349951
2015.4441666667008,0.0,3.781808998016888,63.43118656085898,0.0077591311575392315,0.0011074574977914487,20.169647989423407,12.44084251651665,1.0059096853764864
2015.738750000034,0.0,3.7830416035274137,63.42079118287205,0.006573896056133286,0.0011064106360973997,20.17622188547954,12.443443545529556,1.0071301382943787
2016.000000000034,0.0,3.7841341738413385,63.411575510387955,0.005827041674268395,0.0011054827740013364,20.182048927153808,12.44574856584172,1.0082137487920415
2016.250000000034,0.0,3.7851791580902656,63.402760068910474,0.005573249327606275,0.001104595345640607,20.187622176481415,12.44795274609991,1.0092517606837315
2016.5112500000341,0.0,3.7862705516327844,63.39355191560074,0.005820765560103681,0.001103668482625052,20.193442942041518,12.450254351153733,1.01033754337954
2016.8058333333674,0.0,3.78750038775852,63.383174233201224,0.006559126003925587,0.00110262397227942,20.200002068045443,12.452847342837108,1.0115631080917464
2017.1533333333675,0.0,3.7889499927524946,63.37094006040185,0.007731226634529201,0.0011013926694234625,20.207733294679972,12.455902920106594,1.0130104769871067
2017.5700000000343,0.0,3.7906864645550145,63.35628193496091,0.009261182946774086,0.0010999174795180713,20.216994477626745,12.459562070002272,1.0147482695855867
2018.0670833333677,0.0,3.792755711879619,63.33881059993505,0.01103598573122187,0.0010981592798528213,20.228030463357968,12.46392088310068,1.0168248057818232
2018.650416666701,0.0,3.795180764678261,63.318329311194056,0.012933614926090272,0.0010960983740870031,20.24096407828406,12.469027015882542,1.0192663468148666
2019.3200000000343,3.511814554141725,3.7979601551674325,63.341048136020085,0.014823415942250534,0.001093735896222014,20.255787494226308,12.4748763488029,1.0220752376687798
2020.0700000000343,10.247364684027113,3.801068102919054,63.46520118267632,0.01657572134198199,0.0010910936835020093,20.27236321556829,12.48141349648341,1.0252296676471264
2020.889166666701,15.386333320228003,3.8044564796061304,63.66829081750065,0.018071342331073492,0.0010882126307481309,20.290434557899363,12.488536105312637,1.028685065963857
2021.7612500000344,16.897100297193678,3.8080567969959795,63.89137188655935,0.01920169274586189,0.001085151015318709,20.309636250645227,12.496099222780455,1.0323754205506104
2022.666666666701,16.880566667196387,3.8117873267432745,64.11254812460396,0.019896158652238538,0.001081978436641597,20.329532409297464,12.503930439440117,1.0362198648708427
2023.5833333333678,16.774926551197755,3.8155567079567847,64.34146218751044,0.020103366472053928,0.0010787727332189304,20.349635775769517,12.511837601245453,1.0401258379393248
2024.4887500000345,17.148321780304677,3.8192725930588933,64.57633456443108,0.019818053877916002,0.0010756125966443317,20.369453829647433,12.519627026069122,1.043997695899318
2025.360833333368,17.88038035696408,3.8228450431788796,64.81385150559358,0.019053067306595048,0.0010725746558465905,20.388506896954027,12.52711061704833,1.0477402184064952
2026.1800000000346,18.761386370734566,3.8261949415779366,65.03605785531708,0.017866124794965733,0.0010697262891890312,20.406373021748994,12.534123416191907,1.051267654173437
2026.9300000000346,19.303506938692422,3.829257206695095,65.21258369114963,0.01633208062484458,0.0010671228775728017,20.42270510237384,12.54053019146594,1.0545076177541954
2027.599583333368,18.78406937845602,3.831987366802103,65.31754338342625,0.014560853904044737,0.0010648022080352883,20.437265956277884,12.546239023606375,1.0574086952742767
2028.1829166667012,4.944398044649388,3.834363033763693,65.34616793864755,0.01267022379514284,0.0010627832360396653,20.449936180073028,12.551204208200286,1.0599427251513494
2028.6800000000346,0.0,3.8363854211423396,65.32899249726344,0.010786066019447387,0.0010610648191528536,20.460722246092477,12.555429278545855,1.062107030170449
2029.0966666667014,0.0,3.8380792266211987,65.3146037792155,0.009033629220583034,0.0010596258464698036,20.46975587531306,12.558966651689122,1.0639247458545338
2029.4441666667014,0.0,3.8394908848105223,65.30260920863347,0.007528843676395104,0.0010584267506770129,20.477284718989452,12.561913920087434,1.0654432043618527
2029.7387500000348,0.0,3.840686869511288,65.29244526579444,0.00637858507075285,0.0010574109688224547,20.483663304060205,12.564410290150263,1.0667321920673019
2030.0000000000348,0.0,3.8417469506088153,65.28343481771694,0.005653765853477824,0.0010565106781577447,20.48931706991368,12.566622518992016,1.067876645449564
2030.2500000000348,0.0,3.8427608353064064,65.27481573449201,0.005407385053822923,0.0010556496412978207,20.494724454967503,12.568737929276121,1.0689729333365592
2030.5112500000348,0.0,3.843819721630542,65.26581273519048,0.005647393728723981,0.0010547503650452544,20.500371848696226,12.570946801128834,1.0701196670566495
2030.8058333333681,0.0,3.845012894584295,65.25566632225632,0.0063635890866809005,0.00105373697062242,20.506735437782908,12.57343527099399,1.0714140210389766
2031.1533333333682,0.0,3.8464192406525077,65.24370487073939,0.007500512363800578,0.00105254238572682,20.51423595014671,12.576367614021034,1.0729426171650487
2031.570000000035,0.0,3.8481038300265342,65.22937361289782,0.008984476661472873,0.0010511112400157748,20.523220426808184,12.579879093220033,1.074777919146172
2032.0670833333684,0.0,3.8501111627539335,65.21229203632002,0.010705774546133529,0.001049405610322153,20.533926201354316,12.584061866173247,1.0769709482246133
2032.6504166667016,0.0,3.8524635309485644,65.19226786920969,0.012545963704697186,0.0010474064307044672,20.54647216505901,12.58896159212934,1.0795494256741585
2033.320000000035,3.5091877520726755,3.85515945212671,65.21565601400279,0.01437824628344287,0.0010451148511610412,20.560850411342454,12.59457423089693,1.0825158118969467
2034.070000000035,10.237369803752992,3.858173855588342,65.34094202104062,0.016076818462036988,0.0010425521085235634,20.57692722980449,12.600846542680234,1.0858470552821016
2034.8891666667016,15.377987003722753,3.8614599974181596,65.54574008453673,0.01752608975903145,0.001039757922291209,20.59445331956352,12.60768022560712,1.0894960684680886
2035.761250000035,16.893983161551557,3.864951399361464,65.77083773505436,0.018620810364286935,0.0010367888608297786,20.613074129927806,12.614936123976484,1.0933931239931833
2036.6666666667018,16.87921085235326,3.868568763850006,65.99412731242762,0.01929261060555914,0.0010337124550488968,20.632366740533367,12.622448770834282,1.0974528130634134
2037.5833333333685,16.773804313345767,3.872223480138521,66.22528180456858,0.019491820205413516,0.0010306042020219255,20.65185856073878,12.630033798293256,1.1015773849403532
2038.4887500000352,17.147136190730883,3.8758260117854935,66.46240440021201,0.019213502117185515,0.001027540399569373,20.671072062855966,12.637505418560629,1.1056658420821124
2039.3608333333686,17.87879973791274,3.879289188297467,66.70205921730036,0.018470274730523543,0.0010245953195297064,20.68954233758649,12.644683246572614,1.1096176429917908
2040.1800000000353,18.75965777986469,3.882536357207484,66.92601797457789,0.017318234186755554,0.0010218342429860246,20.706860571773248,12.651409130280774,1.1133422527706582
2040.9300000000353,19.302316849066603,3.885504490650316,67.10372801970416,0.015830045028440196,0.0010193108043311386,20.72269061680169,12.657553456372394,1.1167632556780944
2041.5995833333686,18.78318083268709,3.8881505482704886,67.20950978708245,0.014112307307585406,0.0010170615750170254,20.736802924109274,12.663028166214739,1.119826383161765
2042.1829166667019,4.94017571345266,3.8904528952682123,67.23873802005664,0.012279183987855663,0.0010151048727474478,20.74908210809713,12.667789523733573,1.1225019189485668
2042.6800000000353,0.0,3.8924127650127294,67.22194876945302,0.010452638637429179,0.0010134395415737785,20.75953474673456,12.671841001530398,1.1247870531179367
2043.096666666702,0.0,3.8940541388454153,67.20788367116876,0.008753993774322283,0.0010120450826422423,20.768288740508883,12.675232932352401,1.1267062268058743
2043.4441666667021,0.0,3.8954220495237424,67.19615893373417,0.0072955236177442125,0.0010108831224066308,20.77558426412663,12.678058948249113,1.1283094247260033
2043.7387500000355,0.0,3.8965809351035503,67.18622368427472,0.006180723092307642,0.0010098988289935185,20.781764987218935,12.680452564243085,1.1296703350991724
2044.0000000000355,0.0,3.897608105654414,67.1774160076239,0.0054782429379416075,0.001009026469673033,20.787243230156875,12.682573694951467,1.1308786381036793
2044.2500000000355,0.0,3.8985904901445334,67.16899091653481,0.005239383947306879,0.0010081921665699082,20.79248261410418,12.68460195912546,1.132036081071458
2044.5112500000355,0.0,3.8996164532274986,67.16019057917767,0.005471803109146454,0.0010073208324842813,20.797954417213326,12.686719798224816,1.1332467762201055
2044.8058333333688,0.0,3.900772497188245,67.15027260196409,0.0061655677906503675,0.0010063389519744006,20.804119985003975,12.68910566788662,1.134613315981234
2045.153333333369,0.0,3.9021350393186394,67.13858049678944,0.0072668913621043805,0.0010051815507631811,20.81138687636608,12.69191704911025,1.1362271485701534
2045.5700000000356,0.0,3.903767099173145,67.12457201409484,0.008704319224030276,0.0010037950023117524,20.82009119559011,12.69528359034093,1.1381647708100484
2046.067083333369,0.0,3.905711754435278,67.1078752485071,0.01037149473137302,0.0010021425947650835,20.830462690321482,12.699293594642866,1.1404800373644832
2046.6504166667023,0.0,3.907990555391582,67.08830230682969,0.012153605100286171,0.0010002058960587126,20.84261629542177,12.703990768645335,1.1432021999391422
2047.3200000000356,3.5067182355164235,3.910602010825169,67.1123435918664,0.013927762312465366,0.0009979860671500366,20.856544057734236,12.709371159045627,1.1463338380912553
2048.0700000000356,10.228091009283945,3.9135217749957567,67.23872023371769,0.01557207557646663,0.0009955037314817927,20.872116133310705,12.715383641228431,1.1498505960032341
2048.8891666667023,15.370191473899839,3.91670451134024,67.4451523614304,0.016974593837243097,0.000992797413634687,20.88909072714795,12.721933898304798,1.153702743683397
2049.7612500000355,16.891066280933366,3.9200857805379665,67.6721778916124,0.01803343572120687,0.0009899219482057983,20.907124162869156,12.728888469672992,1.1578166535952747
2050.666666666702,16.877941941955473,3.9235887473702697,67.89748886471929,0.01868248977228678,0.0009869427705398938,20.92580665264144,12.736088704079355,1.1621021500158863
2051.5833333333685,16.77275401253032,3.927127583477719,68.13078578313365,0.018873792573062858,0.000983933008636862,20.944680445214505,12.743357872536796,1.1664560368891341
2052.488750000035,17.14602663140617,3.9306155932259403,68.37005922259712,0.018602718657177178,0.0009809665410829794,20.963283163871683,12.750517927487063,1.1707717004302354
2053.360833333368,17.8773205634894,3.9339684005308397,68.61175626870751,0.017881638959463726,0.0009781152602746956,20.981164802831145,12.757396040462917,1.1749430180959195
2054.180000000035,18.758046121277538,3.9371118373683442,68.83738825255284,0.016764996466690794,0.0009754423326873367,20.997929799297836,12.763840723975115,1.1788744387527454
2054.930000000035,19.30121408858113,3.9399849436512318,69.01623294266166,0.01532323350873573,0.0009729996341034936,21.01325303280657,12.769727862684428,1.1824853213096056
2055.599583333368,18.782339930133595,3.9425461173704344,69.12280939633148,0.013659593169081819,0.0009708225143919692,21.02691262597565,12.774973171391958,1.1857184053435845
2056.1829166667017,4.936174734241951,3.9447744774784224,69.15262427325942,0.011884587242600112,0.0009689286531301351,21.038797213218253,12.779534832988809,1.1885423462625835
2056.680000000035,0.0,3.946671271406104,69.13621476931249,0.010116234280966993,0.000967316885776416,21.04891344749922,12.78341625191254,1.1909541970048163
2057.0966666667014,0.0,3.9482597528773256,69.12246783553233,0.008471901179848303,0.000965967335195233,21.05738534867907,12.78666571188692,1.1929797696307411
2057.444166666701,0.0,3.9495835367990817,69.11100834417809,0.007060180916036177,0.0009648428353214925,21.064445529595105,12.78937296007922,1.1946718318766503
2057.7387500000345,0.0,3.950705005318377,69.10129787299242,0.005981165436243316,0.0009638903026415475,21.070426695031347,12.791665933075826,1.1961081646294731
2058.0000000000346,0.0,3.9516989860938176,69.09268947540714,0.005301230802347387,0.000963046113805347,21.075727925833696,12.793697841359291,1.1973834231289295
2058.2500000000346,0.0,3.952649605587993,69.08445501680332,0.005069970635601311,0.0009622387712429644,21.0807978964693,12.795640757369041,1.198604995087392
2058.5112500000346,0.0,3.9536423712617244,69.07585381227413,0.005294750259898047,0.0009613956141647028,21.0860926467292,12.797669445613993,1.1998827611117417
2058.805833333368,0.0,3.9547609801993318,69.0661602691788,0.005965914333902641,0.0009604455097402591,21.0920585610631,12.79995484071201,1.2013249947751619
2059.1533333333678,0.0,3.956079361645383,69.05473275987282,0.007031367712275556,0.0009593255978984796,21.099089928775378,12.80264777245077,1.2030282046301002
2059.5700000000343,0.0,3.95765847029678,69.04104131358824,0.008421912807448211,0.0009579840081305759,21.107511841582827,12.805872394930415,1.2050731156275898
2060.0670833333675,0.0,3.959539953664891,69.02472245184336,0.010034577963258507,0.0009563852466387174,21.117546419546084,12.809713242239146,1.2075165521004805
2060.650416666701,0.0,3.961744619114337,69.00559254565597,0.011758215730381001,0.0009545115162348952,21.129304635276466,12.814212116114422,1.2103893686822105
2061.3200000000343,3.5043959334882575,3.9642709723572414,69.03026874015598,0.013473883962157701,0.0009523639840419609,21.14277851923862,12.819365156627256,1.213694267696371
2062.0700000000343,10.219474743614008,3.967095404376136,69.15769284519551,0.015063637434106034,0.0009499626500776804,21.15784215667273,12.825123318849144,1.217405523490734
2062.889166666701,15.362911369983474,3.9701740025396974,69.36568522605208,0.016419190205658674,0.0009473448298167534,21.17426134687839,12.831396195432074,1.221470633019502
2063.761250000034,16.888337352342496,3.9734443864424573,69.59455076493768,0.01744204748138432,0.0009445636069540336,21.191703394359774,12.83805590735331,1.2258118777662879
2064.6666666667006,16.876754622184503,3.976832204140373,69.8217918831544,0.01806836105554774,0.0009416823032971739,21.20977175541532,12.84495047861775,1.2303340829758889
2065.583333333367,16.7717712472222,3.9802544300635128,70.05713405854371,0.01825187159008108,0.0009387716602202974,21.228023627005403,12.851910657076576,1.2349283433997966
2066.4887500000336,17.14498844349383,3.98362722715666,70.29845994307705,0.017988251163450954,0.0009359031217621024,21.246011878168854,12.858765966777677,1.2394821580517288
2067.360833333367,17.875936603193438,3.986869028254996,70.54210465905525,0.017289605857789853,0.0009331461883506413,21.263301484026645,12.865350966925254,1.2438835552683203
2068.1800000000335,18.75654357279616,3.989908159877551,70.76933159100052,0.01620870198696304,0.0009305619031099781,21.279510186013606,12.871520681540657,1.2480317278658113
2068.9300000000335,19.3001917771816,3.9926857355745295,70.94926122741853,0.014813737050553472,0.0009282003781139728,21.29432392306416,12.877156363288458,1.2518416084354447
2069.599583333367,18.781544330079427,3.9951615931030937,71.05660360832665,0.013204573485672553,0.0009260957403736744,21.307528496549832,12.882177407298887,1.2552528034572097
2070.1829166667003,4.932385285569478,3.997315602864726,71.08698648954682,0.011488052062043442,0.0009242650332778146,21.319016548611874,12.886543863541768,1.2582322643676054
2070.6800000000335,0.0,3.999149020893604,71.0709484235086,0.009778229487347585,0.0009227070883567013,21.328794778099223,12.890259061811626,1.2607769026486204
2071.0966666667,0.0,4.000684365282716,71.05751263924448,0.00818850340859792,0.0009214026570697017,21.33698328150782,12.893369276467096,1.2629139688486648
2071.4441666667,0.0,4.001963823096697,71.04631250835085,0.006823775007903256,0.00092031578942511,21.343807056515722,12.895960452784662,1.2646991484168306
2071.738750000033,0.0,4.003047708939452,71.03682180114745,0.005780724494693172,0.0009193951602865056,21.349587781010413,12.89815507214569,1.2662145117644974
2072.000000000033,0.0,4.004008355658444,71.0284082167346,0.005123449167956207,0.0009185792663695139,21.35471123017837,12.900099791359134,1.267559927795955
2072.250000000033,0.0,4.004927074376127,71.02036010051954,0.004899833160976922,0.0009177990014779507,21.359611063339347,12.901959307589028,1.2688486946201405
2072.511250000033,0.0,4.005886503144603,71.0119535286504,0.005116953431868036,0.0009169841417762426,21.364728016771217,12.903900883641322,1.2701967370051306
2072.8058333333665,0.0,4.006967522703658,71.00247932472288,0.005765437648289231,0.0009160659466766549,21.370493454419506,12.906088106025907,1.2717182808997611
2073.1533333333664,0.0,4.008241565387484,70.99131037328785,0.006794894313746907,0.0009149836779920574,21.377288348733252,12.908665307702252,1.2735151363447186
2073.570000000033,0.0,4.009767515020378,70.97792868408051,0.008138398042101699,0.0009136872264812522,21.385426746775355,12.911751277887793,1.2756724573244071
2074.067083333366,0.0,4.011585586693063,70.96197898565894,0.009696382254317348,0.0009121423184062175,21.395123129029674,12.915426873272613,1.2782501781068323
2074.6504166666996,0.0,4.013715846461308,70.9432817798267,0.011361385430634478,0.000910331790136038,21.40648451446031,12.91973204103486,1.2812808307462038
2075.320000000033,3.502211535871182,4.016156802293638,70.96857274418763,0.013018431105764202,0.0009082568104359323,21.419502945566073,12.924663020100413,1.2847672437785538
2076.070000000033,10.211471305687054,4.018885590320422,71.09700038659781,0.014553536142844117,0.0009059367486929638,21.434056481708918,12.930172805239158,1.2886822537802969
2076.8891666666996,15.356113179456854,4.021859732344953,71.30647982434203,0.01586209079749715,0.0009034077022562574,21.449918572506416,12.936174815616969,1.2929704499523245
2077.7612500000328,16.88578465954571,4.02501891831467,71.53709842433032,0.016848991838488273,0.0009007209940609872,21.466767564344906,12.942546630017597,1.2975498258327323
2078.6666666666993,16.875643829584575,4.028291290374556,71.76617925186682,0.017452650986059633,0.000897937823023258,21.484220215330964,12.94914279546593,1.302319968318071
2079.5833333333658,16.77085182390901,4.031596634933883,72.00347048415507,0.017628504316412677,0.0008951265359019913,21.501848719647377,12.95580136184993,1.3071659910518791
2080.4887500000323,17.144017189541994,4.034853980039458,72.24675151962394,0.01737250722973199,0.0008923561364695509,21.51922122687711,12.962359243745071,1.311969226783314
2081.3608333333655,17.874641924927978,4.037984571086603,72.49225053655353,0.016696485584774136,0.0008896937299285894,21.535917712461885,12.968658207395219,1.3166115787880552
2082.180000000032,18.7551427585206,4.040919229760459,72.72099508909908,0.015651512927233786,0.0008871982353873604,21.55156922538912,12.974559625384094,1.3209867371226245
2082.930000000032,19.299243582761072,4.043601141390821,72.90195987314644,0.0143035286952591,0.0008849180026859255,21.565872754084378,12.979949980633094,1.3250050014493142
2083.5995833333654,18.78079179145992,4.0459915797308,73.01003816854099,0.012749004479888516,0.0008828859391172555,21.578621758564267,12.984752250568764,1.3286027000963108
2084.182916666699,4.928797748612938,4.048071161812022,73.04096893301536,0.011091104433180171,0.0008811184559507647,21.589712862997448,12.988928298323268,1.3317450029824578
2084.680000000032,0.0,4.049841147128677,73.02529226313696,0.009439921688830932,0.0008796143851722249,21.59915278468628,12.99248137351378,1.3344286759815154
2085.0966666666986,0.0,4.0513233132413955,73.01215916419362,0.007904885934501914,0.0008783551110511835,21.60705767062078,12.995455784609332,1.336682477894805
2085.4441666666985,0.0,4.052558415067515,73.00121130189612,0.00658720973930149,0.0008773059034115054,21.61364488036008,12.997933764405492,1.3385651506568381
2085.738750000032,0.0,4.0536046960878105,72.99193432354264,0.005580165441574682,0.0008764171986516911,21.619225045801656,13.000032471099079,1.3401632568751602
2086.000000000032,0.0,4.0545319915523725,72.98371018242621,0.004945575810997612,0.0008756296160570678,21.624170621612652,13.001892168600556,1.3415821246791169
2086.250000000032,0.0,4.055418795183775,72.9758432546698,0.004729619367486164,0.0008748764427078769,21.628900240980137,13.003670361268066,1.342941240400533
2086.511250000032,0.0,4.056344874335469,72.96762591390817,0.004939088809031973,0.0008740898929735124,21.63383932978917,13.005526996951355,1.3443628566698314
2086.805833333365,0.0,4.057388292928085,72.95836493947168,0.00556489916062093,0.0008732036190637635,21.63940422894979,13.007618498099484,1.3459674307975735
2087.153333333365,0.0,4.058617986915602,72.94744731321654,0.006558367933418457,0.0008721590043592114,21.64596259688321,13.01008286491943,1.347862322299337
2087.5700000000315,0.0,4.060090770938262,72.93436667258652,0.007854848120855708,0.0008709076995618635,21.653817445004066,13.013033659009665,1.3501373207182623
2088.0670833333647,0.0,4.061845430621391,72.91877569670164,0.009358184976687455,0.0008694166485566034,21.663175629980753,13.016548156296956,1.3528556143391526
2088.650416666698,0.0,4.063901294836104,72.90049886733553,0.010964609145136086,0.0008676693177993678,21.67414023912589,13.020664501857306,1.3560514889997821
2089.3200000000315,3.5001564194552848,4.066256878776877,72.92638270444218,0.01256311435078753,0.0008656668734657309,21.686703353476677,13.025379038000855,1.3597279026858555
2090.0700000000315,10.204034648006866,4.06889006896202,73.05576930574247,0.014043680987430043,0.0008634280498072196,21.700747034464108,13.03064675529123,1.363856184001669
2090.889166666698,15.349765231525161,4.07175982637584,73.2666632849834,0.015305372873705557,0.0008609877219239862,21.716052407337813,13.036384809855795,1.368377875553471
2091.7612500000314,16.883397078453925,4.07480791469188,73.49894901340883,0.01625647101888334,0.0008583954490030357,21.732308878356697,13.042476105753986,1.3732064801304558
2092.666666666698,16.874604753805272,4.07796497143801,73.72978004782402,0.016837635979358473,0.0008557103058302454,21.749146514336054,13.048781550766856,1.3782361000447116
2093.5833333333644,16.769991759233186,4.081153593656872,73.96892523566024,0.017005985167264318,0.0008529982455451838,21.766152499503317,13.055146311246483,1.3833455882305739
2094.488750000031,17.143108655512357,4.084295670474503,74.21406535473746,0.01675774302736759,0.0008503258349306824,21.782910242530683,13.061414500745284,1.3884098243911482
2095.360833333364,17.87343089727553,4.0873152533203925,74.46132659242303,0.016104441844743144,0.0008477577893784477,21.799014684375425,13.067434902123066,1.3933043033362358
2096.1800000000308,18.753836741096283,4.090145650825325,74.69151244141959,0.015095453359643062,0.0008453509108559061,21.814110137735067,13.073075065350942,1.3979169591401925
2096.9300000000308,19.298363684317398,4.09273211105946,74.87346252238707,0.01379445458205151,0.0008431517945618888,21.827904592317118,13.078226559448128,1.4021532466185394
2097.599583333364,18.780080168123366,4.095037335192957,74.98224559109804,0.012294528711987312,0.0008411921353011442,21.840199121029105,13.082815842098018,1.4059460673212925
2098.1829166666976,4.925402737300172,4.097042679763007,75.01370276764294,0.01069517104026466,0.0008394877182467769,21.85089429206937,13.086806534099484,1.4092587303688493
2098.6800000000308,0.0,4.098749402917572,74.99837585628175,0.009102523491012713,0.0008380373799245618,21.859996815560383,13.090201800253846,1.412087852084667
2099.0966666666973,0.0,4.100178539726647,74.98553564432997,0.007622062981740047,0.0008368231391120252,21.86761887854212,13.09304402989016,1.4144637714183927
2099.444166666697,0.0,4.101369413995263,74.97483184859249,0.006351329432615714,0.0008358114846362049,21.873970207974736,13.095411838152646,1.4164484294607622
2099.7387500000304,0.0,4.102378202042822,74.9657616246301,0.005380202920316588,0.0008349546111642456,21.879350410895054,13.097417199445669,1.418133089209788
2100.0000000000305,0.0,4.103272247725686,74.95772072529445,0.004768243641941612,0.0008341952554036578,21.884118654536994,13.09919415417625,1.4196287901729128
2100.2500000000305,0.0,4.104127235373347,74.95002903750382,0.004559934120854726,0.0008334690910496165,21.88867858865785,13.100893205899151,1.4210614921197828
2100.5112500000305,0.0,4.105020070551888,74.94199469734176,0.004761787618880927,0.0008327107632497471,21.893440376276732,13.102667183825739,1.4225600667363865
2100.805833333364,0.0,4.106026009843209,74.93293990970984,0.005365009553717812,0.0008318563090968368,21.89880538583045,13.104665539643719,1.4242514889966065
2101.1533333333637,0.0,4.107211502107825,74.92226527770568,0.006322625411282549,0.0008308492257694763,21.905128011241732,13.107020112916011,1.426248922317195
2101.57000000003,0.0,4.108631301661661,74.90947566372218,0.007572264287125519,0.0008296429164794025,21.91270027552886,13.109839381324587,1.4286470036050076
2102.0670833333634,0.0,4.110322772449097,74.89423140751039,0.009021177532988147,0.0008282055361770262,21.92172145306185,13.113197140801802,1.431512322806592
2102.650416666697,0.0,4.112304512589109,74.87636080429748,0.010569280746729439,0.0008265211759573124,21.93229073380858,13.11712978845448,1.434880997620096
2103.32000000003,3.4982225825864046,4.11457504909732,74.9028140178863,0.012109528043796,0.0008245909954802318,21.944400261852376,13.121633773611368,1.4387561184612532
2104.07000000003,10.197122166697412,4.117113021106972,75.03311445662905,0.013535850718142308,0.0008224330919126072,21.95793611257052,13.12666603536452,1.4431074335622844
2104.889166666697,15.34383767111649,4.119878828122471,75.24535121330244,0.014750970749330662,0.0008200811185820001,21.972687083319848,13.132147371735392,1.4478732961278604
2105.76125000003,16.881164075364303,4.122816303368101,75.4792192434527,0.0156665346433578,0.0008175828743689882,21.988353617963206,13.137965872189739,1.4529625098455488
2106.6666666666965,16.873632837251446,4.125858572159018,75.71171203128516,0.016225433551558848,0.0008149953162691411,22.004579051514764,13.143988634655237,1.4582634396609233
2107.583333333363,16.769187279585722,4.128931031010848,75.9526172962304,0.016386447209756294,0.0008123820131698672,22.02096549872452,13.150067747466464,1.46364839096196
2108.4887500000295,17.142258850143254,4.131958416303733,76.19952177514739,0.016146054895390508,0.0008098071065036749,22.037111553619912,13.15605432299762,1.468985496390729
2109.3608333333627,17.87229818825826,4.134867569546433,76.44845453730684,0.01551548396106582,0.0008073329353087597,22.05262703758098,13.161803962312712,1.474143551924762
2110.1800000000294,18.752619010337316,4.13759426991368,76.6800064183077,0.014542401958646853,0.0008050141982624135,22.067169439539626,13.167190214940995,1.4790044763920807
2110.9300000000294,19.297546735577225,4.140085812551973,76.86289195349251,0.013288227404231842,0.0008028957491589108,22.080457666943857,13.172109586708553,1.4834686629520573
2111.5995833333627,18.779407404902944,4.142306313053792,76.97234765810754,0.011842669343036245,0.0008010080813010568,22.092300336286893,13.176491910370004,1.487465434490882
2112.182916666696,4.922191122468237,4.144237858243925,77.0043085617442,0.010301574347378084,0.0007993663615624447,22.10260191063427,13.180302507732652,1.49095615850608
2112.6800000000294,0.0,4.145881700470436,76.98931831636509,0.008767158541387734,0.0007979694347819615,22.11136906917566,13.183544454986134,1.4939372980903114
2113.096666666696,0.0,4.147258133114807,76.97675997723843,0.007340974103311523,0.0007967999535817295,22.11871004327897,13.18625827182611,1.4964408462736878
2113.4441666666958,0.0,4.148405054876463,76.96629103458639,0.006116916062170314,0.0007958256207386367,22.12482695934114,13.188519055050381,1.498532089639289
2113.738750000029,0.0,4.1493765858771114,76.95741973497933,0.005181498670121774,0.0007950003799574337,22.13000845801126,13.190433740697534,1.5003072049290838
2114.000000000029,0.0,4.150237593117657,76.94955511857886,0.004592038616246782,0.0007942690731256671,22.134600496627506,13.192130322090378,1.5018832013204442
2114.250000000029,0.0,4.1510609688657665,76.94203199883748,0.004391337323248873,0.0007935697459582251,22.138991833950755,13.193752501727516,1.5033928041014282
2114.511250000029,0.0,4.151920775254382,76.93417367417858,0.004585634072620435,0.0007928394589207804,22.143577468023373,13.195446194257546,1.50497180215768
2114.8058333333624,0.0,4.152889480216004,76.92531718153954,0.005166426461979129,0.0007920166182390201,22.148743894485353,13.197354081388047,1.5067539812042403
2115.1533333333623,0.0,4.154031062897291,76.9148762136076,0.006088440966867612,0.0007910468202306136,22.15483233545222,13.199602020620343,1.5088585689370289
2115.570000000029,0.0,4.155398232767402,76.90236640964794,0.007291572640590862,0.0007898852075452128,22.16212390809281,13.202293554582889,1.5113852662935454
2116.067083333362,0.0,4.157026944316631,76.88745544989236,0.008686461595894285,0.000788501135850431,22.170810369688702,13.205499103253423,1.5144042157826845
2116.6504166666955,0.0,4.158935073446701,76.86997526250558,0.010176688693699264,0.000786879313630905,22.180987058382403,13.20925337116208,1.517953446567101
2117.320000000029,3.496402587474409,4.161121163204907,76.8969729207251,0.01165914537710553,0.0007850208904208738,22.19264620375951,13.213552917455347,1.522036184163529
2118.070000000029,10.190694488899736,4.1635646047398085,77.02814164890734,0.013031688186137164,0.0007829433267511562,22.205677891945644,13.2183565796567,1.5266205219202464
2118.8891666666955,15.338302417256624,4.16622723037864,77.24165024482328,0.014200670073771337,0.0007806790589378682,22.219878562019414,13.223588698054813,1.5316414770924311
2119.7612500000287,16.87907569929929,4.1690549317156,77.4770169466491,0.015081073797122639,0.0007782741349651764,22.234959635816537,13.22914240165218,1.5370029407249926
2120.666666666695,16.87272377216352,4.171983306028475,77.71108419651164,0.015617996335327802,0.0007757834073946702,22.250577632151867,13.234890801147563,1.5425872815334496
2121.5833333333617,16.768434818587536,4.174940529081451,77.95365700253186,0.01577185628253795,0.0007732680779608299,22.266349488434404,13.24069270521538,1.5482599638402192
2122.488750000028,17.141464002103955,4.177854161651507,78.20223257309124,0.015539373706972686,0.0007707898820913211,22.281888862141376,13.24640601804131,1.553882072571333
2123.3608333333614,17.871238761192007,4.180653810703961,78.45274763982782,0.014931461613083683,0.0007684088033228605,22.29682032375446,13.251892954180219,1.5593154081557976
2124.180000000028,18.75148346902778,4.183277702054365,78.68559140829863,0.013994087202155682,0.0007661774572901293,22.310814410956617,13.257032879702798,1.5644356094398082
2124.930000000028,19.29678782962288,4.185675156205216,78.86936263353765,0.01278642213786962,0.000764138974779892,22.323600833094485,13.261727084010191,1.5691377867250516
2125.5995833333614,18.77877153426843,4.187811686158935,78.97945797779316,0.011394826419836659,0.0007623226619973352,22.33499565951432,13.265908667393955,1.5733475294621182
2126.182916666695,4.919154050704798,4.18967009792839,79.0118988497398,0.009911529437097073,0.0007607430769076458,22.344907188951417,13.269544595231249,1.5770241813827424
2126.680000000028,0.0,4.191251633970354,78.99723086638608,0.008434858890470099,0.0007593990761171097,22.35334204784189,13.27263785209087,1.5801640489863633
2127.0966666666945,0.0,4.192575849346843,78.98494229041152,0.0070624820079413135,0.0007582739432332711,22.36040452984983,13.275227139810292,1.5828008552335613
2127.4441666666944,0.0,4.193679228247266,78.97469807633622,0.005884687468919745,0.000757336586014786,22.36628921731875,13.277384139735267,1.5850033819149696
2127.7387500000277,0.0,4.194613852003223,78.96601710061985,0.004984660031772183,0.0007565426824829346,22.371273877350525,13.279210899748657,1.5868729375861927
2128.0000000000277,0.0,4.195442132957729,78.95832112651567,0.004417498424031304,0.0007558391609426502,22.375691375774558,13.280829548041023,1.588532764973978
2128.2500000000277,0.0,4.196234197208809,78.95095925178438,0.004224342672424849,0.0007551664172483912,22.379915718446984,13.282377191876673,1.590122653197185
2128.5112500000278,0.0,4.197061290474215,78.94326927851259,0.0044111640821638065,0.0007544639043522844,22.384326882529148,13.283993041482391,1.5917856127811167
2128.805833333361,0.0,4.197993119169493,78.93460242515322,0.004969753041486043,0.0007536723746779746,22.389296635570634,13.285813215197008,1.5936625393843962
2129.153333333361,0.0,4.199091217519881,78.92438489241194,0.005856524535398623,0.0007527395027122106,22.395153160106034,13.28795777206389,1.5958789907233926
2129.5700000000274,0.0,4.200406271677661,78.91214260773974,0.007013622174829249,0.0007516221523135365,22.40216678228086,13.290525472491677,1.598539952792974
2130.0670833333606,0.0,4.2019728429551835,78.89755024474525,0.008355046813453153,0.0007502908660624983,22.410521829094314,13.293583467012805,1.6017192744528932
2130.650416666694,0.0,4.203808095467884,78.88044317171881,0.009788013401068054,0.0007487309609588955,22.42030984249538,13.297164823849515,1.605456977241567
2131.3200000000274,3.4946895092633947,4.205910592115948,78.90795907421372,0.011213315456339641,0.0007469435731218889,22.43152315795172,13.301266213991761,1.6097564240812539
2132.0700000000274,10.184715261412975,4.208260472834572,79.03995023904363,0.012532697165996375,0.0007449455291256746,22.444055855117718,13.305848320965165,1.6145839769246981
2132.889166666694,15.333133109227452,4.210820992426236,79.25466064012136,0.013656104488875736,0.0007427680569929115,22.457711959606595,13.310838924035924,1.6198711670662145
2133.7612500000273,16.87712256956413,4.213540083229721,79.49144367078915,0.014501817618581951,0.0007404554687124106,22.47221377722518,13.316136041125322,1.6255167546193399
2134.666666666694,16.871873495605417,4.216355791110423,79.72699936419987,0.015017108697077453,0.0007380605322065788,22.487230885922255,13.321618613036069,1.631396847687316
2135.5833333333603,16.767731012852998,4.21919904256066,79.97114863299932,0.01516400773459845,0.0007356421062339605,22.502394893656852,13.327151961606777,1.6373697699932834
2136.488750000027,17.14072055535546,4.222000191649802,80.2213035904525,0.01493946180876225,0.0007332595466002197,22.517334355465614,13.332600570595437,1.6432892521640197
2137.36083333336,17.870247868187302,4.224691578281908,80.47331330847263,0.014354062037896378,0.0007309705089288696,22.53168841750351,13.337833058597507,1.649009796744159
2138.1800000000267,18.75042441662191,4.227213844196173,80.70737600365045,0.013452084876080869,0.0007288255518708944,22.545140502379592,13.342734421378905,1.6544004930693152
2138.9300000000267,19.296082464914353,4.229518308046668,80.89198331284587,0.012290473869306724,0.0007268661062759542,22.5574309762489,13.347210575843159,1.6593509435807838
2139.59958333336,18.778170673380234,4.231571859613953,81.0026845827347,0.010952275025517369,0.0007251203087355417,22.568383251274415,13.351197780669443,1.6637828470746276
2140.1829166666935,4.916282958489141,4.233358011326755,81.03558073272711,0.009526142468277802,0.0007236021191148868,22.577909393742694,13.354664586934163,1.6676534403173744
2140.6800000000267,0.0,4.2348779920257655,81.02121944071324,0.008106563728060907,0.000722310408920366,22.586015957470753,13.357613885305067,1.6709588702322828
2141.096666666693,0.0,4.236150624188847,81.00918754403463,0.0067873715364301715,0.000721229087861522,22.592803329007182,13.360082613347746,1.6737346673317786
2141.444166666693,0.0,4.237210992288505,80.9991571242038,0.005655296531512783,0.0007203282561294055,22.598458625538694,13.36213914261495,1.676053261363882
2141.7387500000264,0.0,4.2381091621502325,80.99065718730084,0.004790239262546969,0.0007195653063336501,22.60324886480124,13.36388078666523,1.6780213149540137
2142.0000000000264,0.0,4.238905120630738,80.98312160917772,0.004245111896031996,0.0007188892284960647,22.607493976697274,13.365423994658157,1.679768573188192
2142.2500000000264,0.0,4.239666261337958,80.97591307814078,0.004059417105171586,0.0007182427401030543,22.611553393802446,13.366899488972281,1.6814421928058403
2142.5112500000264,0.0,4.240461048467515,80.96838318924758,0.004238864690973369,0.000717567657060341,22.615792258493418,13.368439990051094,1.683192715929255
2142.8058333333597,0.0,4.241356461719418,80.95989664139341,0.004775537343475444,0.000716807048527712,22.620567795836894,13.370175263777087,1.6851684527139406
2143.1533333333596,0.0,4.242411621916196,80.94989151751463,0.005627521049483364,0.0007159106404636672,22.626195316886378,13.37221975801653,1.6875015613037876
2143.570000000026,0.0,4.243675218905991,80.9379035086823,0.006739183945573823,0.0007148369950340775,22.63293450083195,13.374667606663314,1.6903025375437735
2144.0670833333593,0.0,4.245180440754518,80.92361391109739,0.008027849858810568,0.0007135578248081004,22.64096235069076,13.377582799045035,1.6936490928881547
2144.6504166666928,0.0,4.246943751913912,80.9068613297629,0.009404326183443642,0.0007120590449755625,22.650366676874203,13.380996823871024,1.697583323213211
2145.320000000026,3.493076891034493,4.24896373856962,80.93486817681138,0.010773262163771799,0.0007103417752725911,22.661139939037973,13.384906465289582,1.7021087307231912
2146.070000000026,10.17915094362682,4.251221283790765,81.06763574658923,0.012040241179441784,0.0007084222130532372,22.673180180217415,13.38927419853491,1.70718986760364
2146.8891666666927,15.328305043495003,4.253681050252085,81.28347890435424,0.013118754460374416,0.0007063303903859983,22.68629893467779,13.394031135733071,1.7127546260485476
2147.761250000026,16.875295859525632,4.256292987537273,81.52159729873286,0.01393033218766411,0.0007041089031712497,22.700229266865453,13.399080029519947,1.718696412731026
2148.6666666666924,16.8710781827885,4.258997559860933,81.7585567989117,0.014424385726190422,0.0007018084603404343,22.714653652591643,13.404305464209214,1.7248848059109996
2149.583333333359,16.767072696388897,4.261728408401486,82.00419302158451,0.014564525549611324,0.0006994856082710247,22.729218178141256,13.409579063600138,1.7311706839549725
2150.4887500000254,17.140025163090197,4.264418641957874,82.25583732890993,0.014347912300733961,0.000697197355894652,22.74356609044199,13.414771675055572,1.7374001115190616
2151.3608333333586,17.869321041792343,4.267003293733823,82.50925569988159,0.013784809471733286,0.0006949990645866832,22.757350899913725,13.419758108465244,1.7434199861667197
2152.1800000000253,18.749436531463772,4.269425384546838,82.74446561202447,0.012917817669412527,0.0006929392673004692,22.770268717583136,13.424428799862456,1.7490925741952732
2152.9300000000253,19.295426512978395,4.271638199082874,82.92985964425573,0.011801677525530727,0.0006910577222081708,22.782070395108665,13.428694135747895,1.7543017420714586
2153.5995833333586,18.777603021412613,4.273609980042873,83.04113255154601,0.010516165119991911,0.0006893814165166549,22.792586560228656,13.432493423093817,1.7589651387804033
2154.182916666692,4.91356958221291,4.275324932030214,83.07445850134863,0.009146410599151234,0.0006879237240443808,22.801732970827807,13.435796740688035,1.7630378101689206
2154.6800000000253,0.0,4.276784266910801,83.06038730810803,0.007783119363130852,0.000686683534010269,22.80951609019094,13.438606883687541,1.7665157410468775
2155.096666666692,0.0,4.278006082475213,83.04859815411291,0.00651634967686535,0.0006856453754931862,22.816032439867804,13.440959080358065,1.769436348694606
2155.4441666666917,0.0,4.279024082075453,83.03876988564905,0.005429331201277399,0.000684780525321934,22.82146177106908,13.442918500120937,1.7718758661943292
2155.738750000025,0.0,4.2798863446220246,83.0304411037301,0.004598733581720063,0.0006840480664436805,22.8260605046508,13.444577878592042,1.7739465360604547
2156.000000000025,0.0,4.2806504669450405,83.02305714574285,0.004075319056084678,0.0006833990205420393,22.830135823706886,13.44604817487676,1.775784878706895
2156.250000000025,0.0,4.28138115085595,83.01599355167322,0.0038969808581832254,0.0006827783922575858,22.83403280456507,13.447453939919006,1.7775457268760941
2156.511250000025,0.0,4.282144121008845,83.00861495339605,0.004069174148775815,0.000682130324884873,22.838101978713844,13.448921622073525,1.7793874688499542
2156.8058333333584,0.0,4.283003672086126,83.00029878505298,0.004584272412163323,0.0006814001689877396,22.842686251126008,13.450574848574783,1.7814661382796095
2157.153333333358,0.0,4.2840165490685544,82.99049434750431,0.005402010572949887,0.0006805396701535474,22.84808826169896,13.452522645835918,1.783920767994193
2157.5700000000247,0.0,4.285229477429319,82.97874653971756,0.006468951257414711,0.0006795090617634391,22.854557212956372,13.45485467880437,1.7868675915550751
2158.067083333358,0.0,4.286674295183732,82.96474288928052,0.0077056946902028705,0.0006782812066634701,22.862262907646574,13.45763188489918,1.7903883412071186
2158.6504166666914,0.0,4.288366780735902,82.94832502557219,0.00902658961157319,0.0006768426066285952,22.871289497258147,13.460884230320467,1.7945272698825825
2159.3200000000247,3.4915587039887197,4.290305546605098,82.97679458801774,0.010340084635707564,0.0006751943623620543,22.881629581893854,13.464608613041392,1.7992880204500343
2160.0700000000247,10.173970607050789,4.292472211126838,83.11029248103365,0.011555544115948552,0.0006733520486141371,22.893185126009804,13.468769244281921,1.804633255265821
2160.8891666666914,15.323795103983896,4.294832826387847,83.32720041696152,0.012589948058715874,0.000671344517121473,22.90577507406852,13.473300460853967,1.8104870715542594
2161.7612500000246,16.87358727749565,4.297339330414294,83.56657467810918,0.013368021474385813,0.0006692126721223394,22.919143095542903,13.478109593388345,1.8167372964398825
2162.666666666691,16.870334239110907,4.299934569354321,83.8048548369524,0.013841274346812251,0.0006670051944744234,22.932984369889716,13.483086680446602,1.8232467050449563
2163.5833333333576,16.766456893941772,4.302554856279743,84.05189018239743,0.01397486360224734,0.0006647763545298881,22.946959233491963,13.488109433938298,1.8298584213222242
2164.488750000024,17.139374680579827,4.305136009480706,84.30493557147334,0.013766150405136514,0.0006625808527921689,22.9607253838971,13.493054846509715,1.8364105281755658
2165.3608333333573,17.86845408521428,4.3076157094659315,84.5596783388766,0.013225066587870565,0.0006604717954777964,22.97395045048497,13.497803704619521,1.84274200732603
2166.180000000024,18.748514852053006,4.309939313834201,84.79596507963129,0.0123925566307676,0.0006584957257793801,22.98634300711574,13.502251693697056,1.8487080254249935
2166.930000000024,19.294816187938352,4.3120620368274,84.98209681257602,0.011321189297059147,0.0006566907601645329,22.9976641964128,13.50631351101975,1.8541864825343763
2167.5995833333573,18.777066857048506,4.313953447367769,85.09390663963315,0.0100875228819708,0.000655082759102739,23.00775171929477,13.509931401420138,1.8590908173196374
2168.1829166666907,4.911005964618767,4.3155984267198875,85.12763626678117,0.008773223211294992,0.0006536845234969287,23.016524942506067,13.51307691357468,1.8633738003414988
2168.680000000024,0.0,4.316998166777434,85.11383770198222,0.007465280306919351,0.0006524949627757651,23.023990222812987,13.51575274613215,1.8670312522760593
2169.0966666666905,0.0,4.318170050496337,85.10227662209324,0.006250046500813444,0.0006514992169814953,23.0302402693138,13.517992474023561,1.8701025577728199
2169.4441666666903,0.0,4.31914642211559,85.09263825430669,0.005207315302682309,0.0006506697208750121,23.035447584616485,13.51985817350396,1.8726679107762803
2169.7387500000236,0.0,4.3199734069649205,85.08447023017781,0.004410585863092151,0.0006499672194476711,23.039858170479576,13.521438160198384,1.8748453623476329
2170.0000000000236,0.0,4.320706252917289,85.07722866267022,0.003908511745966739,0.0006493447312122087,23.04376668222554,13.522838093846364,1.8767784844612927
2170.2500000000236,0.0,4.321407016931415,85.07030116587863,0.003737408075339913,0.0006487495081648619,23.047504090300883,13.524176569210466,1.8786300978134425
2170.5112500000237,0.0,4.322138732410643,85.06306461339666,0.0039024825558803557,0.0006481279800531042,23.051406572856763,13.525573981991709,1.880566754958285
2170.805833333357,0.0,4.322963056852475,85.05490839168428,0.004396397023108858,0.0006474277382900403,23.05580296987987,13.527148036199092,1.8827525254401685
2171.153333333357,0.0,4.3239344023252055,85.04529232235996,0.005180509187893003,0.0006466025116765773,23.060983479067765,13.529002527834992,1.885333593940701
2171.5700000000234,0.0,4.3250975662158675,85.03376993009175,0.006203540750200101,0.0006456141740006184,23.067187019817965,13.531222811414292,1.8884321618793944
2172.0670833333565,0.0,4.326483062568257,85.02003456545644,0.00738931387940393,0.000644436716211893,23.07457633369737,13.533866882186606,1.8921341418629847
2172.65041666669,0.0,4.328105998652503,85.00393066260236,0.008655659115982765,0.0006430572139513925,23.083231992813353,13.53696324076959,1.8964860270180977
2173.3200000000234,3.4901293121367005,4.32996501599545,85.03283395153184,0.009914759162384811,0.0006414767465510577,23.093146751975738,13.540508899040976,1.901491601695432
2174.0700000000234,10.169145743117012,4.33204245832709,85.16701616703793,0.011079692435405963,0.0006397102744754373,23.104226444411143,13.544469747455883,1.9071115568723307
2174.88916666669,15.319581687890588,4.3343057452247615,85.3849220593661,0.012070863454256417,0.0006377854876978409,23.1162973078654,13.548783237989532,1.9132660366702365
2175.761250000023,16.87198904548712,4.336708769617948,85.62547424908088,0.01281613009699389,0.0006357416272584084,23.129113437962392,13.553361121011788,1.9198370596800647
2176.6666666666897,16.869638291243508,4.3391967176726105,85.86499351253026,0.013269056291533335,0.0006336253815503464,23.142382494253926,13.558098698544836,1.926680321438411
2177.583333333356,16.765880813566337,4.341708525569255,86.11334193306045,0.013396308782100772,0.0006314887863705306,23.15577880303603,13.562879555369172,1.93363087919368
2178.4887500000227,17.138766157217404,4.344182669943571,86.36770200320257,0.013195436663015129,0.0006293842772829892,23.168974239699043,13.567586609988293,1.940518515331306
2179.360833333356,17.867643061498445,4.3465594270083505,86.62368673800202,0.012676037678830866,0.000627362749220228,23.181650277377873,13.572106409920258,1.9471739822480036
2180.1800000000226,18.747654757796468,4.348786444055064,86.86098131363094,0.011877424249138922,0.0006254687956394059,23.193527701627012,13.57633969870575,1.9534450683133522
2180.9300000000226,19.29424801797982,4.350820824593036,87.04780216216535,0.010850029535844484,0.0006237389255269613,23.204377731162857,13.580205325491585,1.9592034753457759
2181.599583333356,18.776560536076264,4.35263343459769,87.16011390716385,0.009667253358160866,0.0006221978973639196,23.214044984521017,13.583648362745189,1.9643582704951312
2182.1829166666894,4.908584458151386,4.354209815397379,87.19422058815293,0.008407364265003131,0.0006208579531874488,23.22245234878602,13.586641771625041,1.9688598646450683
2182.6800000000226,0.0,4.35555113626889,87.18067644636912,0.007153711314724619,0.00061971802482603,23.229606060100746,13.589188153829129,1.9727039129100636
2183.096666666689,0.0,4.356674076937504,87.16932815960621,0.005989016899277786,0.0006187638533808328,23.235595077000024,13.591319487552425,1.9759318490503937
2183.444166666689,0.0,4.357609647562153,87.15986693369126,0.004989709998131327,0.0006179690102569192,23.240584786998156,13.593094865516065,1.978627987003569
2183.7387500000223,0.0,4.358402057416301,87.15184884129388,0.004226185888782663,0.0006172958706245138,23.24481097288694,13.594598341986268,1.980916417041955
2184.0000000000223,0.0,4.359104251431272,87.14474005572353,0.0037450347465113084,0.0006166994107797179,23.24855600763345,13.595930468680901,1.982948041171155
2184.2500000000223,0.0,4.359775694160378,87.13793945524213,0.003581027888567466,0.0006161290855899469,23.25213703552202,13.597204100058143,1.9848939823867304
2184.5112500000223,0.0,4.360476781598062,87.13083532756646,0.0037391330009809995,0.0006155335655938703,23.255876168523,13.598533799149232,1.9869292779703382
2184.8058333333556,0.0,4.361266587281114,87.12282819713623,0.004212296976278791,0.000614862637908385,23.260088465499276,13.600031562614422,1.9892263479590941
2185.1533333333555,0.0,4.362197238006176,87.11338768189856,0.0049634705336611025,0.0006140719741189356,23.265051936032936,13.601796147388848,1.991938807888684
2185.570000000022,0.0,4.36331164318062,87.10207532818318,0.005943494263703472,0.0006131250543565577,23.27099543029664,13.60390875618547,1.9951950585437364
2186.067083333355,0.0,4.364639021467573,87.08858988715137,0.007079350863748024,0.0006119969733560035,23.278074781160388,13.606424551714333,1.9990853531829293
2186.6504166666887,0.0,4.366193825030262,87.07277837246833,0.008292285667676699,0.0006106753669499861,23.286367066828063,13.609370625605528,2.0036585083070966
2187.320000000022,3.4887834408998715,4.367974726714365,87.10208580779208,0.00949814231521904,0.0006091612910626278,23.295865209143283,13.612744103194204,2.008918449927969
2188.070000000022,10.16465008040841,4.3699647839770295,87.23690655826553,0.010613638734209285,0.0006074691017153029,23.306478847877493,13.616512496759956,2.014823814844267
2188.8891666666887,15.315644628872988,4.372132758893535,87.45574483094914,0.01156253288803175,0.0006056253483014788,23.318041380765525,13.620616263214677,2.02129063421627
2189.761250000022,16.870493876500856,4.374434461575193,87.6973986604632,0.012275747635506144,0.0006036676406927607,23.33031712840103,13.62497141376404,2.0281948870694313
2190.6666666666883,16.868987177547044,4.376817371451399,87.93807717250296,0.012708852673099845,0.0006016407145557208,23.34302598107413,13.629478322617372,2.0353849107948596
2191.583333333355,16.76534183864972,4.379222993773551,88.18765450707886,0.01282998571814153,0.0005995944170863812,23.355855966792273,13.634026231934591,2.0426873816303535
2192.4887500000214,17.138196828000368,4.3815924072162815,88.44324482140286,0.012636871694565807,0.000597578966804789,23.368492838486837,13.6385037666722,2.049923460974137
2193.3608333333545,17.86688428199087,4.383868427215452,88.70039100686468,0.01213877332890972,0.0005956430954007034,23.380631611815748,13.642803020189325,2.0569153570955128
2194.180000000021,18.746851949606533,4.386000939513024,88.93862589410597,0.011373398920378896,0.0005938294901659012,23.392005010736128,13.646829603365132,2.063503200610343
2194.930000000021,19.29371881878512,4.387948893308638,89.12608781310978,0.010389086909945099,0.0005921730896333663,23.402394097646074,13.650506358963305,2.069552262872533
2195.5995833333545,18.77608248904077,4.3896844203508,89.23886633490702,0.009256144224865212,0.0005906975768427006,23.411650241870937,13.653781077554806,2.0749670783823877
2196.182916666688,4.906297725670279,4.391193704528877,89.27332308721319,0.00804951561641315,0.0005894146497822474,23.41969975748735,13.656628076010911,2.0796956143641503
2196.680000000021,0.0,4.392477890199229,89.26001456859572,0.006848990241869081,0.0005883232645740366,23.42654874772922,13.659049859135338,2.083733359615318
2197.0966666666877,0.0,4.393552967011225,89.24886329945063,0.005733742997315582,0.0005874097521467507,23.432282490726536,13.661076865292303,2.0871238796061253
2197.4441666666876,0.0,4.394448638726747,89.23956604676468,0.0047769158161124,0.0005866487969994673,23.437059406542648,13.662765313393814,2.089955768374454
2197.738750000021,0.0,4.395207239741502,89.23168671446795,0.00404587207869934,0.0005860043695005801,23.441105278621347,13.664195154857609,2.0923593871286856
2198.000000000021,0.0,4.395879462363836,89.22470079725565,0.0035851873191118555,0.0005854333610176548,23.444690465940457,13.665462024429843,2.094493247449644
2198.250000000021,0.0,4.396522235970026,89.21801760148817,0.0034281258996811358,0.0005848873807332001,23.44811859184014,13.666673251705264,2.09653709004203
2198.511250000021,0.0,4.397193377804389,89.21103597526754,0.003579423116605635,0.0005843172902137132,23.451698014956744,13.667937786507466,2.098674758343854
2198.8058333333543,0.0,4.397949435340326,89.20316674149262,0.004032306858332622,0.0005836750231545297,23.455730321815075,13.669362133436945,2.101087338330946
2199.153333333354,0.0,4.398840301821014,89.19388856825755,0.004751287896999551,0.000582918150022428,23.460481609712076,13.671040201093465,2.1039361560124927
2199.5700000000206,0.0,4.3999070420759745,89.18277040222902,0.005689281359789262,0.00058201172041761,23.466170891071865,13.673049198392702,2.1073560433819756
2200.067083333354,0.0,4.401177610134305,89.16951596187407,0.006776362977763751,0.0005809319066994925,23.47294725404963,13.675441564532466,2.1114417546194106
2200.6504166666873,0.0,4.402665820015637,89.15397461106868,0.00793711936710792,0.0005796668904142892,23.480884373416735,13.678243038192806,2.1162445123973495
2201.3200000000206,3.4875161491018285,4.404370377848362,89.18365618834977,0.009090975107858716,0.0005782177023317471,23.489975348524595,13.681450857250052,2.1217683838505357
2202.0700000000206,10.16045941203445,4.4062750415592875,89.3190700324184,0.010158206458275181,0.0005765981052232547,23.50013355498287,13.685034098071824,2.1279698678257652
2202.8891666666873,15.311965119133527,4.408349888037157,89.53877644596945,0.011065847881968467,0.0005748335313781834,23.51119940286484,13.688936112158245,2.134760721554959
2203.7612500000205,16.86909495089974,4.4105526032089655,89.78145736689119,0.011747814249644111,0.0005729599946371027,23.522947217114485,13.693077012800757,2.142010652363896
2204.666666666687,16.868377938062757,4.412832908814089,90.02321707242861,0.012161629893987974,0.0005710203212613732,23.535108847008473,13.697362055568698,2.1495603600083024
2205.5833333333535,16.76483751959059,4.41513482059673,90.27394114794915,0.012276862840757323,0.0005690622196773284,23.54738570984923,13.70168592527711,2.157227824770967
2206.48875000002,17.13766410466293,4.417401958521245,90.53067932801405,0.012091402264080488,0.0005671337430506197,23.55947711211331,13.705942734961527,2.1648252663384846
2207.360833333353,17.86617429435956,4.419579616582704,90.78890844399037,0.01161417632778041,0.0005652815114415725,23.57109128844109,13.710029909855269,2.172166034191834
2208.18000000002,18.74610243063721,4.421619864188773,91.02801766836673,0.010881320565702929,0.0005635463525707277,23.58197260900679,13.713857738738943,2.179082322224394
2208.93000000002,19.293225668922073,4.423483449864023,91.21607325891189,0.00993912360133365,0.0005619616739236111,23.591911732608125,13.717352901054268,2.185432739872112
2209.599583333353,18.775631218917965,4.4251437380774385,91.32928342102659,0.008854870471549854,0.0005605501111548747,23.600766603079673,13.720465797068556,2.191117128750548
2210.1829166666867,4.9041387389302225,4.426587537039446,91.36406304349276,0.007700261130709938,0.0005593228336457119,23.608466864210385,13.723172043427205,2.1960809293316594
2210.68000000002,0.0,4.42781596420935,91.35097089204041,0.006551611572821748,0.0005582788234220021,23.615018475783206,13.725474048541484,2.200319464096924
2211.0966666666864,0.0,4.428844333671082,91.3400004863276,0.005484637129228091,0.0005574049888483457,23.620503112912434,13.727400767861795,2.2038785133601944
2211.444166666686,0.0,4.429701072760637,91.3308537249762,0.004569275144300633,0.000556677102014011,23.625072388056736,13.72900565579307,2.206851111636019
2211.7387500000195,0.0,4.430426685312949,91.32310171742854,0.0038699336123304106,0.000556060690828431,23.628942321669065,13.73036471857641,2.209374122787997
2212.0000000000196,0.0,4.431069665018026,91.31622852252617,0.0034292250937440405,0.0005555145158776389,23.63237154676281,13.731568863893962,2.211613947279081
2212.2500000000196,0.0,4.431684467391634,91.30965301866873,0.0032789459925687764,0.0005549922886208059,23.635650492755378,13.73272011053691,2.213759258501022
2212.5112500000196,0.0,4.432326393700091,91.30278374070777,0.003423606978441481,0.000554447008385481,23.63907409973382,13.73392201310719,2.2160030269132465
2212.805833333353,0.0,4.433049527235906,91.29504095141756,0.0038567121910156464,0.0005538327029252688,23.642930811924835,13.735275797918815,2.2185353192008175
2213.1533333333527,0.0,4.433901582877545,91.28591160651858,0.004544296755407445,0.0005531087947271558,23.647475108680243,13.736870714544102,2.2215254507190965
2213.5700000000193,0.0,4.434921827074692,91.27497141887801,0.00544130238478372,0.0005522418636012153,23.65291641106503,13.73878013482009,2.225114915698888
2214.0670833333525,0.0,4.436136981785573,91.26192863318786,0.0064808251246965065,0.0005512091318188048,23.659397236189726,13.74105388242026,2.229403128664172
2214.650416666686,0.0,4.4375602406189,91.24663473173334,0.007590713777743975,0.0005499993115003757,23.66698794996747,13.743716398357108,2.234443800404108
2215.3200000000193,3.486322803896511,4.439190344619568,91.27666018678593,0.008693888003562142,0.0005486134067908431,23.675681837971034,13.746765031718082,2.240241137840441
2216.0700000000193,10.156551433530337,4.4410117375358436,91.41262216233085,0.009714095553467613,0.0005470645995863517,23.6853959335245,13.75017036519815,2.246749417437881
2216.889166666686,15.308525631627043,4.44299578105965,91.6331339063447,0.01058156546029892,0.000545377230528992,23.6959774989848,13.75387853493736,2.253875961121867
2217.761250000019,16.867785892334084,4.4451019924394375,91.8767692019802,0.011233127358868616,0.0005435857552338354,23.707210626343667,13.757813598431278,2.261483972346664
2218.6666666666856,16.867807804278872,4.447282281185009,92.11953394888756,0.01162820664305008,0.0005417311369396593,23.718838832986716,13.76188550305973,2.269406234141066
2219.583333333352,16.76436556529968,4.44948311109656,92.37132467997478,0.011737759528272431,0.0005398589984299325,23.73057659251499,13.765994163242205,2.2774517167950843
2220.4887500000186,17.137165566632117,4.45165057892161,92.62913049915855,0.01155982840026708,0.000538015282415269,23.742136420915255,13.770038963644055,2.2854233789225833
2221.360833333352,17.865509870404015,4.453732393031463,92.88836610616332,0.011103008585885385,0.0005362445519459875,23.75323942950114,13.77392244950729,2.293125398331348
2222.1800000000185,18.745402487387274,4.45568274875236,93.12828532259923,0.010401897178113816,0.0005345858242950794,23.763641326679252,13.77755940014019,2.3003817552187575
2222.9300000000185,19.29276588713796,4.457464145254029,93.31688794084626,0.009500781342240916,0.0005330710172813156,23.773142108021492,13.780880176617185,2.307044167695185
2223.599583333352,18.775205298794525,4.459051145221063,93.43049475413532,0.008463999824178066,0.0005317217484680233,23.781606107845672,13.783837681995566,2.3130076260821895
2224.1829166666853,4.902100775192128,4.460431162364757,93.46556996539542,0.007360091433035198,0.0005305486745626654,23.788966199278708,13.78640877775346,2.318214962425521
2224.6800000000185,0.0,4.461605285581405,93.4526746045452,0.006261990488786406,0.0005295508048364706,23.795228189767496,13.788595776805444,2.322661333734972
2225.096666666685,0.0,4.462588169067957,93.44186864300075,0.005242045261609799,0.0005287156116987187,23.800470235029106,13.79042620835277,2.3263948184704746
2225.444166666685,0.0,4.463406995648033,93.43285867254009,0.004367075093743236,0.0005280199276662574,23.80483731012285,13.791950870714766,2.329513051475391
2225.738750000018,0.0,4.464100485559917,93.42522237092184,0.003698612863377241,0.0005274307982743563,23.808535922986227,13.793241981154067,2.33215962979097
2226.000000000018,0.0,4.464714990978623,93.41845159096005,0.0032773622330920047,0.0005269088048331451,23.81181328521932,13.794385908303811,2.3345091203699297
2226.250000000018,0.0,4.465302558305197,93.41197391306106,0.0031336924084023905,0.000526409706118024,23.81494697762772,13.795479571994896,2.3367594421694355
2226.511250000018,0.0,4.465916039044874,93.40520667141429,0.0032718972782736556,0.0005258885830159537,23.818218874905995,13.796621347274309,2.3391130112585365
2226.8058333333515,0.0,4.466607117523598,93.39757869702056,0.0036857518865296476,0.0005253015019794812,23.821904626792524,13.797907393607861,2.341769187432178
2227.1533333333514,0.0,4.467421388338692,93.38858445967239,0.004342777680500208,0.0005246096881866601,23.826247404473023,13.799422488707963,2.3449055519997404
2227.570000000018,0.0,4.468396368081284,93.37780579587255,0.005199891960489798,0.0005237812104155617,23.831447296433513,13.801236322184494,2.3486704903625673
2228.067083333351,0.0,4.469557580697868,93.36495503066388,0.006193133955111565,0.0005227943118577962,23.837640430388625,13.803396208751685,2.3531682350489356
2228.6504166666846,0.0,4.470917617732011,93.3498855319662,0.007253530848771284,0.0005216382195415396,23.844893961237396,13.805925346110515,2.358455065539013
2229.320000000018,3.4851990582417516,4.47247525646782,93.38022450289287,0.008307406590977836,0.0005203139097771939,23.853201367828373,13.808821192867963,2.3645353263240922
2230.070000000018,10.152905591382149,4.4742156106280975,93.51669025997091,0.009281888854814357,0.0005188339969791592,23.862483256683188,13.812055780531344,2.3713609867597265
2230.8891666666846,15.305309843373971,4.476111294721731,93.73794604720317,0.010110315166046177,0.000517221757282627,23.872593571849233,13.815577920796438,2.378834772459501
2231.7612500000178,16.866560743598942,4.478123610188359,93.98246492440948,0.010732349155345844,0.0005155101281317291,23.88332592100458,13.819315458983162,2.3868131519868974
2232.6666666666843,16.867274188839882,4.480206596765041,94.2261605650197,0.011109261742310505,0.0005137382586900723,23.89443518274689,13.823182846744219,2.3951207144315467
2233.5833333333508,16.763923834659014,4.482309100658627,94.4789400527298,0.011213354099126353,0.0005119497419697279,23.905648536846016,13.827085017525297,2.4035571086777066
2234.4887500000173,17.13669895195107,4.4843796277843335,94.7377355287787,0.011042811337097403,0.0005101884677824336,23.916691348183114,13.83092641388349,2.4119157160656752
2235.3608333333505,17.864887993841577,4.486368233814282,94.99790335217517,0.010605898826390934,0.0005084969992596481,23.927297247009506,13.834614492050635,2.4199912334310594
2236.180000000017,18.74474867134714,4.48823117983042,95.23856992782127,0.009935712086065267,0.0005069125944141408,23.93723295909557,13.83806833718821,2.427599153946327
2236.930000000017,19.29233701148343,4.489932665098772,95.4276737960755,0.009074588097885672,0.000505465724374103,23.946307547193456,13.84122183935681,2.434584078444361
2237.5995833333504,18.774803369543598,4.491448414862028,95.54164255983106,0.008083998737366264,0.0005041770188874974,23.95439154593082,13.844030299324453,2.4408359903888934
2238.182916666684,4.900177412287112,4.492766429077398,95.57698613455715,0.00702940914863705,0.0005030566382899767,23.961420955079458,13.84647176960004,2.4462950337232496
2238.680000000017,0.0,4.493887766705069,95.56426779992755,0.0059804673475799,0.0005021036201867308,23.967401422427038,13.848548468842518,2.4509562017627804
2239.0966666666836,0.0,4.494826438722332,95.55360970941751,0.005006250758732769,0.0005013059867940391,23.97240767318577,13.850286556182114,2.4548699541744927
2239.4441666666835,0.0,4.49560841696851,95.54472270356058,0.004170550646287394,0.0005006416025144236,23.976578223832057,13.851734280990234,2.458138684577016
2239.738750000017,0.0,4.496270687232177,95.53719038414242,0.003532108072885369,0.0005000789887311477,23.980110331904942,13.852960225717837,2.4609129511946835
2240.000000000017,0.0,4.496857519820979,95.53051162007459,0.0031297738069439827,0.0004995804968144503,23.983240105711886,13.854046405413532,2.4633757617598695
2240.250000000017,0.0,4.497418619574909,95.52412181565465,0.002992532020964472,0.0004991038755020872,23.98623263773285,13.855084849842921,2.465734589729463
2240.511250000017,0.0,4.498004457269576,95.51744620921447,0.0031244677048859575,0.0004986062286398803,23.989357105437737,13.85616896710772,2.468201611199973
2240.80583333335,0.0,4.49866438619507,95.50992132113853,0.0035196209359725167,0.0004980456037043357,23.99287672637371,13.857390058212498,2.4709857872351466
2241.15333333335,0.0,4.4994419411040125,95.50104835589498,0.004146959514358033,0.000497384977228591,23.997023685888067,13.85882861341116,2.4742732377656766
2241.5700000000165,0.0,4.500372939128964,95.49041462691783,0.004965322799743228,0.0004965938641128918,24.00198900868781,13.860550792564,2.478219464790248
2242.0670833333497,0.0,4.50148174145935,95.47773609187546,0.005913612428722498,0.000495651498454739,24.007902621116536,13.862601506235267,2.482933673732624
2242.650416666683,0.0,4.502780356387237,95.46286777206232,0.006925946282063086,0.000494547606120656,24.0148285673986,13.865002762097081,2.4884747914018783
2243.3200000000165,3.484140830581653,4.504267598467735,95.49348995852489,0.007931957762658213,0.0004932831346212128,24.022760525161257,13.867752126272073,2.494847296675026
2244.0700000000165,10.14950294206887,4.505929234535811,95.63041589185862,0.008862059029737974,0.000491870145145943,24.031622584190995,13.870823022050041,2.5020007671797324
2244.889166666683,15.30230256064231,4.507739098286758,95.85235605376143,0.009652606671715436,0.0004903308778650697,24.04127519086271,13.874166828871145,2.5098331724577934
2245.7612500000164,16.86541394273039,4.509660226049964,96.09768973549613,0.0102460147370963,0.0004886967939594566,24.051521205599805,13.87771502555765,2.5181940176350155
2246.666666666683,16.866774675334128,4.5116487277920045,96.34224422784618,0.010605342624220533,0.00048700527956177487,24.062126548224025,13.88138638315198,2.5268994241669946
2247.5833333333494,16.76351032805086,4.513655763872353,96.59593685772431,0.010704192428525428,0.000485297956010481,24.072830740652552,13.885090646717249,2.535739412640188
2248.488750000016,17.136262148285272,4.5156321792582155,96.85564634489546,0.010540882057927376,0.00048361671991225885,24.08337162271048,13.888737106359683,2.5444974760598797
2249.360833333349,17.86430584822258,4.5175303075417625,97.1166743595007,0.010123350845590113,0.00048200219354191924,24.09349497355607,13.892237923775465,2.5529585265658317
2250.1800000000158,18.744137781320536,4.519308413492993,97.35802745869137,0.009483231739896594,0.0004804899284674273,24.102978205295965,13.89551630855425,2.56092930243068
2250.9300000000158,19.291936780174616,4.520932344471444,97.54758777817902,0.00866096521840643,0.0004791089933444225,24.111639170514373,13.898509529930351,2.5682470662569314
2251.599583333349,18.774424137494133,4.522378951746045,97.66188421946961,0.007715238797870634,0.000477879061127124,24.119354409312244,13.901175183409707,2.574796643044729
2252.1829166666826,4.898362522418568,4.523636801963969,97.69746912231842,0.0067085344955890224,0.00047680981233647827,24.126062943807835,13.903492459988904,2.5805154115843374
2252.6800000000158,0.0,4.524706923050167,97.68490799152215,0.005707312459728335,0.00047590031376414414,24.13177025626756,13.905463485611897,2.585398204297879
2253.0966666666823,0.0,4.525602700248902,97.67438115379272,0.00477747839324858,0.00047513912249428237,24.13654773466081,13.907113104823503,2.5894979444224577
2253.444166666682,0.0,4.526348929249751,97.66560325106427,0.003979888004531453,0.0004745051051566539,24.140527622665342,13.908487123549463,2.592921940420418
2253.7387500000154,0.0,4.52698091228586,97.65816316202623,0.003370576192584884,0.00047396821571290437,24.143898198857926,13.909650641079828,2.5958279357355236
2254.0000000000155,0.0,4.5275408994701865,97.65156599122913,0.0029865983164039265,0.00047349252320165594,24.14688479717433,13.910681501221966,2.5984076480740774
2254.2500000000155,0.0,4.528076323861624,97.64525408642352,0.002855596754337123,0.0004730377070704019,24.149740393928667,13.911667048988912,2.600878408358399
2254.5112500000155,0.0,4.528635346762752,97.63865969296432,0.002981455472678593,0.0004725628336256926,24.152721849401345,13.912695934451062,2.6034624608827746
2254.805833333349,0.0,4.529265060499574,97.63122614032265,0.003358473263047511,0.0004720278718667359,24.156080322664394,13.913854804867736,2.6063786698447178
2255.1533333333487,0.0,4.530007002263148,97.62246058747984,0.0039570227390654895,0.0004713974967697046,24.16003734540346,13.915220044129,2.6098219606872135
2255.570000000015,0.0,4.530895341591479,97.61195517815001,0.004737809751096514,0.0004706426252604681,24.164775155154555,13.91685443201233,2.613955172382614
2256.0670833333484,0.0,4.531953313087603,97.59942905592615,0.005642514645993773,0.0004697434515438205,24.17041766980055,13.9188005776996,2.618892634273201
2256.650416666682,0.0,4.533192360939627,97.58473866518464,0.0066082552107957545,0.0004686901839671343,24.177025925011346,13.921079350919184,2.6246959965843297
2257.320000000015,3.4831442864497233,4.534611337735522,97.6156139847989,0.007567876244774385,0.0004674837405030823,24.18459380125612,13.923688423039092,2.63136986834316
2258.070000000015,10.146326021353847,4.536196645717981,97.75295736566234,0.008454975906444109,0.0004661356440895287,24.193048777162566,13.926602552797512,2.638861351391528
2258.889166666682,15.299489646575847,4.537923302805633,97.97552394931925,0.009208837800813286,0.0004646671286099765,24.20225761496338,13.929775581197001,2.64706350164912
2259.761250000015,16.86434029958356,4.5397560291807535,98.22160576804511,0.00977454066730384,0.0004631082223716867,24.212032155630684,13.933142468780714,2.6558186361818708
2260.6666666666815,16.866307008267082,4.541652943100611,98.46694927714664,0.010116874239240577,0.00046149460117972385,24.222149029869925,13.93662612430836,2.664934140431802
2261.583333333348,16.76312317904476,4.543567448785916,98.72148181700979,0.010210696988300337,0.00045986597453920183,24.232359726858224,13.940140900822735,2.6741901063932327
2262.4887500000145,17.135853184103944,4.5454526582069334,98.98203209818999,0.010054450245423868,0.000458262307199588,24.242414177103647,13.943600729620883,2.683359834977778
2263.3608333333477,17.863760805094508,4.5472631117355835,99.2438506135729,0.009655752152804281,0.0004567223411468074,24.25206992925645,13.946922276385846,2.6922181576515234
2264.1800000000144,18.74356684651432,4.548959014331459,99.48583128485483,0.009044813844664516,0.00045527997554345386,24.261114743101114,13.950032697429895,2.7005627973364885
2264.9300000000144,19.29156311409073,4.550507808375106,99.67580434986124,0.008260234899452865,0.00045396292170522205,24.269374978000567,13.95287249455299,2.7082234641278515
2265.5995833333477,18.774066372095774,4.551887434012012,99.79039476101453,0.007358003396832632,0.0004527899273417035,24.276732981397398,13.955401457368405,2.715079678119722
2266.182916666681,4.896650264952001,4.553087004844471,99.82619427821481,0.0063977111064502275,0.0004517702098679743,24.28313069250385,13.957599864174703,2.721065979200375
2266.6800000000144,0.0,4.554107516917444,99.81377059772034,0.005442731055856046,0.0004509028658959042,24.288573423559704,13.959469749998382,2.726177042815328
2267.096666666681,0.0,4.554961747888924,99.80335845567404,0.004555898514556779,0.00045017697187312917,24.29312932207426,13.96103469941265,2.7304683369327987
2267.4441666666808,0.0,4.555673353152312,99.79467584800193,0.0037952280714077004,0.000449572366126839,24.29692455014567,13.962338178461172,2.734052237484986
2267.738750000014,0.0,4.556276003621712,99.78731628450262,0.003214135836798188,0.00044906039078084723,24.300138685982468,13.963441951991527,2.7370938916171372
2268.000000000014,0.0,4.55680999243047,99.7807903273254,0.002847940313368885,0.00044860677883345904,24.302986626295837,13.964419871302754,2.739793989169754
2268.250000000014,0.0,4.557320552322505,99.77454639054194,0.0027229860908577434,0.00044817307975003726,24.305709612386696,13.965354797843057,2.742380013322067
2268.511250000014,0.0,4.5578536080619445,99.76802283321263,0.002842963943674725,0.0004477202603675364,24.30855257633037,13.966330828323459,2.745084576227307
2268.8058333333474,0.0,4.558454062689805,99.76066891775324,0.003202424681922932,0.00044721015033439236,24.311755001012294,13.96743015677371,2.748136738554532
2269.1533333333473,0.0,4.559161519496219,99.75199698168967,0.0037731029675384282,0.0004466090689810561,24.315528103979833,13.968725238046725,2.7517404903775446
2269.570000000014,0.0,4.560008553368724,99.74160335651477,0.004517513986693556,0.0004458892902387742,24.320045617966528,13.970275618321201,2.7560662212912668
2270.067083333347,0.0,4.56101730915261,99.72920992887865,0.005380030847391174,0.00044503193705698846,24.32542564881392,13.972121705880564,2.761233530520644
2270.6504166666805,0.0,4.562198686290813,99.71467433933265,0.006300678070416316,0.00044402768372337284,24.331726326884336,13.974283283293783,2.767306864583013
2271.320000000014,3.4822058217467036,4.563551575917405,99.74577308114381,0.00721541134182376,0.00044287741814439595,24.33894173822616,13.976758124680178,2.7742909572837844
2272.070000000014,10.143358723442208,4.565062997299122,99.88349218852547,0.008060914035818862,0.0004415921405576744,24.34700265226198,13.979522268771312,2.7821303516829365
2272.8891666666805,15.296857951689562,4.566709116573309,100.10662905493166,0.00877930279566539,0.0004401921091270728,24.355781955057648,13.982531913887131,2.79071303579455
2273.7612500000137,16.863334973079716,4.568456285408162,100.35339454701197,0.009318233785887043,0.00043870596381262786,24.365100188843535,13.985725353465167,2.7998739195133195
2274.66666666668,16.865869083304236,4.570264566948396,100.59945954639237,0.009644168214573789,0.00043716772404789567,24.37474435705811,13.989029455996434,2.8094113911623415
2275.5833333333467,16.762760646311037,4.572089537472766,100.85476124417359,0.009733176129981314,0.00043561524863916604,24.38447753318809,13.99236298314934,2.819095322704877
2276.488750000013,17.135470220107578,4.573886502496687,101.11608162330047,0.009583813460908959,0.0004340866330333411,24.394061346649,13.995644305537638,2.8286885288503276
2277.3608333333464,17.863250412508034,4.57561213677566,101.37862337000101,0.009203382821188428,0.00043261880057116623,24.403264729470187,13.99879439587085,2.8379554745096294
2278.180000000013,18.74303311045789,4.577228520966065,101.62117463516228,0.008620715682163839,0.00043124405290121065,24.41188544515235,14.001744183593546,2.846684616356835
2278.930000000013,19.291214100798804,4.578704638680156,101.81151794822837,0.0078726278084802,0.0004299887897457766,24.419758072960832,14.004437259977774,2.8546979061872575
2279.5995833333463,18.773728903584374,4.580019481407144,101.9263693223976,0.007012494543939832,0.00042887086544682096,24.42677056750477,14.006835510651369,2.8618694192057337
2280.18291666668,4.895035078410575,4.5811626899013245,101.96235719095947,0.00609711196896335,0.00042789905108041554,24.432867679473734,14.008920251466,2.86813078667388
2280.680000000013,0.0,4.5821352277173535,101.95005140001851,0.005186868352153996,0.00042707247351119533,24.43805454782589,14.01069342854557,2.8734765321831186
2281.0966666666795,0.0,4.5829492835855445,101.93973756153135,0.004341631297017032,0.0004263807126074148,24.442396179122905,14.012177420079322,2.8779647478395187
2281.4441666666794,0.0,4.583627409209552,101.93113658078728,0.0036166699947091092,0.0004258045472195311,24.446012849117615,14.0134134535956,2.8817130250725884
2281.7387500000127,0.0,4.584201697388596,101.92384595829529,0.00306287028823304,0.00042531666238955767,24.449075719405847,14.014460104932812,2.884894125939142
2282.0000000000127,0.0,4.58471054858864,101.91738094306729,0.002713873066897865,0.0004248844004287946,24.451789592472746,14.015387407590653,2.8877179654424094
2282.2500000000127,0.0,4.585197067892982,101.91119514716938,0.002594769623158052,0.0004244711191129875,24.454384362095904,14.01627393605711,2.8904224632507067
2282.5112500000128,0.0,4.5857050176357514,101.90473215944519,0.0027090652947696207,0.00042403962287580543,24.457093427390674,14.017199433653271,2.8932508880839696
2282.805833333346,0.0,4.586277184367956,101.89744630874723,0.0030515559050965924,0.00042355354018734474,24.46014498329577,14.01824183704889,2.8964427794812115
2283.153333333346,0.0,4.5869513020851995,101.888854344216,0.0035952944919637403,0.00042298077983434786,24.463740277787732,14.019469845230702,2.90021144133868
2283.5700000000124,0.0,4.587758404695938,101.87855615077231,0.004304547257269946,0.00042229492711006253,24.468044825045002,14.020939913768215,2.9047350189875925
2284.0670833333456,0.0,4.588719584537801,101.86627592183285,0.005126292489938052,0.00042147800198367893,24.47317111753494,14.022690348045009,2.9101385211603383
2284.650416666679,0.0,4.589845215767145,101.8518722719878,0.006003366556501099,0.0004205211280550661,24.47917448409144,14.024739892870162,2.9164892596237304
2285.3200000000124,3.4813220474834945,4.591134228350148,101.88316524701874,0.006874733776015643,0.00041942516282836165,24.486049217867457,14.027086422435671,2.923792086370918
2286.0700000000124,10.140586189541196,4.592574239666336,102.02121949796611,0.007680060353003067,0.0004182005998419122,24.49372927822046,14.029707201048375,2.9319889042966842
2286.889166666679,15.29439524752191,4.59414252729505,102.24487242158624,0.008364200686476185,0.0004168667527666213,24.502093478906936,14.032560682299533,2.9409624836434136
2287.7612500000123,16.862393449262424,4.595807021067585,102.49225942275895,0.008877300120182292,0.00041545091855959936,24.51097077902712,14.03558834700043,2.9505401152534656
2288.666666666679,16.865458937846306,4.59752966458754,102.7389807964564,0.009187432106430679,0.0004139855151173699,24.52015821113355,14.03872084947492,2.960510938618123
2289.5833333333453,16.762421105812464,4.599268133359966,102.99498347836828,0.009271833452940246,0.0004125066125639793,24.529430044586487,14.041881165376942,2.9706343255223016
2290.488750000012,17.135111540955144,4.60097985205965,103.25700587340242,0.009129166398313817,0.0004110505003947802,24.5385592109848,14.04499190766491,2.9806623225426794
2291.360833333345,17.862772383934054,4.602623556634958,103.5202060902308,0.00876642440164138,0.00040965234563148463,24.547325635386443,14.047978164021773,2.990348754776424
2292.1800000000117,18.742534015788348,4.604163138350796,103.76327303522844,0.008211102484470179,0.000408342907811785,24.555536737870913,14.050774467876792,2.999472573589799
2292.9300000000117,19.290887979995247,4.605569067866737,103.9539454231263,0.007498290751686514,0.0004071473211509828,24.5630350286226,14.053327360649883,3.007847777105874
2293.599583333345,18.773410620654754,4.606821350312858,104.06902558789756,0.006678839712640909,0.00040608257864699994,24.569713868335242,14.05560072858737,3.0153428634989115
2294.1829166666785,4.893511671865064,4.607910133823448,104.10517612243747,0.005806845389813062,0.00040515702177759547,24.575520713725055,14.057576876844093,3.0218864904696296
2294.6800000000117,0.0,4.608836349067056,104.0929689741098,0.004939814632582084,0.00040436980790905895,24.580460528357637,14.05925766483713,3.027473036171691
2295.096666666678,0.0,4.609611614879581,104.08273731341549,0.004134751000131127,0.000403711004066275,24.584595279357767,14.06066431680213,3.0321632939008545
2295.444166666678,0.0,4.610257416389613,104.07420451592714,0.0034442747201704443,0.00040316229801310626,24.588039554077938,14.061835920705542,3.036080212765625
2295.7387500000114,0.0,4.610804322110241,104.06697144183256,0.0029168305100133497,0.00040269767193039293,24.59095638458795,14.062828005230601,3.0394043718251273
2296.0000000000114,0.0,4.611288904841679,104.06055726834622,0.002584441234336502,0.00040228602220483304,24.593540825822288,14.063706956418896,3.0423551528888435
2296.2500000000114,0.0,4.611752215393567,104.05441995137716,0.0024709896100727443,0.0004018924525871116,24.59601181543236,14.064547253439553,3.0451811832271636
2296.5112500000114,0.0,4.612235928491376,104.04800744048724,0.0025798031883132967,0.00040148154156274216,24.598591618620674,14.065424481109103,3.048136663259214
2296.8058333333447,0.0,4.61278078765778,104.04077827944242,0.0029059155541510365,0.00040101865402401566,24.601497534174825,14.066412509591961,3.0514718802670306
2297.1533333333446,0.0,4.613422722751743,104.0322528758369,0.0034236538344704862,0.0004004732328423779,24.604921188009296,14.067576450703864,3.0554096889261717
2297.570000000011,0.0,4.614191280779521,104.02203404572644,0.004098976148153799,0.00039982012868073084,24.60902016415745,14.068969808643738,3.0601361849486044
2298.0670833333443,0.0,4.615106539027507,104.00984786225916,0.004881377322588189,0.0003990422266244317,24.613901541480036,14.070628881244028,3.065781918493004
2298.6504166666778,0.0,4.616178365823371,103.99555369805034,0.005716409577947797,0.00039813108295600543,24.619617951057982,14.072571423502087,3.072417130865811
2299.320000000011,3.4804897758106272,4.617405730045303,104.02701238691975,0.006545942516967924,0.000397087524615878,24.62616389357495,14.074795406855248,3.0800467843603823
2300.070000000011,10.137994705308795,4.618776827887051,104.16536246596314,0.007312521822659917,0.00039592155477466407,24.63347641539761,14.07727926793852,3.0886100625364774
2300.8891666666777,15.292090163626357,4.620270011068811,104.38947923545706,0.007963643636052637,0.00039465157428585535,24.641440059033663,14.079983615987183,3.097984373658978
2301.761250000011,16.86151152026279,4.621854733649243,104.63742797740497,0.008451853762303561,0.00039330358297366767,24.649891912795965,14.082852977263846,3.1079891867171736
2302.6666666666774,16.865074741982685,4.62349475463856,104.8847431225171,0.008746778609687872,0.00039190845256804874,24.658638691405653,14.085821622446554,3.118404152323677
2303.583333333344,16.7621030433112,4.625149775348779,105.1413812916936,0.008826777121173307,0.0003905005270332475,24.667465468526824,14.088816551603333,3.1289778758384896
2304.4887500000104,17.134775547329244,4.62677926473866,105.40404032828762,0.008690610079366258,0.000389114353686552,24.67615607860619,14.091764428309736,3.139451368654978
2305.3608333333436,17.862324587641236,4.628343946383531,105.66783685077004,0.008344968772639247,0.00038778340588147014,24.68450104737883,14.094594268394387,3.149567558115812
2306.1800000000103,18.742067189916217,4.629809456834908,105.91136671839861,0.0078160557406799,0.0003865369566512383,24.69231710311951,14.097244044831228,3.159095665488584
2306.9300000000103,19.290583130255236,4.631147699511324,106.10232844860089,0.007137294274220893,0.00038539892088238257,24.69945439739373,14.099663113837607,3.1678415523278725
2307.5995833333436,18.773110468148307,4.632339655502823,106.21760619758324,0.006357098621327189,0.00038438546223564505,24.705811496015055,14.10181726970438,3.175668016941879
2308.182916666677,4.892075015880791,4.633375960671422,106.25389441474535,0.005526960899195366,0.00038350450922992695,24.711338456914252,14.103689760185082,3.1825006841324304
2308.6800000000103,0.0,4.634257512598575,106.24176709404222,0.004701610278148613,0.0003827552498156773,24.7160400671924,14.105282360333256,3.1883337944092474
2309.096666666677,0.0,4.6349953795078145,106.23160185070134,0.0039352901826113125,0.0003821282216969643,24.71997535737501,14.106615191594424,3.1932309163063546
2309.4441666666767,0.0,4.6356100173524775,106.22312409974982,0.003278068504873958,0.00038160598969583703,24.723253425879882,14.107725298735044,3.197320491612385
2309.73875000001,0.0,4.6361305245005795,106.21593744326819,0.002776038123213673,0.00038116378708324456,24.726029464003094,14.108665301317481,3.2007911073883624
2310.00000000001,0.0,4.6365917114070525,106.20956424474743,0.002459663501189744,0.0003807720088082431,24.728489127504282,14.109498103618792,3.2038718401066206
2310.25000000001,0.0,4.63703264831369,106.20346596920524,0.002351663502064974,0.00038039744198513684,24.730840791006347,14.110294275858653,3.2068222799068793
2310.51125000001,0.0,4.637492997453109,106.19709407804577,0.0024551954102388814,0.000380006375351223,24.733295986416586,14.111125433841018,3.2099078176737557
2310.8058333333433,0.0,4.638011533040581,106.18991049863203,0.0027655231331829696,0.0003795658475963299,24.736061509549767,14.112061566766375,3.2133897410289567
2311.153333333343,0.0,4.638622446150477,106.18143856223779,0.003258203252780151,0.0003790467801356445,24.739319712802548,14.11316436324055,3.2175006776962407
2311.5700000000097,0.0,4.639353851077955,106.171283409631,0.0039008262798793936,0.00037842524290858886,24.743220539082426,14.114484511373506,3.222434855890192
2312.067083333343,0.0,4.640224847526741,106.15917257852499,0.004645314393528561,0.00037768495420014835,24.747865853475954,14.116056394014574,3.228328489961605
2312.6504166666764,0.0,4.641244817363154,106.14496599098676,0.005439839127538146,0.00037681788642156006,24.753305692603494,14.117896822795416,3.2352548095914573
2313.3200000000097,3.479706007182365,4.642412768271829,106.17656268856908,0.006229071512925621,0.00037582483594584794,24.75953476411642,14.120003863455329,3.2432188781161373
2314.0700000000097,10.13557160664724,4.643717455703585,106.31517067608533,0.0069583329693670955,0.0003747153321287599,24.76649309708579,14.122357072993534,3.252157083454537
2314.8891666666764,15.289932127996673,4.645138267919884,106.53970119602529,0.007577665153591899,0.00037350689493852103,24.77407076223938,14.124919119261847,3.261941334681035
2315.7612500000096,16.860685264240825,4.646646128970052,106.78815440396335,0.008041925600898859,0.0003722242731964357,24.78211268784028,14.127637435888577,3.272383087187046
2316.666666666676,16.864714789854162,4.648206547959366,107.03600333373778,0.008322234609676052,0.0003708968480615351,24.790434922449954,14.130449745116522,3.283252276747309
2317.5833333333426,16.76180504721641,4.649781178399373,107.29321426938992,0.00839802901337233,0.00036955730002581096,24.798832951463325,14.133286887210465,3.2942864927237974
2318.488750000009,17.134460748365317,4.6513314585638845,107.55644737527629,0.008268160877394378,0.0003682384980864467,24.80710111234072,14.136079390153832,3.305215462021349
2319.3608333333423,17.86190503656729,4.652820026092401,107.82078072519732,0.007939026818750217,0.0003669722845814984,24.81504013915947,14.138760016570576,3.31577097445762
2320.180000000009,18.741630431570666,4.654214197593126,108.06472300926062,0.0074355813372041085,0.00036578650157174805,24.822475720496676,14.141270019455021,3.325712313247366
2320.930000000009,19.29029805698373,4.655487255112505,108.25593590658205,0.006789640103352403,0.0003647038906623371,24.82926536060003,14.143561438603921,3.3348370351227654
2321.5995833333423,18.772827444763276,4.656621118213241,108.37138112888006,0.0060472698705919615,0.0003637398180209512,24.83531263047062,14.145601886696026,3.3430021265334102
2322.1829166666757,4.890720333160715,4.657606891030834,108.407782869296,0.00525745502716375,0.00036290181567952495,24.840570085497784,14.14737550895703,3.3501301264807766
2322.680000000009,0.0,4.658445438034244,108.39571710843221,0.0044722506848516985,0.00036218910210560935,24.845042336182637,14.148883998537427,3.356215147079314
2323.0966666666754,0.0,4.659147296250805,108.38560298387605,0.0037432438216606755,0.00036159266908964956,24.848785580004296,14.150146423899205,3.3613236024520283
2323.4441666666753,0.0,4.65973192994154,108.37716753017006,0.003118046350587746,0.00036109592658364295,24.851903626354883,14.15119788023604,3.3655895534705977
2323.7387500000086,0.0,4.660227021500753,108.37001649053009,0.002640488315800518,0.0003606753128708448,24.854544114670684,14.152088212012655,3.369209773018135
2324.0000000000086,0.0,4.66066568434318,108.3636746940763,0.0023395351596153307,0.0003603026659587262,24.856883649830298,14.152877002565758,3.372423243759208
2324.2500000000086,0.0,4.661085081794575,108.35760630473132,0.0022367864074380136,0.0003599463937553225,24.859120436237735,14.153631094019312,3.3755007552431886
2324.5112500000087,0.0,4.661522938628166,108.35126547225535,0.0023352364458180948,0.0003595744315150861,24.861455672683554,14.15441831701975,3.3787191282729023
2324.805833333342,0.0,4.6620161333652845,108.34411670159282,0.0026303719313011164,0.00035915542918762343,24.864086044614854,14.15530495979744,3.3823508842264407
2325.153333333342,0.0,4.662597183520542,108.33568553581246,0.0030989341613719273,0.0003586617312951397,24.867184978776226,14.156349446773195,3.3866386288696755
2325.5700000000083,0.0,4.663292824721733,108.32557885355986,0.0037100864063492403,0.00035807058108257067,24.870895065182577,14.157599781132452,3.3917848903566767
2326.0670833333415,0.0,4.664121216396787,108.31352525636353,0.004418088933625943,0.00035736649825343,24.875313154116203,14.159088520428504,3.397931659323338
2326.650416666675,0.0,4.665091273147707,108.29938501589251,0.005173636004905643,0.00035654185493766785,24.880486790121108,14.160831577834704,3.4051552063832426
2327.3200000000083,3.478967918525949,4.666202041194505,108.33109297293832,0.005924096249591113,0.00035559741707836553,24.886410886370697,14.162827110362391,3.413460685224146
2328.0700000000083,10.1333051932869,4.667442815546601,108.46992247224955,0.006617463211179482,0.00035454225689108133,24.893028349581876,14.16505574478624,3.422781615381158
2328.889166666675,15.287911310950907,4.668793983313292,108.694818865558,0.007206228089018928,0.00035339304547340143,24.900234577670894,14.167482113292566,3.4329842779356112
2329.761250000008,16.85991102634254,4.6702278842784555,108.94372185663688,0.007647471814207311,0.00035217332679373325,24.9078820494851,14.17005642281622,3.4438719360852903
2330.6666666666747,16.86437749144382,4.671711712399832,109.1920473039571,0.007913749980671547,0.00035091104698115684,24.91579579946577,14.17271968727664,3.4552046014545015
2331.583333333341,16.761525801787826,4.673208999951883,109.4497711609294,0.007985533610938993,0.00034963728560178015,24.923781333076708,14.175406408494855,3.4667086174307005
2332.4887500000077,17.13416575446029,4.674683079816284,109.71351866089799,0.00786175927680965,0.00034838329697196824,24.931643092353518,14.178050798382543,3.4781021978847404
2333.360833333341,17.861511878703084,4.67609843047556,109.97833213675173,0.007548536849470633,0.00034717935478016193,24.939191629202988,14.180589190678587,3.4891057765031253
2334.1800000000076,18.741221698209753,4.677423983747367,110.22263867739422,0.007069617449641225,0.00034605192532432053,24.94626124665263,14.182965963945813,3.4994685100196943
2334.9300000000076,19.290031381466754,4.6786343465649445,110.41406624041888,0.006455268360409381,0.00034502262264654034,24.952716515013037,14.185135714592159,3.508979498995829
2335.599583333341,18.772560600795384,4.679712339822011,110.52965004781706,0.00574929737102363,0.0003441060469734422,24.958465812384063,14.187067787012976,3.5174898184730568
2336.1829166666744,4.889443089003042,4.680649516739858,110.56614209548479,0.00499827689517901,0.0003433093500962774,24.963464089279242,14.188747180377558,3.5249188760557995
2336.6800000000076,0.0,4.681446708806569,110.55412028617643,0.00425169102246011,0.0003426317807993041,24.967715780301702,14.190175508483565,3.531260666235707
2337.096666666674,0.0,4.682113941299879,110.54404253777163,0.003558573297651928,0.00034206476833987035,24.971274353599355,14.191370835187207,3.5365845146392143
2337.444166666674,0.0,4.682669724173133,110.53563709785146,0.002964175324021355,0.00034159253595345815,24.974238528923376,14.192366396890456,3.541030217532115
2337.7387500000073,0.0,4.683140377795969,110.52851127072648,0.002510152655127592,0.00034119268104401126,24.976748681578503,14.19320939282558,3.544802896066835
2338.0000000000073,0.0,4.683557383533646,110.52219165620558,0.0022240306009410162,0.0003408384294371515,24.978972712179445,14.193956241174684,3.5481516316376815
2338.2500000000073,0.0,4.683956071060375,110.5161443364254,0.0021263334758876954,0.0003404997475898472,24.981099045655334,14.19467023111916,3.551358627997499
2338.5112500000073,0.0,4.684372302304495,110.50982535647199,0.002219899968641203,0.0003401461538909724,24.983318945623974,14.195415586181904,3.554712352919523
2338.8058333333406,0.0,4.684841133272019,110.50270102311771,0.0025004318267970635,0.00033974784737768245,24.98581937745077,14.196255067892894,3.5584967727360013
2339.1533333333405,0.0,4.685393472728771,110.49429840661676,0.00294581043601177,0.00033927854059079976,24.98876518788678,14.197243990425275,3.5629646562685435
2339.570000000007,0.0,4.686054731298564,110.48422555986559,0.0035267123722296815,0.00033871660443046556,24.992291900259012,14.198427798968318,3.5683269821044274
2340.06708333334,0.0,4.68684216512431,110.47221176435279,0.004199647070643442,0.00033804732850484264,24.996491547329654,14.199837312512727,3.5747316170021697
2340.6504166666737,0.0,4.687764240500396,110.45811745146993,0.004917735339124129,0.0003372634684566009,25.001409282668778,14.201487589118418,3.582257917940225
2341.320000000007,3.4782728523055524,4.688820041764756,110.48991101302543,0.0056309400765894345,0.0003363657600616291,25.007040222745367,14.203376873978794,3.5909111167767196
2342.070000000007,10.131184649608292,4.689999383751623,110.62892727593508,0.006289823929953512,0.0003353628351018019,25.01333004667532,14.205486814504109,3.600621796228225
2342.8891666666736,15.286018572443623,4.691283614814672,110.85414398665472,0.006849232336263694,0.0003342705477447354,25.020179279011586,14.207783915792076,3.611250490487155
2343.761250000007,16.859185400690134,4.692646436448903,111.10344476883591,0.0072683820492308445,0.0003331112830611526,25.027447661060815,14.210221028196733,3.622592107310628
2344.6666666666733,16.864061364805856,4.694056662584059,111.3521922897952,0.00752120605416743,0.000331911607386383,25.034968867114983,14.21274230248776,3.634396544188459
2345.58333333334,16.761264080702837,4.695479631311665,111.61037219823885,0.007589166547229613,0.00033070106149287257,25.042558033662214,14.215285729144755,3.6463786912097103
2346.4887500000063,17.133889270468018,4.696880495991723,111.87457740940489,0.007471278293642329,0.0003295093481671579,25.050029311955857,14.2177890294129,3.6582450445697465
2347.3608333333395,17.861143387998332,4.698225503370642,112.13981717740567,0.007173372687566885,0.0003283652342706558,25.057202684643425,14.220191938274473,3.6697044874981604
2348.180000000006,18.74083909427228,4.699485136268264,112.38444225713226,0.006718042120653654,0.0003272938650063226,25.063920726764078,14.222441810591977,3.6804958841379363
2348.930000000006,19.289781830926852,4.700635273358686,112.57604977394823,0.006134064482245613,0.0003263157720675604,25.070054791246324,14.224495676746498,3.6903997467801606
2349.5995833333395,18.77230903591576,4.7016596002041755,112.69174462554335,0.005463076509278432,0.0003254448208861806,25.075517867755604,14.226324529207824,3.6992611536023716
2350.182916666673,4.888238981673224,4.702550100250018,112.72830482442215,0.004749333577825847,0.0003246877989831536,25.08026720133343,14.22791417916724,3.706996343408261
2350.680000000006,0.0,4.703307572274289,112.71631012709554,0.004039850796110651,0.0003240439851412129,25.084307052129542,14.229266163684862,3.7135992054211386
2351.0966666666727,0.0,4.703941549189149,112.70625465961426,0.0033812102125832908,0.00032350522951802966,25.087688262342127,14.230397588904351,3.7191420374703554
2351.4441666666726,0.0,4.704469623764986,112.69786749208842,0.002816397737800765,0.0003230565370057876,25.090504660079926,14.231339920288162,3.7237704758745833
2351.738750000006,0.0,4.704916807849092,112.69075693418766,0.002384981781900421,0.0003226766186149243,25.092889641861827,14.232137837436262,3.7276981348453337
2352.000000000006,0.0,4.705313015168351,112.68445069148342,0.0021131057027154463,0.0003223400332384879,25.095002747564543,14.232844744001778,3.7311843652813477
2352.250000000006,0.0,4.705691814327257,112.67841601799252,0.0020202621808296565,0.0003220182442140951,25.09702300974537,14.233520545543978,3.7345229750492104
2352.511250000006,0.0,4.706087278306665,112.67211009647833,0.0021091412235092026,0.00032168229028792136,25.09913215096888,14.234226030544422,3.7380142703394474
2352.8058333333393,0.0,4.706532713051288,112.66500029487263,0.0023756519713231195,0.00032130385802461983,25.101507802940205,14.235020602253831,3.741953848264427
2353.153333333339,0.0,4.707057482721832,112.65661455754223,0.002798771576238191,0.0003208579734593896,25.104306574516443,14.235956613341616,3.746604802930806
2353.5700000000056,0.0,4.707685726015457,112.64656157473136,0.003350630899330998,0.00032032408999328396,25.107657205415773,14.237077073611347,3.7521866945726
2354.067083333339,0.0,4.708433832328916,112.63457094333387,0.003989900338445069,0.0003196882360084244,25.11164710575422,14.238411147222854,3.758853352020158
2354.6504166666723,0.0,4.709309838304419,112.6205030757605,0.004672031869348342,0.00031894353471047986,25.116319137623567,14.239973078892406,3.7666872560546256
2355.3200000000056,3.477618306386526,4.710312865852121,112.65235781612132,0.00534948025441036,0.00031809069208108557,25.121668617877976,14.241761198869076,3.7756937029916555
2356.0700000000056,10.129199972162073,4.711433229957054,112.79152786647246,0.005975275226312247,0.0003171379161260496,25.12764389310429,14.24375812756476,3.7858002753909252
2356.8891666666723,15.284245412734023,4.712653202867564,113.01702176233911,0.006506522189389987,0.000316100275810339,25.13415041529368,14.245932154508889,3.7968616531326975
2357.7612500000055,16.858505213405262,4.713947794222864,113.26667113322927,0.0069044872282632555,0.000314999042876614,25.14105490252194,14.248238647864575,3.8086642429269686
2358.666666666672,16.863765028733322,4.715287373666042,113.51578921030553,0.007144423696952855,0.00031385945857641446,25.148199326218894,14.250624745600948,3.8209476602596277
2359.5833333333385,16.761018740987925,4.716639012933238,113.77437137499281,0.007208742758374701,0.00031270958636538,25.15540806897727,14.253031759816537,3.8334151604165805
2360.488750000005,17.133630089281866,4.717969612589346,114.03898070186418,0.0070965314992426365,0.0003115776399252456,25.162504600476513,14.255400752485073,3.845761344430114
2361.360833333338,17.860797955788396,4.719247115971621,114.30459588698812,0.006813351372133783,0.00031049094034436435,25.169317951848647,14.25767469586058,3.8576833782405062
2362.180000000005,18.740480860240005,4.720443493560354,114.54949632675219,0.006380680473238519,0.0003094733656642719,25.175698632321886,14.259803777088928,3.8689096924795603
2362.930000000005,19.28954822949301,4.721535843399094,114.74125098940038,0.005825865806616917,0.00030854440978716216,25.181524498128503,14.261747342263986,3.879212100720624
2363.599583333338,18.772071896992728,4.722508679651398,114.85703081330271,0.005188460012284119,0.0003077172339918172,25.186712958140788,14.263477951339185,3.8884296146002404
2364.1829166666716,4.88710393277411,4.723354397501427,114.89363818082037,0.00451049520015927,0.0003069982771804334,25.191223453340946,14.26498218721245,3.8964752758096983
2364.680000000005,0.0,4.7240737634104795,114.88165463051085,0.0038366181816131407,0.00030638684771284514,25.19506007152256,14.266261512864677,3.9033428822853775
2365.0966666666714,0.0,4.72467583716388,114.87160808481828,0.003211060018138293,0.0003058752002041244,25.198271131540697,14.267332122094675,3.909107758729816
2365.444166666671,0.0,4.72517733107116,114.86322806427373,0.0026746341721596493,0.00030544908991783995,25.200945765712856,14.268223794291607,3.913921472905266
2365.7387500000045,0.0,4.725602001315304,114.85612335595759,0.002264907968765421,0.0003050882965025202,25.20321067368162,14.268978810687052,3.918006256857197
2366.0000000000045,0.0,4.725978257583199,114.84982214046924,0.0020067000954400883,0.0003047686578559922,25.20521737377706,14.269647705791305,3.9216318771458507
2366.2500000000045,0.0,4.726337979049392,114.8437921364261,0.001918514486364633,0.0003044630733255429,25.207135888263426,14.270287164944396,3.9251039075495306
2366.5112500000046,0.0,4.726713522665994,114.83749094677603,0.0020028992885458567,0.00030414404006579574,25.20913878755197,14.270954707633873,3.928734655221583
2366.805833333338,0.0,4.727136515791797,114.83038629969981,0.0022559633376091613,0.00030378467143728823,25.211394750889582,14.27170654132559,3.932831505268476
2367.1533333333377,0.0,4.7276348412367675,114.82200639626868,0.0026577357065136423,0.00030336125319858453,25.214052486596096,14.272592200670502,3.937668013648178
2367.5700000000043,0.0,4.728231418082836,114.81196005729876,0.003181743179033797,0.00030285427674668885,25.21723422977513,14.27365237833022,3.943472431779344
2368.0670833333375,0.0,4.72894180494923,114.7999768521598,0.003788729954096852,0.0003022504785912069,25.221022959729225,14.274914664337446,3.95040462095698
2368.650416666671,0.0,4.729773627127747,114.78591700791623,0.004436384952091457,0.0003015433338523136,25.225459344681315,14.276392530256878,3.958550214329043
2369.3200000000043,3.4770019246189094,4.730726043443921,114.8178098617283,0.005079553686266211,0.00030073351918627705,25.23053889836758,14.27808438825139,3.9679145573962615
2370.0700000000043,10.127341903366485,4.7317898495039294,114.95710261643235,0.005673632320047405,0.0002998288353597547,25.236212530687627,14.279973785648576,3.978422175146246
2370.889166666671,15.282583926305486,4.732948204499462,115.1828330905618,0.0061778933095072664,0.00029884359752590053,25.242390423997133,14.282030710931812,3.9899217988210114
2371.761250000004,16.857867506651225,4.734177373300495,115.43278473551113,0.006555566938844661,0.00029779800911548105,25.248945990935976,14.284212928810181,4.002191208483676
2372.6666666666706,16.863487195860433,4.735449217854429,115.68222487965633,0.00678317095431162,0.00029671604028561483,25.255729161890287,14.286470420049486,4.014959594728837
2373.583333333337,16.7607887173103,4.736732472390312,115.94115867825249,0.006844024191376475,0.00029562433778552294,25.262573186081664,14.288747657255467,4.027918425603306
2374.4887500000036,17.13338708579982,4.737995712503622,116.20612170689883,0.006737280604321077,0.000294549687683746,25.269310466685983,14.290988880575453,4.040750259969226
2375.360833333337,17.8604740827349,4.739208507585368,116.47206448323287,0.006468240435980923,0.0002935180253847124,25.275778707121965,14.29314014151189,4.053140410418541
2376.1800000000035,18.740145362474752,4.740344253495784,116.71719973780736,0.0060573115222175705,0.00029255201480090726,25.28183601864418,14.29515432076322,4.064806761264256
2376.9300000000035,19.289329490001343,4.741381216206047,116.90907075471705,0.005530467788074114,0.0002916701558117667,25.287366486432255,14.296992966271777,4.075512341005266
2377.599583333337,18.77184837596311,4.742304703108599,117.02491106630993,0.0049252634802752345,0.00029088493559552514,25.29229174991253,14.298630127938502,4.0850900425413395
2378.1829166666703,4.886034077683781,4.743107503060888,117.06154590336187,0.004281599745547931,0.0002902024597319281,25.296573349658075,14.300053121649698,4.09344969213062
2378.6800000000035,0.0,4.743790350707139,117.0495585119799,0.003641854113332271,0.000289622065647202,25.30021520377141,14.30126333898885,4.100585012060125
2379.09666666667,0.0,4.744361851726358,117.03950835066603,0.0030480054358391173,0.0002891363961569556,25.30326320920725,14.302276105224237,4.106574401702762
2379.44416666667,0.0,4.7448378741619,117.03112503902229,0.0025387863228836,0.0002887319260588005,25.305801995530132,14.303119595517797,4.111575436730049
2379.738750000003,0.0,4.74524097057403,117.02401734474516,0.0021498475313622262,0.0002883894593635049,25.307951843061495,14.303833809620963,4.115819069372654
2380.000000000003,0.0,4.745598109192456,117.01771333095444,0.0019047392982738023,0.0002880860597718706,25.309856582359767,14.304466553006138,4.119585600479938
2380.250000000003,0.0,4.7459395502340875,117.01168051717738,0.0018210188887023266,0.00028779600275910273,25.31167760124847,14.305071448236397,4.1231925001380345
2380.511250000003,0.0,4.746296006335205,117.00537625381698,0.0019010992059629974,0.0002874931829610555,25.313578700454432,14.305702905776972,4.126964206751903
2380.8058333333365,0.0,4.746697496544998,116.99826797265928,0.002141281118891267,0.00028715208081864566,25.315719981573324,14.306414093839416,4.131220018728271
2381.1533333333364,0.0,4.747170484495412,116.9898835537165,0.0025226024022092447,0.0002867501889598945,25.318242583975533,14.307251867253552,4.136244061854708
2381.570000000003,0.0,4.747736721043101,116.97983147500675,0.003019928254346197,0.00028626899305476207,25.32126251222988,14.308254715396417,4.14227336416725
2382.067083333336,0.0,4.748410969326263,116.96784095930803,0.003595990843522046,0.0002856959076651057,25.3248585030734,14.309448731842457,4.1494738725764035
2382.6504166666696,0.0,4.749200461189907,116.953771895421,0.004210623272773976,0.00028502474451651494,25.329069126346173,14.310846653625182,4.1579343914079505
2383.320000000003,3.476421488070568,4.750104391622963,116.98568128440206,0.004820962309632308,0.0002842561514913719,25.333890088655806,14.31244697168238,4.167660298505101
2384.070000000003,10.125601870885895,4.75111401754201,117.12506767123189,0.005384671568247456,0.0002833975384700798,25.339274760224054,14.314234115748034,4.178573010650965
2384.8891666666696,15.281026758909555,4.752213348655671,117.350996742058,0.005863099272861155,0.0002824624977406079,25.345137859496916,14.316179690818908,4.190515230889554
2385.7612500000027,16.85726952366927,4.753379852976241,117.60120733062979,0.0062213563763757725,0.0002814702087383003,25.35135921587329,14.318243741272026,4.203256009462786
2386.6666666666692,16.863226666189775,4.7545868223938434,117.85092418137607,0.006437170227209894,0.0002804434236258399,25.3577963861005,14.32037895155069,4.216513997089925
2387.5833333333358,16.760573016621777,4.755804583713618,118.1101622607651,0.0064947270388007764,0.00027940743200716254,25.364291113139302,14.322532799613878,4.22996875451212
2388.4887500000023,17.133159211263013,4.7570033166962125,118.3754318511728,0.006393242573835276,0.0002783876527166953,25.370684355713138,14.324652547298204,4.2432906852636805
2389.3608333333354,17.860170371267717,4.758154147583031,118.64165753064106,0.006137764729697496,0.0002774086944304138,25.376822120442835,14.326687173290455,4.256153146614595
2390.180000000002,18.73983108379096,4.759231836562777,118.88698978230934,0.0057476745586441955,0.0002764920589197181,25.38256979500148,14.328592118397285,4.268263394806461
2390.930000000002,19.289124606549482,4.760215767154359,119.07894848784345,0.005247629821770227,0.00027565529490785327,25.38781742482325,14.330331022934,4.279375613443863
2391.5995833333354,18.771637707757737,4.761092005386034,119.19482650394622,0.004673270568932521,0.00027491024486378453,25.392490695392183,14.331879352254308,4.28931654367381
2392.182916666669,4.885025756118277,4.7618537161780035,119.23147050083871,0.004062457557172003,0.0002742626959558464,25.396553152949355,14.333225118095255,4.297992788878183
2392.680000000002,0.0,4.762501602948731,119.21946535537141,0.0034553961105455114,0.0002737120140895142,25.4000085490599,14.33436964333096,4.305398012999236
2393.0966666666686,0.0,4.76304383600954,119.20939994496182,0.002891909657650808,0.00027325121426460396,25.402900458717554,14.335327426943971,4.311613730138184
2393.4441666666685,0.0,4.763495474696901,119.20100365996207,0.0024087396659201368,0.00027286746051555455,25.405309198383474,14.336125118680963,4.316803583735022
2393.738750000002,0.0,4.763877919025113,119.19388478628116,0.002039703083799411,0.0002725425377585869,25.407348901467273,14.33680054931446,4.321207323698643
2394.000000000002,0.0,4.764216757159485,119.18757071915518,0.0018071367166469904,0.00027225468330514547,25.40915603818392,14.337398930094105,4.32511587332833
2394.250000000002,0.0,4.764540699470486,119.18152816327274,0.0017276923253440636,0.0002719794900307201,25.410883730509262,14.337970972281601,4.328858694697917
2394.511250000002,0.0,4.764878884590712,119.17521359294699,0.0018036539745399345,0.00027169219031280433,25.412687384483803,14.33856813121235,4.33277245211839
2394.805833333335,0.0,4.76525979214802,119.16809353551557,0.002031506972303699,0.0002713685731342361,25.414718891456108,14.339240686409482,4.337188447380391
2395.153333333335,0.0,4.765708527522655,119.15969501562725,0.002393255331386168,0.0002709872861960313,25.417112146787495,14.340032945793391,4.342401452553404
2395.5700000000015,0.0,4.766245723681575,119.14962573167671,0.0028650461809039646,0.00027053076661341305,25.4199771929684,14.34098130493358,4.3486573311828565
2396.0670833333347,0.0,4.766885382819669,119.13761426677895,0.00341151540316939,0.0002699870775705081,25.42338870837157,14.342110435590206,4.356128150020815
2396.650416666668,0.0,4.767634360803503,119.12352003305395,0.003994549247115374,0.0002693503524605182,25.427383257618683,14.343432377327904,4.364905892761007
2397.3200000000015,3.475874906849718,4.768491887953119,119.15542598766025,0.004573478131289455,0.00026862121101360397,25.43195673574997,14.344945696739542,4.374995951185548
2398.0700000000015,10.123971932221668,4.769449663468777,119.2948790589378,0.005108136083507767,0.0002678066883374966,25.437064871833478,14.346635663049518,4.386316590908489
2398.889166666668,15.279567067591337,4.77049251178404,119.52097146735557,0.005561857681404439,0.00026691968426415696,25.44262672951488,14.348475418379467,4.39870442367991
2399.7612500000014,16.8567086947765,4.771599052937816,119.77140074706885,0.005901552820137287,0.00026597839772430704,25.44852828233502,14.350427174291505,4.411919691617478
2400.666666666668,16.862982321031257,4.772743947618601,120.021352169536,0.006106104964185501,0.0002650044149519093,25.454634387299205,14.352446185074045,4.425670421427429
2401.5833333333344,16.76037071314382,4.773899046708836,120.28085053907104,0.006160528481257272,0.0002640217267611284,25.46079491578046,14.35448278483761,4.4396241821617926
2402.488750000001,17.13294548795594,4.7750360647566215,120.54638291454526,0.006064096254852442,0.0002630544438661536,25.466859012035314,14.356487106680415,4.453439146090224
2403.360833333334,17.859885518511717,4.776127617152091,120.81285003287206,0.005821612775837013,0.000262125905892892,25.47268062481115,14.358410910346812,4.4667766505762545
2404.1800000000007,18.739536614723065,4.777149768731869,121.0583442822917,0.005451475092152886,0.0002612565032941218,25.478132099903302,14.360212068566579,4.479333276017056
2404.9300000000007,19.28893264773379,4.778082971355986,121.25036424236775,0.004977080661958428,0.0002604628755066032,25.48310918056526,14.361856208911895,4.4908543302616595
2405.599583333334,18.771439168285248,4.7789140159452135,121.36625899049584,0.004432237809210383,0.0002597562489601468,25.487541418374473,14.363320140708185,4.501160390539662
2406.1829166666676,4.884075502865671,4.779636426355874,121.4028953281529,0.0038528555235273747,0.00025914210691299497,25.491394273898,14.364592535963508,4.510154841652206
2406.6800000000007,0.0,4.7802508754498,121.3908596842541,0.0032770618342721184,0.0002586198430982509,25.49467133573227,14.365674651521832,4.517831308158412
2407.0966666666673,0.0,4.780765116572391,121.38076837353768,0.002742619320479157,0.00025818282897118654,25.49741395505275,14.366580200749413,4.524274450326758
2407.444166666667,0.0,4.781193435184883,121.37235025398937,0.002284365933292018,0.0002578188881247527,25.49969832098604,14.367334383759383,4.5296540209317975
2407.7387500000004,0.0,4.781556128741273,121.36521270480932,0.0019343656340830003,0.0002575107438505374,25.501632686620123,14.36797297047285,4.534218617764289
2408.0000000000005,0.0,4.781877465397125,121.35888194874563,0.001713795497878282,0.0002572377560139519,25.503346482118,14.368538707462434,4.5382698413405205
2408.2500000000005,0.0,4.782184673262439,121.35282331198913,0.001638441948336308,0.00025697677745704824,25.50498492406634,14.36907954022353,4.542149203387606
2408.5112500000005,0.0,4.782505385712441,121.34649182261127,0.0017104664000161783,0.0002567043198875383,25.506695390466355,14.369644116803975,4.546205649785008
2408.805833333334,0.0,4.782866610294069,121.33935254815106,0.0019265311020136378,0.00025639742360488945,25.50862192156837,14.370279972670376,4.550782537276807
2409.1533333333336,0.0,4.783292153676722,121.33093117067374,0.002269564707483548,0.00025603584076261035,25.510891486275852,14.371028996489722,4.5561853262272765
2409.57,0.0,4.7838015801069425,121.3208342116478,0.0027169409611761644,0.00025560291808425143,25.513608427237028,14.371925595149055,4.5626687456326875
2410.0670833333334,0.0,4.78440816454276,121.30878934946978,0.0032351169910281694,0.0002550873386534337,25.516843544228056,14.37299309023799,4.570410995730761
2410.650416666667,0.0,4.785118403874909,121.2946553966478,0.0037879431047920507,0.00025448354299060437,25.52063148733285,14.374242859376594,4.5795072363093405
2411.32,3.47536021246456,4.78593156285569,121.32653967185632,0.004336847897496955,0.0002537921233540709,25.524968335230348,14.375673541725984,4.5899628531560825
2412.07,10.122444724075757,4.78683976428255,121.46603471299561,0.00484374094325475,0.00025301975590539817,25.529812076173602,14.377271204684499,4.601692926321428
2412.889166666667,15.278198483543484,4.787828612250027,121.69225801547705,0.005273855826542532,0.0002521786778125356,25.535085932000143,14.379010451158955,4.614527931336007
2413.76125,16.85618262428681,4.7888778288062825,121.94286890151876,0.0055958216333618855,0.0002512861500595907,25.540681753633507,14.380855551794474,4.628219251205118
2414.6666666666665,16.862753117337192,4.789963383654812,122.19301607898784,0.005789625858827112,0.00025036264386057636,25.546471379492335,14.382764202153837,4.642464238258709
2415.583333333333,16.76018094368061,4.791058584829011,122.45273419931189,0.005841072929057275,0.0002494309082579138,25.552312452421393,14.384689449213548,4.6569184244436705
2416.4887499999995,17.132745004254126,4.792136613924539,122.71848903156446,0.005749488509481752,0.00024851380356599533,25.558061940930877,14.386584152918122,4.6712277153783655
2417.3608333333327,17.859618309678883,4.793171509420695,122.98515943012343,0.005519442646164389,0.0002476334566420493,25.56358138357704,14.388402713829512,4.685041404574763
2418.1799999999994,18.73926064544577,4.794140582610404,123.23078358303134,0.005168390345113563,0.0002468091961764415,25.568749773922153,14.390105313623389,4.698045385657731
2418.9299999999994,19.288752750504568,4.795025305753524,123.42284069562359,0.004718523429975302,0.00024605679311379684,25.57346829735213,14.391659466323366,4.709976091180114
2419.5995833333327,18.771252072477342,4.7958131618273745,123.53873311738644,0.004201899060536149,0.00024538688574469086,25.577670196412665,14.39304325671923,4.720647944759639
2420.182916666666,4.883180038728718,4.796498017004454,123.57534656300543,0.0036525609444280783,0.0002448046674895819,25.581322757357093,14.394245983040186,4.729961129471538
2420.6799999999994,0.0,4.797080514324161,123.56326893331085,0.003106652371767927,0.0002443095592041233,25.58442940972886,14.395268838757332,4.737909251077185
2421.096666666666,0.0,4.797568008183975,123.55314212722598,0.0025999672523405754,0.0002438952733979894,25.5870293769812,14.396124790717986,4.744580137949056
2421.4441666666658,0.0,4.797974044196203,123.54469419452259,0.002165525398550773,0.0002435502642295776,25.58919490237975,14.396837662172565,4.750149673799308
2421.738749999999,0.0,4.79831786604334,123.5375312231773,0.0018337165180670513,0.00024325815185267024,25.591028618897816,14.397441265979156,4.754875324819942
2421.999999999999,0.0,4.798622480464011,123.53117780813596,0.0016246102435739102,0.0002429993688710725,25.59265322914139,14.397976008355336,4.7590693872415315
2422.249999999999,0.0,4.798913699231599,123.52509738943337,0.0015531667604705797,0.00024275197207017943,25.59420639590186,14.398487208678894,4.76308543886009
2422.511249999999,0.0,4.799217717507024,123.51874303610687,0.001621430802267221,0.0002424936955217591,25.595827826704127,14.399020849559383,4.767284720503828
2422.8058333333324,0.0,4.799560136415938,123.51157785712245,0.0018262341808789973,0.00024220277504300738,25.597654060885006,14.399621861162892,4.772022653703856
2423.1533333333323,0.0,4.799963521956855,123.50312575523485,0.002151389551548477,0.00024186001789377272,25.599805450436556,14.400329835357185,4.777615391845608
2423.569999999999,0.0,4.8004464175662935,123.49299172000129,0.0025754432503458796,0.00024144963963875377,25.602380893686902,14.40117729116765,4.784326528018341
2424.067083333332,0.0,4.80102140378104,123.48090228994651,0.0030665931453142305,0.0002409609152963899,25.605447486832215,14.402186268694233,4.792340387401211
2424.6504166666655,0.0,4.80169463502859,123.46671557142977,0.003590566653601172,0.0002403885783923338,25.609038053485815,14.40336751762433,4.80175529033426
2425.319999999999,3.4748755506743887,4.80246540954063,123.4985617556533,0.004110797397547864,0.0002397331944415773,25.613148850883363,14.404719746645458,4.812576595202935
2426.069999999999,10.12101341607761,4.803326255413487,123.63807638735337,0.004591177988568286,0.0002390010961582046,25.617740028871932,14.406229781609795,4.824716171578559
2426.8891666666655,15.27691507763074,4.804263522145618,123.86440104362211,0.004998755904697772,0.000238203887153763,25.62273878477663,14.40787361289958,4.837998333711104
2427.7612499999987,16.85568907831258,4.805257984980564,124.11515970302453,0.005303801786380218,0.00023735793200128317,25.62804258656301,14.409617466485928,4.852165584228747
2428.666666666665,16.862538082415863,4.806286864334125,124.36546722353228,0.0054873565523280675,0.00023648263654445255,25.633529943115338,14.411421355847176,4.866904587368517
2429.5833333333317,16.7600029032455,4.807324860164696,124.62536808939852,0.005535977763040601,0.00023559956362520366,25.63906592087838,14.413240903393582,4.88185883473093
2430.488749999998,17.13255691000357,4.808346555137203,124.89130857774867,0.005449039853369144,0.00023473037937939744,25.64451496073175,14.41503155744279,4.896661973684195
2431.3608333333314,17.859367611904613,4.8093273465177475,125.15814747974692,0.0052308873629041365,0.0002338960526816363,25.649745848094657,14.416750224946133,4.910951273729962
2432.179999999998,18.739001958305735,4.8102457354489765,125.40387242799771,0.0048980742998835855,0.0002331148986677548,25.65464392239454,14.418359278683518,4.924401970399278
2432.929999999998,19.288584114580118,4.811084167988959,125.59594501717088,0.004471640213238018,0.00023240185944578602,25.65911556260778,14.419828022570055,4.936741654992414
2433.5995833333313,18.77107577239783,4.811830787288775,125.71181806470157,0.00398196959902187,0.00023176701225773854,25.663097532206802,14.42113575127567,4.947778631829365
2434.182916666665,4.882336261705352,4.8124797857411155,125.74839506091287,0.003461325079146934,0.0002312152743149479,25.66655885728595,14.422272356698256,4.957409912438258
2434.679999999998,0.0,4.813031777350535,125.73626529730595,0.0029439552502369174,0.00023074609284716568,25.669502812536187,14.423238971560115,4.965629105933088
2435.0966666666645,0.0,4.813493735161462,125.7260945257319,0.0024637749916120474,0.0002303535063788286,25.6719665875278,14.424047853726039,4.972527220349609
2435.4441666666644,0.0,4.813878498093903,125.71760974110933,0.002052068973019996,0.0002300265713808906,25.674018656500817,14.424721519376439,4.978286270348763
2435.7387499999977,0.0,4.814204303563848,125.71041539881608,0.0017376291730387189,0.00022974976444724735,25.675756285673856,14.425291923808771,4.983172579036635
2435.9999999999977,0.0,4.814492953922566,125.70403406322578,0.0015394685798368454,0.0002295045424320371,25.67729575425369,14.42579725205111,4.98750911780477
2436.2499999999977,0.0,4.814768908756714,125.69792684020095,0.0014717591154483104,0.0002292701115466179,25.67876751336914,14.426280331204232,4.991661502561029
2436.5112499999977,0.0,4.8150569902405325,125.69154438799926,0.0015364345803647078,0.00022902537280146117,25.680303947949508,14.42678461437714,4.996003237009447
2436.805833333331,0.0,4.815381456949018,125.6843474184117,0.0017304891119162425,0.00022874970325123715,25.682034437061425,14.427352559397143,5.000901772465078
2437.153333333331,0.0,4.815763690655065,125.67585767180934,0.002038579765587464,0.00022842491727029414,25.684073016827014,14.428021578659454,5.006683920039545
2437.5699999999974,0.0,4.816221260561786,125.66567829575524,0.002440372835846475,0.00022803605963097728,25.68651338966286,14.428822399908588,5.013622102008667
2438.0670833333306,0.0,4.816766084661783,125.65353448538592,0.002905728533312576,0.00022757297012077345,25.689419118196174,14.429775847520945,5.021906736232327
2438.650416666664,0.0,4.817403990923135,125.63928355158828,0.0034021667272169038,0.00022703066158296395,25.69282128492339,14.430892075781028,5.0316392750426715
2439.3199999999974,3.4744191747922195,4.818134310061474,125.6710771675951,0.0038950354044730425,0.00022640967355631224,25.696716320327862,14.432169859915993,5.0428250266223715
2440.0699999999974,10.119671668494545,4.818949957602162,125.8105914403197,0.004350120217002474,0.00022571601044403904,25.701066440544864,14.43359674609699,5.055372635531529
2440.889166666664,15.275711328425347,4.819837995062776,126.03699089399986,0.004736199789943408,0.00022496067066883925,25.705802640334806,14.435150041869374,5.069100251199439
2441.7612499999973,16.855225973402565,4.8207802033581775,126.28786682259424,0.00502511090881135,0.00022415916283206278,25.710827751243617,14.436797829064236,5.083741506672503
2442.666666666664,16.862336309004885,4.821754996892126,126.53830275780744,0.00519889884772388,0.00022332987571414262,25.71602665009134,14.4385023208578,5.098972403796014
2443.5833333333303,16.759835840985428,4.822738404126191,126.79835297312994,0.005244838581683151,0.00022249323999236754,25.721271488673022,14.440221583429636,5.114424435836187
2444.488749999997,17.132380412215337,4.8237063446775394,127.06444591604915,0.005162349607188714,0.00022166978226097203,25.72643383828021,14.441913520846937,5.129719047191923
2445.36083333333,17.85913236850554,4.824635512145951,127.3314219953118,0.004955559831530931,0.00022087936662399226,25.73138939811174,14.443537417737938,5.144481549971869
2446.1799999999967,18.73875942092372,4.825505542578434,127.57722169057897,0.004640162306576879,0.0002201393414572041,25.736029560418316,14.445057725190685,5.158376592506207
2446.9299999999967,19.28842599736613,4.826299810627621,127.76929059256133,0.00423609626233065,0.00021946385849901838,25.74026565668065,14.446445444618252,5.171122994594429
2447.59958333333,18.770909655417395,4.827007088723977,127.88512931673557,0.0037721498472308925,0.00021886246019427218,25.744037806527878,14.447681017850245,5.182523001009916
2448.1829166666635,4.881541238429442,4.8276218799207085,127.92165806320361,0.003278886382565761,0.00021833980071972827,25.747316692910445,14.448754899362047,5.1924704959287675
2448.6799999999967,0.0,4.828144770017874,127.90946743215427,0.002788747184888282,0.00021789535289659296,25.750105440095332,14.449668163708452,5.200959115446801
2449.096666666663,0.0,4.828582367846077,127.8992454128702,0.002333855083748537,0.00021752346661364782,25.75243929517908,14.450432395765157,5.208083047590409
2449.444166666663,0.0,4.828946837867931,127.89071772978036,0.0019438401165486011,0.00021721377318616568,25.75438313529563,14.451068871501404,5.214030414827447
2449.7387499999963,0.0,4.82925545738433,127.88348690994171,0.0016459707541348586,0.00021695156637670807,25.756029106049766,14.45160778393924,5.219076351474125
2449.9999999999964,0.0,4.82952887974461,127.8770731399133,0.0014582525881540976,0.00021671928019824393,25.75748735863792,14.452085211012118,5.223554441841496
2450.2499999999964,0.0,4.829790274635507,127.87093480634275,0.0013941060847842978,0.0002164972173524956,25.758881464722705,14.452541615675043,5.227842264664337
2450.5112499999964,0.0,4.830063154567716,127.8645197693785,0.0014553596384494442,0.0002162653919800411,25.760336824361154,14.453018051664726,5.232325506000446
2450.8058333333297,0.0,4.830370497561388,127.8572859684876,0.001639162632916697,0.0002160042696845581,25.76197598699407,14.453554631738731,5.237383564184436
2451.1533333333296,0.0,4.83073255594033,127.84875265511485,0.0019309780210264923,0.0002156966253805535,25.763906965015096,14.454186701110617,5.2433538301642795
2451.569999999996,0.0,4.831165969858218,127.83852087199249,0.0023115408954039393,0.00021532829459843547,25.7662185059105,14.454943288663037,5.250517484838819
2452.0670833333293,0.0,4.831682025665018,127.82631430055014,0.002752297636261935,0.0002148896555595058,25.768970803546765,14.455844065957464,5.25907098135047
2452.6504166666627,0.0,4.83228624035069,127.81198938481214,0.003222478323581337,0.00021437598718341213,25.772193281870347,14.456898622957267,5.269118861765086
2453.319999999996,3.473989439403577,4.8329779760871565,127.84371798139254,0.0036892572611568215,0.00021378780382960718,25.775882539131505,14.458105798506093,5.280666359978402
2454.069999999996,10.118413593575273,4.833750518420698,127.98321446063343,0.004120225778885116,0.00021313079633671875,25.78000276491039,14.459453822526308,5.293618892277376
2454.8891666666627,15.274582092594768,4.834591608428385,128.20966521113905,0.004485813374330972,0.0002124153855209596,25.78448857828472,14.460921252367399,5.307788462844995
2455.761249999996,16.85479136596986,4.8354839865313375,128.46063130143347,0.004759349882412766,0.00021165626329620201,25.789247928167132,14.462477930475744,5.3228998802267515
2456.6666666666624,16.86214695068502,4.836407206052874,128.711167275892,0.0049238374482008535,0.00021087084827784688,25.79417176561533,14.464088156560154,5.338618551616862
2457.583333333329,16.759679056386936,4.837338562421755,128.97133711908455,0.004967233967362814,0.0002100784914091331,25.799138999582695,14.465712314567998,5.354564062106615
2458.4887499999954,17.13221477105836,4.838255250029413,129.23755297614935,0.004889000574177878,0.00020929863272868752,25.804028000156872,14.46731063743067,5.370345758174893
2459.3608333333286,17.858911593635874,4.839135198276534,129.5046384166129,0.004693057317973006,0.00020855008314724901,25.808721057474845,14.46884466434293,5.385577110705959
2460.1799999999953,18.738531979827577,4.839959124888478,129.75048993494426,0.004394275263707731,0.00020784926961189585,25.81311533273855,14.470280816845571,5.399912296340025
2460.9299999999953,19.288277709331528,4.84071128935055,129.94253857462573,0.004011543797718902,0.00020720959073240803,25.81712687653627,14.47159170553177,5.413061470776535
2461.5995833333286,18.770753142455,4.841381063492297,130.05833020371227,0.003572128755981162,0.00020664007954668132,25.82069900529225,14.472758859467406,5.424820905717927
2462.182916666662,4.880792195888398,4.8419632460120345,130.09480073001296,0.0031049734386041717,0.00020614513991061011,25.823803978730854,14.47377326603635,5.4350814168027615
2462.6799999999953,0.0,4.842458395368785,130.08254198002479,0.0026407965693373233,0.00020572426942831384,25.826444775300192,14.474635944156283,5.443836692101658
2463.096666666662,0.0,4.8428727728367065,130.072262675025,0.002210013162242683,0.00020537211511415968,25.828654788462437,14.475357840188062,5.45118408790739
2463.4441666666617,0.0,4.843217899693296,130.06368708594857,0.0018406765684730669,0.00020507885647911534,25.83049546503091,14.475959053868698,5.4573177867347304
2463.738749999995,0.0,4.843510137868006,130.05641556372575,0.0015586035984558643,0.00020483056637985838,25.83205406862937,14.476468107094982,5.462521652132796
2463.999999999995,0.0,4.843769045387001,130.04996562806173,0.001380840101303532,0.0002046106103465449,25.833434908730673,14.476919079831328,5.46713977495921
2464.249999999995,0.0,4.844016562392431,130.043792627299,0.001320090695625999,0.00020440033627581764,25.8347549994263,14.47735019342481,5.471561571432801
2464.511249999995,0.0,4.844274953081832,130.03734130356975,0.001378083676805901,0.00020418081930470705,25.836133083103103,14.477800226678015,5.476184778232068
2464.8058333333283,0.0,4.844565974976055,130.0300665152421,0.0015521167691883804,0.0002039335625450646,25.837685199872293,14.478307068973447,5.481400607495105
2465.153333333328,0.0,4.84490880400134,130.02148475737695,0.0018284214681893376,0.00020364225634272683,25.839513621340483,14.478904105704403,5.4875569071611165
2465.5699999999947,0.0,4.845319195008977,130.0111947543562,0.00218875204072538,0.00020329348975835714,25.84170237338121,14.479618755238906,5.49494350860663
2466.067083333328,0.0,4.845807832605016,129.99891853814603,0.0026060671788762126,0.00020287815396575367,25.844308440560088,14.480469596439422,5.503762816437428
2466.6504166666614,0.0,4.846379937750789,129.9845116330571,0.003051227444122266,0.00020239178117400442,25.84735966800421,14.48146568461918,5.514122405902447
2467.3199999999947,3.473584794470172,4.847034903023983,130.01616486607014,0.003493148123702955,0.00020183486138213467,25.85085281612791,14.4826059193858,5.526027411380727
2468.0699999999947,10.117233720204213,4.847766367072208,130.15562870677653,0.003901141590531754,0.00020121278619728413,25.854753957718444,14.483879179388161,5.539380029749236
2468.8891666666614,15.273522577486904,4.848562719039232,130.3821103705864,0.004247210490795036,0.0002005354255908517,25.85900116820924,14.48526520732025,5.553986164134281
2469.7612499999946,16.854383442463956,4.8494076140999836,130.63314296858547,0.0045061069906722675,0.0001998166928724488,25.86350727519991,14.486735515137475,5.569561880018828
2470.666666666661,16.86196921761492,4.850281691144313,130.88375421726712,0.0046617442364277565,0.00019907308193102094,25.86816901943634,14.488256380864495,5.585762102146826
2471.5833333333276,16.759531895747973,4.85116345297979,131.14401769479124,0.004702729789207141,0.0001983229147482526,25.87287174922555,14.489790385756875,5.602194648392241
2472.488749999994,17.132059296132987,4.852031308591261,131.4103306369744,0.004628563261180123,0.0001975845960926194,25.877500312486728,14.491299970336044,5.618456924756969
2473.3608333333273,17.858704367319003,4.852864364620127,131.67750118087375,0.004442965487284573,0.00019687593357932146,25.881943277974013,14.492748810726743,5.634150729121835
2474.179999999994,18.73831865457787,4.853644369005366,131.9233847761862,0.004160023387938193,0.0001962124765591341,25.886103301361953,14.494105195890656,5.648919928711317
2474.929999999994,19.28813860979698,4.854356423775577,132.1153992323327,0.003797625441126141,0.000195606906501906,25.88990092680308,14.495343261258581,5.662466161887318
2475.5995833333272,18.770605686286558,4.85499047131028,132.2311332396271,0.0033815868517455003,0.00019506777155303568,25.893282513654825,14.496445565933655,5.6745798415968265
2476.1829166666607,4.880086513429455,4.855541591485813,132.26753746815874,0.002939307602846435,0.0001945992374969768,25.896221821257672,14.497403601920015,5.6851487888718735
2476.679999999994,0.0,4.856010316308048,132.25520488829127,0.0024998657185848322,0.0001942008258937798,25.898721686976256,14.498218334971028,5.694166769969725
2477.0966666666604,0.0,4.856402575649758,132.24486355258935,0.002092049822460094,0.00019386746707383265,25.900813736798714,14.4989001059165,5.7017342849037
2477.4441666666603,0.0,4.856729277882138,132.23623612956285,0.0017424119060265493,0.00019358986294115953,25.90255614870474,14.499467899422354,5.708051502518293
2477.7387499999936,0.0,4.857005912858958,132.22892059610592,0.0014753865430390384,0.00019335482860318744,25.90403153524778,14.499948653368373,5.713410895486166
2477.9999999999936,0.0,4.857250995209539,132.22243157655942,0.0013071058697653674,0.00019314661695459117,25.905338641117545,14.500374554020455,5.7181669085108275
2478.2499999999936,0.0,4.857485293905431,132.21622113040408,0.001249593044755081,0.00019294757147419772,25.9065882341623,14.50078169819245,5.722720617449438
2478.5112499999937,0.0,4.857729884159243,132.2097306318672,0.0013044813536595013,0.0001927397778789766,25.90789271551596,14.501206708634616,5.727481624190509
2478.805833333327,0.0,4.858005361060617,132.20241161833295,0.0014692101406706202,0.0001925057274360424,25.90936192565663,14.501685367606896,5.73285276861181
2479.153333333327,0.0,4.858329875424529,132.1937776222954,0.0017307432741922948,0.00019222998231361517,25.91109266893082,14.502249203232571,5.73919218574948
2479.5699999999933,0.0,4.85871833907873,132.18342488734737,0.002071806155745107,0.00019189984912332267,25.913164475086564,14.50292410774005,5.746798210034272
2480.0670833333265,0.0,4.859180863762641,132.17107369594027,0.002466798314191855,0.0001915067073800368,25.915631273400756,14.503727624687016,5.755879086180192
2480.65041666666,0.0,4.8597223888213446,132.15657861883943,0.002888133646420569,0.0001910463302542963,25.918519407047174,14.504668303036581,5.766545351285025
2481.3199999999933,3.473203779790527,4.860342336173216,132.18814832019495,0.003306385876644455,0.0001905191842185105,25.92182579292382,14.505745100384113,5.7788020140029985
2482.0699999999933,10.116126961570943,4.8610346811571254,132.3275673286696,0.003692506580851663,0.00018993037555040584,25.92551829950467,14.50694751059426,5.792548073597006
2482.88916666666,15.272528315762484,4.861788430489023,132.55406268804862,0.004019996436788814,0.00018928924929068378,25.92953829594146,14.508256400083031,5.8075834023198665
2483.761249999993,16.85400051024111,4.862588110797394,132.80514163694346,0.004264961644644988,0.0001886089769930876,25.933803257586103,14.509644863253174,5.823615442262425
2484.6666666666597,16.861802372567382,4.863415394944022,133.05580704901095,0.004412182115349887,0.0001879051717621921,25.93821543970145,14.511081053060744,5.840288794545713
2485.583333333326,16.759393748898948,4.864249935518411,133.31614193496208,0.00445088306341066,0.00018719517569493514,25.94266632276486,14.512529633017447,5.857199703929596
2486.4887499999927,17.13191334300824,4.8650712979554145,133.58252988110695,0.004380599664016013,0.00018649640783997934,25.94704692242888,14.513955135431889,5.873933848075762
2487.360833333326,17.85850983083133,4.865859709584918,133.8497648637628,0.004204862024016802,0.00018582572070492145,25.951251784452896,14.51532326105581,5.89008157430083
2488.1799999999926,18.738118532349983,4.866597898883434,134.09566400829547,0.00393700959208547,0.00018519782835417034,25.955188794044982,14.516604067936358,5.905276651284222
2488.9299999999926,19.28800810309613,4.867271769625166,134.2876330657147,0.003593977289238994,0.00018462472983763343,25.95878277133422,14.517773135866861,5.919212387614325
2489.599583333326,18.77046676992107,4.867871806931202,134.40330122465232,0.0032001989655261716,0.0001841145120387209,25.961982970299747,14.518813999435677,5.931673480549572
2490.1829166666594,4.879421715061959,4.868393357937754,134.4396330222881,0.002781605368277431,0.00018367111445506806,25.964764575668024,14.519718628316589,5.9425448459375545
2490.6799999999926,0.0,4.868836929102095,134.4272224906796,0.0023657128764864297,0.0001832940817638913,25.96713028854451,14.52048793750837,5.951820355477746
2491.096666666659,0.0,4.869208134533041,134.41681571269928,0.0019797622983751713,0.00018297861424435184,25.969110050842886,14.521131693835917,5.95960361483217
2491.444166666659,0.0,4.869517298959026,134.40813364080415,0.0016488769385836783,0.0001827159112555356,25.97075892778147,14.52166782530622,5.96610067831839
2491.7387499999923,0.0,4.869779081978492,134.4007717315,0.0013961761038225762,0.00018249349456697813,25.972155103885292,14.522121768950576,5.971612467874402
2491.9999999999923,0.0,4.870011004966925,134.39424154771731,0.0012369226049773385,0.000182296461800593,25.97339202649027,14.522523916876656,5.976503581126011
2492.2499999999923,0.0,4.870232722084709,134.38799168018548,0.0011824912948499224,0.00018210810411576573,25.97457451778512,14.522908353118487,5.981186521121164
2492.5112499999923,0.0,4.8704641768329715,134.3814599574955,0.0012344253240618476,0.00018191146913793473,25.97580894310918,14.523309657844798,5.98608251376074
2492.8058333333256,0.0,4.870724857919961,134.3740944271138,0.0013902991306141183,0.00018168998865086548,25.97719924223979,14.523761617146722,5.991605785709925
2493.1533333333255,0.0,4.87103194054454,134.36540551584307,0.0016377739977606169,0.00018142905455828274,25.978837016237552,14.524293999744646,5.998124540384944
2493.569999999992,0.0,4.871399534301976,134.3549868765494,0.001960500039655438,0.00018111665630883165,25.980797516277207,14.524931252237586,6.005945427146037
2494.067083333325,0.0,4.871837205909973,134.3425569787214,0.002334248575982664,0.00018074463802631458,25.98313176485319,14.525689937626906,6.015282391008736
2494.6504166666587,0.0,4.8723496269708635,134.327969425107,0.0027329123247489834,0.00018030900197526725,25.98586467717794,14.526578125496338,6.0262488444289595
2495.319999999992,3.472845019792443,4.872936247671481,134.3594496581959,0.0031286437366253765,0.00017981019194395653,25.988993320914567,14.527594828733543,6.038849643346021
2496.069999999992,10.115088585584692,4.873591364157118,134.49881433971822,0.003493954590063663,0.00017925304233834576,25.99248727550463,14.528730124388913,6.052980624881536
2496.8891666666586,15.271595141930815,4.874304571241969,134.72530937690848,0.003803771119205227,0.00017864639831594706,25.996291046623835,14.52996594374612,6.068435727816105
2497.761249999992,16.853640989088305,4.875061225187039,134.97641804552504,0.0040354877070428955,0.00017800272526507496,26.000326534330878,14.531276880535335,6.084913930382879
2498.6666666666583,16.861645727248032,4.8758439830183065,135.22712019207532,0.004174708433428082,0.00017733679792715645,26.004501242764306,14.532632863965405,6.102049717391678
2499.583333333325,16.759264046157693,4.876633591529762,135.48750805159733,0.0042112453944271235,0.00017666502587154536,26.008712488158732,14.53400053001459,6.119428009719932
2500.4887499999913,17.131776310006185,4.877410716524843,135.7539526888843,0.004144666640433506,0.00017600389022122016,26.012857154799164,14.535346392296848,6.136623025432275
2501.3608333333245,17.85832718241596,4.878156651497994,136.02123505797,0.0039783198568052,0.00017536933483679526,26.01683547465597,14.536638069071756,6.153213939708692
2502.179999999991,18.737930762938156,4.878855057590366,136.26713646769718,0.0037248324926490313,0.0001747752792712855,26.020560307148617,14.537847293697894,6.16882468361773
2502.929999999991,19.28788563507387,4.879492601024609,136.45905165457648,0.003400231649298131,0.00017423307359829026,26.023960538797915,14.538951013609376,6.183140465462007
2503.5995833333245,18.77033590504358,4.880060282898497,136.57464807980412,0.00302763666073491,0.00017375036618335439,26.02698817545865,14.539933686893674,6.195940439306935
2504.182916666658,4.878795462059911,4.88055370423652,136.61090329698055,0.002631580469455733,0.00017333088155912832,26.029619755928106,14.540787735236734,6.207106720965224
2504.679999999991,0.0,4.880973346861672,136.59841231828395,0.0022380940008138385,0.0001729741866753539,26.03185784992892,14.541514025225002,6.216633315672754
2505.0966666666577,0.0,4.8813245242278995,136.58793805092552,0.0018729459532181424,0.0001726757388441953,26.033730795882136,14.542121779783168,6.2246268825198054
2505.4441666666576,0.0,4.881617005655452,136.5791996539784,0.0015599009469433704,0.0001724272108182158,26.03529069682908,14.542627925996635,6.231299232306504
2505.738749999991,0.0,4.881864660816093,136.57178997007236,0.0013208275234148667,0.00017221679670913244,26.036611524352494,14.543056479386454,6.236959535299333
2505.999999999991,0.0,4.882084066173537,136.56521739864698,0.0011701619063742546,0.0001720303977593199,26.037781686258867,14.543436132845285,6.241982291359506
2506.249999999991,0.0,4.882293815403473,136.55892695409761,0.0011186625596596108,0.00017185220663401934,26.038900348818526,14.543799064210582,6.246791141983924
2506.511249999991,0.0,4.882512775496502,136.55235281543457,0.0011677871628223058,0.0001716661859559095,26.040068135981347,14.544177919283937,6.251818638410782
2506.8058333333242,0.0,4.882759382794693,136.54493944378376,0.0013152389236828637,0.00017145666211511966,26.04138337490503,14.544604593794997,6.257490096626834
2507.153333333324,0.0,4.883049884571614,136.53619408152483,0.0015493428102476888,0.00017120981619743494,26.042932717715278,14.545107190381025,6.264183519489497
2507.5699999999906,0.0,4.883397627483965,136.52570773440243,0.0018546288658691694,0.00017091428704794882,26.044787346581145,14.54570878677053,6.272213641356516
2508.067083333324,0.0,4.883811660036227,136.51319703272563,0.002208173612066936,0.0001705623605500919,26.046995520193214,14.546425017591044,6.281799938600744
2508.6504166666573,0.0,4.8842963994238815,136.49851461630186,0.0025852767341553204,0.0001701502566544311,26.04958079692737,14.54726349873153,6.293058597149896
2509.3199999999906,3.472507218634729,4.884851323029367,136.52990171638686,0.0029595925625925763,0.0001696783973106847,26.052540389489963,14.548223295760673,6.305994292680836
2510.0699999999906,10.114114187786846,4.885471032455765,136.6692053068307,0.0033051169407859226,0.00016915135805690374,26.05584550643075,14.549295038328562,6.320499749987299
2510.8891666666573,15.270719170651816,4.886145682176288,136.89568922174973,0.0035981318427875417,0.00016857750833620472,26.059443638273535,14.550461666425841,6.336363100036041
2511.7612499999905,16.853303403357714,4.886861417758468,137.14681451566113,0.0038172564382957653,0.00016796864169036735,26.06326089471183,14.551699193821948,6.35327505794532
2512.666666666657,16.861498638878043,4.887601832387038,137.39753965931732,0.00394887801903443,0.00016733873538473992,26.067209772730866,14.552979231871312,6.370860249505244
2513.5833333333235,16.759142255502663,4.888348713516189,137.6579658536602,0.003983366022142989,0.00016670331208674377,26.07119313875301,14.554270284338042,6.388692577628931
2514.48874999999,17.131647635217,4.889083773309099,137.92445263990336,0.0039203188955207816,0.0001660779610224299,26.07511345764853,14.555540740822376,6.406335127597917
2515.360833333323,17.85815567330429,4.889789318936203,138.19176895710268,0.0037629100112188266,0.00016547776213256862,26.07887636765975,14.556760034999181,6.423356238186447
2516.17999999999,18.737754554149134,4.890449898136737,138.43766260014596,0.003523089069512565,0.00016491587969597637,26.082399456729263,14.557901486184768,6.439370314898987
2516.92999999999,19.28777068988916,4.8910529017849935,138.62951820882105,0.003216019457373711,0.00016440304697728402,26.085615476186636,14.558943336367042,6.454054737925959
2517.599583333323,18.770212630524522,4.8915898212309985,138.7450393817364,0.0028635703786936578,0.0001639464956844634,26.08847904656533,14.559870917628672,6.46718332047797
2518.1829166666566,4.878205545865755,4.8920564985575075,138.78121587769897,0.0024889457413762093,0.00016354974624843992,26.090967992306705,14.56067707925811,6.478635499293653
2518.67999999999,0.0,4.892453391871216,138.76864360836578,0.002116764339782833,0.0001632123870461659,26.093084756646487,14.5613626417009,6.488405441844278
2519.0966666666563,0.0,4.8927855285454065,138.7581011898566,0.0017713955956813105,0.00016293011996414996,26.09485615224217,14.561936312703683,6.496602793754987
2519.444166666656,0.0,4.893062149691164,138.74930594755844,0.0014753127773765493,0.00016269506796891882,26.096331465019546,14.562414071571263,6.503444964408163
2519.7387499999895,0.0,4.893296373884151,138.74184807052052,0.0012491956959233947,0.00016249606446868515,26.09758066071547,14.562818587937459,6.509249129383975
2519.9999999999895,0.0,4.893503879211564,138.7352327576012,0.0011066950795384826,0.00016231977475513758,26.098687355795008,14.563176945965772,6.514399389195448
2520.2499999999895,0.0,4.89370225115252,138.72890141268405,0.0010579836851056451,0.00016215124855629618,26.099745339480112,14.56351951886839,6.519330177524894
2520.5112499999896,0.0,4.893909333311051,138.72228453611578,0.0011044381788229444,0.00016197531834508065,26.100849777658937,14.56387712119947,6.5244850135832335
2520.805833333323,0.0,4.89414256164013,138.7148229797815,0.0012438844217567372,0.00016177716093915173,26.102093662080694,14.564279859147243,6.530299947547958
2521.1533333333227,0.0,4.894417301372498,138.70602078814187,0.0014652785726303056,0.0001615437075881816,26.103558940653325,14.564754258179853,6.537162461582361
2521.5699999999892,0.0,4.894746174022869,138.69546631759863,0.0017539874686425718,0.0001612642143668098,26.10531292812197,14.565322100280984,6.5453951025558075
2522.0670833333224,0.0,4.895137735656465,138.68287437063046,0.0020883287125134657,0.00016093138695008356,26.107401256834482,14.565998141403485,6.5552226796889865
2522.650416666656,0.0,4.895596161864192,138.66809664875632,0.002444939774546354,0.00016054165202277764,26.109846196609027,14.566789568184163,6.566764035007919
2523.3199999999892,3.472189155597705,4.896120956156332,138.69938924688435,0.002798902891412564,0.00016009541053991586,26.11264509950044,14.567695496348113,6.5800236360731335
2524.0699999999892,10.113199666536936,4.896707010788092,138.83862772665893,0.0031256247027185683,0.00015959699171588272,26.11577072420316,14.568707078963584,6.594891160070573
2524.889166666656,15.269896776674418,4.897345012494076,139.06509293621625,0.003402675765243237,0.0001590543125635406,26.119173399968403,14.569808211182355,6.611149084890916
2525.761249999989,16.85298637467001,4.898021857323326,139.31622528950547,0.003609839089339207,0.00015847852782031812,26.122783239057743,14.570976251241204,6.628480105501399
2526.6666666666556,16.861360507023065,4.8987220284201545,139.56696337377798,0.003734245849752057,0.0001578828566248963,26.126517484907495,14.572184402963673,6.646499297024613
2527.583333333322,16.75902787994986,4.89942830238912,139.82741704490343,0.003766794501145422,0.00015728197863567903,26.13028427940864,14.573402938167884,6.664769908089363
2528.4887499999886,17.131526793729222,4.900123385815136,140.09393519061098,0.003707111605418498,0.00015669063544650042,26.13399139101406,14.57460202211962,6.682844277037135
2529.360833333322,17.857994604024853,4.900790549086848,140.36127561367627,0.0035582041157977266,0.0001561230860757139,26.137549595129858,14.57575280668048,6.700280300074773
2530.1799999999885,18.737589167555203,4.901415182274587,140.60715469985345,0.003331377001270109,0.00015559177723302215,26.14088097213113,14.576830112045661,6.716683220884633
2530.9299999999885,19.28766278709356,4.901985364599741,140.79894778935846,0.003040972400824597,0.000155106856271936,26.143921944531954,14.57781340518273,6.731722906766989
2531.599583333322,18.77009651099434,4.9024930529724235,140.9143925667067,0.0027076713209734245,0.00015467515922621726,26.146629615852927,14.578688845062251,6.745168062383016
2532.1829166666553,4.877649881294179,4.902934318238007,140.95049021970377,0.002353414749781987,0.00015430001283585866,26.148983030602707,14.579449685367571,6.756895582088048
2532.6799999999885,0.0,4.903309595703196,140.93783748011185,0.0020014798143428384,0.00015398102606358627,26.15098451041705,14.58009670260139,6.766899824631802
2533.096666666655,0.0,4.903623640697011,140.92722764380036,0.0016749066336760614,0.0001537141333712044,26.152659417050724,14.580638116712946,6.77529334019806
2533.444166666655,0.0,4.903885192284594,140.91837619964505,0.001394941800445932,0.0001534918856420527,26.15405435885117,14.581089009852729,6.78229894941315
2533.738749999988,0.0,4.904106655280343,140.9108706976886,0.0011811359773307981,0.0001533037238074904,26.1552354948285,14.581470777794394,6.788241547450586
2533.999999999988,0.0,4.9043028541277796,140.9042131646178,0.0010463938529915607,0.00015313703916937333,26.15628188868149,14.581808982145262,6.7935144823175495
2534.249999999988,0.0,4.904490416365314,140.89784143354288,0.0010003319335196057,0.00015297769580201314,26.15728222061501,14.582132288215103,6.798562575389107
2534.511249999988,0.0,4.904686213264362,140.89118237239964,0.0010442501282514492,0.00015281135263996585,26.158326470743262,14.58246977750259,6.803839897116598
2534.8058333333215,0.0,4.904906730335473,140.88367327487245,0.0011760910459327639,0.0001526239944746342,26.159502561789196,14.582849862651459,6.809792818449004
2535.1533333333214,0.0,4.905166494856444,140.8748150395574,0.0013854107785067535,0.00015240326523017033,26.160887972567703,14.58329757661486,6.816817929022137
2535.569999999988,0.0,4.905477439506954,140.86419342565074,0.0016583714693842633,0.00015213900731105741,26.16254634403709,14.583833475245546,6.825245272828739
2536.067083333321,0.0,4.905847652659535,140.85152145673675,0.001974470147096766,0.00015182432509122838,26.164520814184186,14.584471483122156,6.835304763719018
2536.6504166666546,0.0,4.9062810805754635,140.83664994012668,0.002311615551618158,0.00015145584148865517,26.166832429735805,14.58521838087468,6.84711776702495
2537.319999999988,3.471889680743697,4.906777251835137,140.8678489692234,0.0026462467182569033,0.0001510339373015487,26.169478676454062,14.586073331948294,6.860688514305485
2538.069999999988,10.112341200267311,4.907331335086248,141.00702105798518,0.002955110672594475,0.0001505627075026313,26.172433787126657,14.587027985010739,6.875903715217044
2538.8891666666545,15.269124576289375,4.907934522969263,141.23346317526622,0.003217002042745668,0.00015004963907348982,26.175650789169403,14.588067139361883,6.89254037896677
2539.7612499999877,16.852688615147038,4.908574424687955,141.48459652107528,0.0034128091663558893,0.00014950527971491377,26.17906359833576,14.589169425730448,6.910273466195155
2540.6666666666542,16.861230770651392,4.909236368947226,141.73534113757765,0.0035303693827808376,0.00014894212825573004,26.18259396771854,14.590309555018171,6.928708861387642
2541.5833333333208,16.758920455119373,4.9099040720169675,141.99581517038342,0.0035610830386238147,0.00014837406351359307,26.18615505075716,14.591459472149559,6.947399580869836
2542.4887499999872,17.131413295060405,4.910561185024259,142.2623575986816,0.0035046027055553918,0.00014781502196125105,26.189659653462716,14.59259102256487,6.965887661314265
2543.3608333333204,17.857843320979285,4.911191893134236,142.52971584206793,0.0033637765865462436,0.00014727848297478618,26.193023430049262,14.59367698378141,6.983721008548581
2544.179999999987,18.737433914578215,4.911782386265472,142.77557679188106,0.0031492966999187204,0.000146776211880794,26.196172726749182,14.594693595920793,7.0004961199426115
2544.929999999987,19.28756147895906,4.912321397159225,142.967307170783,0.0028747247666853744,0.00014631779976265836,26.199047451515867,14.59562148474503,7.015875708105321
2545.5995833333204,18.769987135481948,4.912801324613223,143.08267677503233,0.0025596130879889283,0.00014590970709701414,26.201607064603856,14.5964475913152,7.029623631233183
2546.182916666654,4.877126500032731,4.913218456465069,143.11869747636666,0.0022247032098461042,0.00014555507689896008,26.203831767813703,14.597165551658083,7.041614393462371
2546.679999999987,0.0,4.913573206131441,143.10596674888652,0.0018919982206493313,0.00014525353788338041,26.205723766034353,14.597776100456464,7.051842573923481
2547.0966666666536,0.0,4.913870070396015,143.0952916212248,0.0015832760777307678,0.0001450012455476961,26.207307042112085,14.598286995943932,7.060423530020008
2547.4441666666535,0.0,4.914117311410643,143.0863857805393,0.0013186187446823355,0.00014479115727286144,26.208625660856768,14.59871247131222,7.0675852765925224
2547.738749999987,0.0,4.914326656077512,143.0788342067621,0.0011165048899676232,0.00014461329100399296,26.209742165746736,14.599072717028147,7.073660099763805
2547.999999999987,0.0,4.914512118140239,143.07213584827534,0.0009891310012093608,0.00014445572753471285,26.210731296747944,14.599391854150797,7.079050190126727
2548.249999999987,0.0,4.914689415436165,143.06572508095613,0.0009455855782726005,0.0001443051042822178,26.211676882326216,14.599696932128984,7.0842102938894715
2548.511249999987,0.0,4.914874495905103,143.05902526175015,0.0009870958343338105,0.00014414786499811942,26.21266397816055,14.600015392840545,7.089604556549561
2548.80583333332,0.0,4.915082942548841,143.05147025090807,0.0011117154332731445,0.0001439707617041195,26.21377569359382,14.600374046726,7.095689198072911
2549.15333333332,0.0,4.915328486993813,143.04255791851736,0.0013095703731795913,0.00014376211502446778,26.215085263967,14.600796514766436,7.102869492050015
2549.5699999999865,0.0,4.915622407916575,143.03187153277912,0.0015675782547356857,0.00014351232404865853,26.216652842221738,14.601302192909397,7.111482621390568
2550.0670833333197,0.0,4.915972349727779,143.0191224245953,0.0018663563264154034,0.00014321487162220067,26.218519198548154,14.601904219346968,7.121763346810383
2550.650416666653,0.0,4.916382041114943,143.00416057025149,0.00218502073154178,0.00014286656683904614,26.220704219279696,14.602608990795396,7.133835408974236
2551.3199999999865,3.471607710830545,4.916851034685159,143.03526925221306,0.0025012990411572883,0.00014246777116884527,26.223205518320853,14.603415716072789,7.1477027758184235
2552.0699999999865,10.111535226620868,4.917374761764745,143.17437638297673,0.002793211091119305,0.00014202235696256774,26.225998729411973,14.604316512947323,7.163249285226675
2552.889166666653,15.268399410181726,4.917944895581533,143.40079417474644,0.0030407136895354812,0.00014153740268857542,26.22903944310151,14.605297036302266,7.180246692070438
2553.7612499999864,16.852408921136348,4.918549722655164,143.651925892969,0.0032257443926991887,0.00014102287951294273,26.23226518749421,14.606337120856823,7.198362551575936
2554.666666666653,16.861108905405263,4.919175374637532,143.9026742248057,0.0033368105726269168,0.00014049060225136784,26.235601998066837,14.60741290333731,7.217193969410098
2555.5833333333194,16.758819546978263,4.919806459984543,144.16316518527807,0.0033657885173909484,0.00013995368934052933,26.23896778658423,14.60849791144347,7.236284209832844
2556.488749999986,17.131306680773825,4.920427526522583,144.42972846804233,0.003312354869551399,0.00013942531290803045,26.24228014145378,14.609565579957204,7.255165512339836
2557.360833333319,17.857701213266637,4.921023627744154,144.6971017405336,0.0031792065150477574,0.0001389182122704388,26.245459347968826,14.610590224049261,7.273376302554466
2558.1799999999857,18.737288152878364,4.921581712694506,144.94294413212765,0.002976453068541576,0.0001384435060575496,26.248435801037367,14.611549426791404,7.290504798336461
2558.9299999999857,19.287466348031735,4.922091134264056,145.13461432036112,0.0027169150375979017,0.00013801025748439843,26.251152716074966,14.612424909818676,7.30620695824401
2559.599583333319,18.769884116115783,4.922544710469019,145.24991231076896,0.0024190730931378875,0.0001376245707351421,26.253571789168102,14.613204353708122,7.320242085354592
2560.1829166666525,4.876633544434308,4.922938934883398,145.28585994178025,0.0021025302100193704,0.00013728941463033437,26.255674319378123,14.613881755888823,7.332482460783419
2560.6799999999857,0.0,4.9232741999334655,145.2730553540163,0.0017880802670266658,0.00013700443681461432,26.25746239964515,14.614457811270405,7.3429229128987705
2561.0966666666523,0.0,4.923554756822094,145.26231844009527,0.0014963034060185719,0.00013676600273806747,26.258958703051167,14.614939841197415,7.3516814934867565
2561.444166666652,0.0,4.923788414899927,145.25336115768465,0.001246176415113479,0.00013656745572953674,26.26020487946628,14.615341275753142,7.358991164926523
2561.7387499999854,0.0,4.923986257536718,145.24576603938735,0.0010551607295534206,0.00013639936148849568,26.261260040195832,14.615681165301206,7.365191232946214
2561.9999999999854,0.0,4.924161528951975,145.2390291139809,0.0009347808813719318,0.00013625045528484393,26.262194821077205,14.61598226834522,7.370692274427255
2562.2499999999854,0.0,4.9243290835299725,145.23258148667668,0.0008936244159821641,0.0001361081085675245,26.26308844549319,14.61627010600233,7.375958439658381
2562.5112499999855,0.0,4.9245039928526735,145.22584319917746,0.0009328497210733428,0.0001359595099829236,26.264021295214263,14.616570569379425,7.381463414059419
2562.805833333319,0.0,4.924700983359567,145.21824487591655,0.0010506160367609,0.00013579213972811607,26.265071911251024,14.616908953568855,7.387672737094125
2563.1533333333186,0.0,4.924933031570592,145.20928154028923,0.0012375904587986312,0.00013559496064812583,26.266309501709824,14.617307544161692,7.394999891669814
2563.569999999985,0.0,4.925210795536537,145.19853412900594,0.0014814078183765758,0.00013535890011013318,26.267790909528202,14.617784640162572,7.403788799133853
2564.0670833333184,0.0,4.9255414984367105,145.1857124031166,0.0017637488009230146,0.00013507780005618788,26.269554658329124,14.618352636138319,7.414278780246482
2564.650416666652,0.0,4.925928662631606,145.17066558965175,0.002064875706111108,0.0001347486461343402,26.271619534035235,14.61901756587719,7.42659578826637
2565.319999999985,3.4713422254622683,4.926371863729523,145.20168940245807,0.0023637391888872853,0.00013437178130117983,26.273983273224122,14.619778681312559,7.4407435004620055
2566.069999999985,10.11077842330286,4.926866782564209,145.34073567397505,0.0026395671183332622,0.00013395086644631466,26.276622840342455,14.620628544089135,7.456602994553803
2566.889166666652,15.26771832757601,4.9274055486595225,145.56713099522486,0.0028734191750003843,0.00013349259217035003,26.279496259517455,14.621553618471289,7.473941015381204
2567.761249999985,16.85214616739217,4.927977091483182,145.8182618359901,0.0030482283928534143,0.00013300638235503576,26.282544487910307,14.62253487801681,7.4924180845400175
2568.6666666666515,16.860994421070064,4.928568304783528,146.06901457594066,0.0031531376018421003,0.00013250340259850086,26.28569762551215,14.623549808010214,7.511622992050555
2569.583333333318,16.758724749746964,4.929164643701666,146.3295226238598,0.0031804742300708703,0.0001319960497308202,26.28887809974222,14.624573433042382,7.531089787932449
2570.4887499999845,17.13120652226814,4.929751506927506,146.59610689271133,0.003129937204476741,0.00013149677060037056,26.292008036946697,14.625580690889475,7.550341477366159
2571.3608333333177,17.857567709738213,4.930314771793425,146.8634958107627,0.0030040792849071723,0.0001310176023758562,26.295012116231604,14.626547350732364,7.568907572928523
2572.1799999999844,18.73715128302318,4.930842107481892,147.10932230368422,0.0028124570051561494,0.00013056905020165436,26.29782457323676,14.627452265442114,7.586368530013437
2572.9299999999844,19.287377004890182,4.931323455092482,147.30093747237555,0.0025671872564777547,0.00013015967660890985,26.300391760493238,14.628278192743855,7.602373995190163
2573.5995833333177,18.76978708688567,4.931752030174616,147.416169695898,0.0022857337713812088,0.0001297952479180628,26.302677494264618,14.629013512291843,7.616679036161954
2574.182916666651,4.876169261595453,4.932124521285395,147.45205008716374,0.001986619257489873,0.00012947856785995994,26.304664113522108,14.629652563041324,7.629153892629136
2574.6799999999844,0.0,4.932441300746537,147.43917737978782,0.0016894904594228748,0.00012920930220068852,26.30635360398153,14.630196002098819,7.6397936704881495
2575.096666666651,0.0,4.932706386615801,147.42838353594215,0.0014137913027428423,0.00012898401571205471,26.307767395284273,14.630650737535785,7.648718987594111
2575.4441666666507,0.0,4.932927158548255,147.41937889293982,0.0011774503064202527,0.00012879641797856537,26.308944845590695,14.631029439918418,7.656167477907385
2575.738749999984,0.0,4.933114089313834,147.4117437117862,0.0009969640830881593,0.00012863759442587373,26.309941809673784,14.631350081486055,7.662485053410283
2575.999999999984,0.0,4.933279693043432,147.40497132395765,0.0008832198911891803,0.0001284969012641243,26.310825029564974,14.631634132315135,7.668090170518535
2576.249999999984,0.0,4.933438004956554,147.3984898221343,0.0008443302033180995,0.00012836240632809373,26.311669359768292,14.631905668378337,7.6734558060753795
2576.511249999984,0.0,4.933603265256866,147.39171620130807,0.0008813882683294049,0.0001282220049309626,26.31255074803662,14.632189114450071,7.67906459256153
2576.8058333333174,0.0,4.933789387813752,147.38407811899418,0.0009926536367267603,0.0001280638680508597,26.313543401673346,14.632508332813465,7.685390802875306
2577.1533333333173,0.0,4.934008632856622,147.37506799672045,0.0011693068953044369,0.00012787756774405563,26.31471270856865,14.63288434644153,7.692855604625692
2577.569999999984,0.0,4.934271069758789,147.36426465121596,0.001399663478223275,0.0001276545324639639,26.316112372046874,14.633334417219924,7.701809215873555
2578.067083333317,0.0,4.934583522217246,147.35137643211448,0.0016664131117754629,0.00012738894471047565,26.317778785158648,14.6338702367116,7.712495202371599
2578.6504166666505,0.0,4.934949317014368,147.33625191684916,0.0019509055846465354,0.00012707795748955012,26.319729690743294,14.634497495699934,7.725041553063942
2579.319999999984,3.471092263462477,4.935368051755151,147.36719854098527,0.002233251950844042,0.00012672189604482235,26.32196294269414,14.635215487065086,7.7394516284049475
2580.069999999984,10.110067690493732,4.935835644146702,147.50619064755932,0.0024938260882734053,0.000126324220510086,26.32445676878241,14.6360171923344,7.755603873427446
2580.8891666666505,15.267078571574388,4.936344656730638,147.7325683521553,0.0027147337809931595,0.00012589125340295605,26.327171502563406,14.636889841226628,7.773260296877973
2581.7612499999836,16.85189930167952,4.936884629003628,147.98370233411254,0.002879852122609955,0.0001254318993387308,26.330051354686017,14.637815484210586,7.792074800688726
2582.66666666665,16.86088685922708,4.937443177694227,148.23446357661297,0.0029789263498617305,0.0001249567080167606,26.333030281035878,14.638772881699078,7.811628372748952
2583.5833333333167,16.75863568395772,4.9380065610723065,148.4949923518221,0.0030047113497563495,0.00012447739177847417,26.336034992385635,14.63973847356721,7.831446442928393
2584.488749999983,17.131112418727398,4.938560984826195,148.76160118303474,0.0029569266874034912,0.0001240057095798405,26.338991919073038,14.640688618550438,7.851043401799516
2585.3608333333164,17.857442276266134,4.939093107565036,149.02900965893315,0.00283798794048712,0.0001235530327139198,26.341829907013526,14.641600460385675,7.869940471363348
2586.179999999983,18.73702274541445,4.939591281316635,149.27482589387634,0.0026569266751927762,0.0001231292846054632,26.34448683368872,14.642454052267372,7.887710910187426
2586.929999999983,19.287293086089466,4.940046004850468,149.46639378247525,0.002425192180444907,0.00012274255309431586,26.346912025869166,14.643233131241441,7.903998534815893
2587.5995833333163,18.769695702463686,4.940450870525574,149.58156830396638,0.0021592836005608312,0.0001223982842488641,26.34907130946973,14.643926737650018,7.918554524509285
2588.18291666665,4.875731997713299,4.940802751618293,149.61738917626292,0.0018766991611701336,0.0001220991254006625,26.350948008630898,14.644529533118527,7.931247272753421
2588.679999999983,0.0,4.941102001214962,149.6044556550762,0.0015959978489017436,0.0001218447596454601,26.3525440064798,14.645042138843777,7.9420721903659794
2589.0966666666495,0.0,4.941352416142691,149.59361104826004,0.001335546281222065,0.00012163194089135398,26.353879552761022,14.645471072074281,7.951152317670426
2589.4441666666494,0.0,4.941560968477724,149.584564217939,0.0011122791201708066,0.00012145472612884327,26.354991831881193,14.645828285278059,7.958729655667496
2589.7387499999827,0.0,4.9417375519025235,149.57689338075429,0.0009417782655989994,0.0001213046936899923,26.355933610146792,14.646130731449286,7.965156268415386
2589.9999999999827,0.0,4.941893988187816,149.57008945493726,0.000834326854896666,0.00012117178864040843,26.35676793700169,14.646398662651729,7.970857936175094
2590.2499999999827,0.0,4.942043535755039,149.5635778481778,0.0007975870251913234,0.00012104473918770723,26.357565524026878,14.64665478872857,7.976315829832522
2590.5112499999827,0.0,4.942199646454162,149.55677284781706,0.0008325903953198563,0.00012091211074490036,26.358398114422197,14.646922148321837,7.982020880204656
2590.805833333316,0.0,4.942375463661361,149.5490994823658,0.0009376917717283298,0.00012076272930443014,26.359335806193926,14.64722324929802,7.988455452908026
2591.153333333316,0.0,4.942582568437595,149.54004787724142,0.0011045588065773286,0.0001205867445643605,26.360440365000503,14.647577921124322,7.996047827399493
2591.5699999999824,0.0,4.942830472027648,149.52919499089916,0.0013221524802827336,0.00012037606006353604,26.361762517480788,14.648002445377566,8.005154037008227
2592.0670833333156,0.0,4.943125619435194,149.5162479542254,0.0015741195069107897,0.00012012518113906259,26.3633366369877,14.648507849184268,8.016021550368391
2592.650416666649,0.0,4.943471152128013,149.50105481171246,0.0018428410283713407,0.00011983141937368789,26.36517947801607,14.649099499227571,8.028780201809655
2593.3199999999824,3.4708569194570376,4.943866688726813,149.53193405549558,0.0021095285269340657,0.00011949508308059758,26.367289006543004,14.649776727254382,8.04343301005307
2594.0699999999824,10.109400134684106,4.944308371707386,149.67088119375993,0.0023556425630568423,0.00011911944189495769,26.36964464910606,14.650532911865229,8.05985593062798
2594.889166666649,15.266477565595308,4.944789174346381,149.8972490206446,0.0025642807413086117,0.00011871046919033766,26.372208929847368,14.651356006495043,8.077806539104879
2595.7612499999823,16.851667339770362,4.945299214671769,150.14839330347922,0.00272021506873341,0.0001182765771239879,26.374929144916102,14.65222907969525,8.096932572722706
2596.666666666649,16.860785791076413,4.945826794976275,150.39917040984474,0.0028137616240365934,0.00011782773136750571,26.37774290654014,14.653132097263,8.116807779494428
2597.5833333333153,16.75855199465349,4.9463589350065496,150.65972689154472,0.0028380801614607772,0.00011737499526916133,26.3805809867016,14.65404283685856,8.136949617498658
2598.488749999982,17.131023995219483,4.946882605512902,150.92636716435734,0.0027929093672070015,0.00011692947563597023,26.383373896068807,14.654939000281956,8.156864537039375
2599.360833333315,17.857324413209874,4.9473852056999545,151.19380226873986,0.002680534330949266,0.00011650191255431429,26.386054430399756,14.655799030392586,8.176066144976904
2600.1799999999816,18.736902017451854,4.947855734807609,151.4396167428836,0.0025094885741617327,0.00011610167808262951,26.38856391897392,14.656604114758009,8.194121115036161
2600.9299999999816,19.28721425227358,4.948285220103305,151.63114755330295,0.0022905882437084784,0.00011573641019858599,26.39085450721763,14.65733891586558,8.21066795357925
2601.599583333315,18.76960963708215,4.948667610969492,151.74627456478984,0.0020394179529954898,0.0001154112515337067,26.392893925170625,14.65799309831997,8.225454323979449
2602.1829166666485,4.875320192713209,4.948999955613391,151.78204545165352,0.0017725047674635942,0.00011512870130805549,26.394666429938088,14.658561628536946,8.238346981305074
2602.6799999999816,0.0,4.949282588736044,151.76905992376524,0.0015073766541475397,0.00011488845917378336,26.396173806592234,14.659045093620783,8.249341667455335
2603.096666666648,0.0,4.949519097336519,151.7581719776129,0.0012613792025353502,0.00011468745842735715,26.39743518579477,14.659449641326297,8.258563686699633
2603.444166666648,0.0,4.949716067060615,151.74908918009135,0.0010505051951802923,0.00011452008544071401,26.39848569098995,14.65978654535599,8.266259074996329
2603.7387499999813,0.0,4.949882842626254,151.7413879802452,0.0008894696834048856,0.00011437838581476376,26.399375160673355,14.660071795362539,8.272785555152486
2603.9999999999814,0.0,4.950030589503293,151.73455722639417,0.0007879833442108592,0.00011425286280487831,26.400163144017565,14.660324492247392,8.278575628774453
2604.2499999999814,0.0,4.9501718298034465,151.72802003531947,0.000753281600817125,0.0001141328705747522,26.400916425618384,14.660566054735714,8.28411797576
2604.5112499999814,0.0,4.950319268137069,151.72118839332393,0.0007863377793246156,0.000114007609693599,26.401702763397708,14.66081821147065,8.289911123241286
2604.8058333333147,0.0,4.950485317592667,151.7134851038682,0.0008855970965156809,0.0001138665269917322,26.402588360494224,14.661102190316742,8.296444836754386
2605.1533333333145,0.0,4.950680915530314,151.7043983602485,0.0010431890007862965,0.00011370031964621668,26.40363154949501,14.661436692837098,8.304153888852953
2605.569999999981,0.0,4.950915044249051,151.69350357222703,0.0012486864999308224,0.00011350134144298384,26.40488023599494,14.661837074219523,8.313399608992034
2606.0670833333143,0.0,4.9511937899118985,151.68050687711604,0.001486643535185918,0.00011326440363362894,26.40636687953013,14.66231373375263,8.324433001034748
2606.6504166666477,0.0,4.951520118463576,151.66525591905028,0.00174041894227818,0.00011298696800022747,26.40810729847241,14.662871731948973,8.33738554196187
2607.319999999981,3.4706353406535246,4.951893668585075,151.69607962281552,0.0019922673146592824,0.00011266932668861178,26.410099565787068,14.66351043742949,8.352259885396412
2608.069999999981,10.108773053805985,4.952310795936124,151.83499337539683,0.0022246792055938083,0.00011231456865215136,26.41232424499266,14.664223604197257,8.368929655917919
2608.8891666666477,15.265912900826667,4.9527648632206684,152.06136181024158,0.002421692184237137,0.00011192833623089754,26.4147459371769,14.664999869766973,8.387148326810065
2609.761249999981,16.851449360802725,4.9532465368907275,152.31252654133118,0.002568926240315009,0.0001115185747493982,26.417314863417214,14.665823264918897,8.406557964911341
2610.6666666666474,16.860690815417424,4.953744769048695,152.56332997815957,0.002657238175827335,0.00011109469630760155,26.419972101593043,14.66667489462714,8.426725687143781
2611.583333333314,16.75847334971736,4.954247301125734,152.82392431719782,0.002680171077538734,0.00011066714917167991,26.422652272670582,14.667533800778015,8.447161679744623
2612.4887499999804,17.13094090093232,4.95474182887969,153.09060604553048,0.002637481354429118,0.00011024642213949304,26.425289754025012,14.668378954311141,8.467365178815003
2613.3608333333136,17.857213653066346,4.955216453264346,153.35807784428857,0.002531330051499999,0.00010984265719632504,26.427821084076513,14.66919002562855,8.486842901446307
2614.1799999999803,18.736788610914463,4.955660786714536,153.60390176228958,0.002369778401014872,0.00010946470401132163,26.430190862477527,14.669949274098755,8.505155591996784
2614.9299999999803,19.287140186440926,4.95606635715481,153.7954080301764,0.0021630423481259404,0.00010911977439642194,26.432353904825654,14.670642236539198,8.5219370018485
2615.5995833333136,18.769528583466993,4.956427452116189,153.9104997393714,0.0019258397940241795,0.00010881272358710236,26.434279744619676,14.671259167271701,8.536931674760734
2616.182916666647,4.874932375138642,4.956741285409308,153.94623189142686,0.0016737775632998738,0.00010854591058948517,26.435953522182977,14.671795320555546,8.550004946603561
2616.6799999999803,0.0,4.957008174178927,153.93320458571833,0.0014234067713053628,0.00010831905085902541,26.437376928954283,14.672251251144273,8.561152914952094
2617.096666666647,0.0,4.957231506497686,153.92228191343895,0.0011911057000410761,0.00010812924776087668,26.438568034654324,14.672632757552066,8.570502975123654
2617.4441666666467,0.0,4.9574175017838575,153.91317035940975,0.0009919748595850404,0.00010797119982947895,26.439560009513908,14.672950472047733,8.578304839797617
2617.73874999998,0.0,4.957574984558453,153.9054449288986,0.0008399081311713347,0.00010783739545023237,26.44039991764508,14.67321947399364,8.584921360231705
2617.99999999998,0.0,4.957714498422331,153.89859279982855,0.0007440739406866362,0.00010771886678624564,26.44114399158577,14.673457776563179,8.590791112791534
2618.24999999998,0.0,4.957847867834921,153.89203525513054,0.000711303533811974,0.00010760556109649848,26.44185529511958,14.673685578538201,8.596409551980688
2618.51124999998,0.0,4.957987089419174,153.88518245054917,0.0007425151160198225,0.00010748728074483619,26.4425978102356,14.673923370799624,8.602282049184595
2618.8058333333133,0.0,4.958143884358111,153.87745543082187,0.0008362396743245738,0.0001073540607725477,26.443434049909925,14.674191171813229,8.608905028223969
2619.153333333313,0.0,4.958328580166885,153.86834087602935,0.000985044313467606,0.0001071971170431423,26.44441909422339,14.674506617476473,8.616719093039773
2619.5699999999797,0.0,4.958549658051416,153.85741300186433,0.0011790820508251205,0.00010700922988315668,26.445598176274217,14.674884187739428,8.62609031489103
2620.067083333313,0.0,4.958812864275926,153.84437720766522,0.001403766530726042,0.00010678550031213812,26.447001942804942,14.675333688766193,8.637272841532663
2620.6504166666464,0.0,4.959120998595686,153.82908088447286,0.0016433830387166254,0.00010652353232566691,26.448645325843657,14.675859891896069,8.650399578556405
2621.3199999999797,3.470426723805879,4.9594737188237525,153.85986280395724,0.0018811745496930996,0.00010622360264445362,26.45052650039335,14.676462200717111,8.665472792996525
2622.0699999999797,10.108183923546077,4.959867582727963,153.9987570003924,0.002100607489119846,0.00010588862892583546,26.45262710788247,14.677134724057725,8.682363951880603
2622.8891666666464,15.265382324614263,4.9602963220838365,154.22513911308232,0.0022866098979935807,0.0001055239397779443,26.454913717780464,14.677866745891757,8.700822783709864
2623.7612499999796,16.851244502975646,4.960751123016239,154.47633724871864,0.002425604972813806,0.00010513703816408944,26.457339322753278,14.678643206225995,8.720486216353569
2624.666666666646,16.860601556775084,4.961221553301967,154.72718039995496,0.0025089615238808962,0.0001047368116897271,26.459848284277157,14.679446286393052,8.740915388148178
2625.5833333333126,16.75839943832245,4.961696038075525,154.9878257246254,0.0025305854589786764,0.00010433312590694656,26.462378869736135,14.68025622272046,8.76161396167867
2626.488749999979,17.130862807537234,4.962162959879416,155.25456186274195,0.002490249620753485,0.00010393588418350506,26.464869119356887,14.681053185164103,8.78207473304645
2627.3608333333123,17.857109558289498,4.962611084354888,155.52208322886668,0.002389997202519031,0.00010355466198862585,26.467259116559408,14.681818003778213,8.801798301189384
2628.179999999979,18.73668206954226,4.96303060468518,155.7679303300718,0.002237441761556161,0.00010319781424155834,26.469496558320962,14.682533950393172,8.820340176629761
2628.929999999979,19.28707059234898,4.963413522903762,155.9594267737871,0.0020422304990985445,0.0001028721491849479,26.471538788820062,14.683187387693305,8.837329943328784
2629.5995833333122,18.76945225182403,4.963754446699365,156.07449727240387,0.0018182602432186019,0.00010258224994791014,26.47335704906328,14.683769126969743,8.852509443187914
2630.1829166666457,4.874567157294288,4.964050746604384,156.11020354397962,0.0015802661600994902,0.00010233034284269407,26.474937315223382,14.684274694269371,8.865742822180874
2630.679999999979,0.0,4.964302723013654,156.09714601632132,0.0013438741827720628,0.00010211615839641675,26.476281189406155,14.684704613662554,8.877026556263214
2631.0966666666454,0.0,4.964513575486057,156.08619834082842,0.0011245465194862961,0.00010193696114116716,26.47740573592564,14.685064353644004,8.886489945255173
2631.4441666666453,0.0,4.9646891764946925,156.07706616465344,0.0009365387127229602,0.000101787745339397,26.47834227463836,14.685363940464109,8.894385995897345
2631.7387499999786,0.0,4.964837857812744,156.0693234171742,0.0007929670296058601,0.00010166141879861397,26.47913524166797,14.68561759351484,8.901082123296284
2631.9999999999786,0.0,4.964969574021284,156.06245605791733,0.0007024864455450974,0.00010154951465328354,26.479837728113512,14.685842298405415,8.907022291217043
2632.2499999999786,0.0,4.965095488804806,156.0558840517592,0.0006715455121240747,0.00010144254190970334,26.480509273625636,14.686057101476441,8.912707948792018
2632.5112499999786,0.0,4.965226928241212,156.0490162538626,0.0007010103274966147,0.00010133087290269015,26.481210283953132,14.686281324353429,8.918650513484135
2632.805833333312,0.0,4.965374958218146,156.0412724746006,0.0007894932103146215,0.00010120509976363792,26.48199977716345,14.68653384305873,8.925352280830529
2633.153333333312,0.0,4.965549328695902,156.03213835075405,0.000929975881362418,0.00010105692958136161,26.48292975304481,14.68683128684411,8.933258985010344
2633.5699999999783,0.0,4.965758046347976,156.02118730029252,0.0011131608110613886,0.00010087954661587898,26.484042913855873,14.68718730892436,8.94274085258057
2634.0670833333115,0.0,4.966006535597774,156.0081242682006,0.0013252759989244825,0.00010066832626141944,26.485368189854796,14.687611155249515,8.954054762348395
2634.650416666645,0.0,4.966297438901416,155.99279655295945,0.0015514842860882814,0.00010042100712040327,26.486919674140886,14.688107324092302,8.967334824460636
2635.3199999999783,3.47023031235339,4.966630432304278,156.02355222263608,0.0017759648152651114,0.00010013785120864531,26.488695638956152,14.688675252185071,8.982582900050993
2636.0699999999783,10.107630384737814,4.967002265103149,156.1624427783713,0.0019831082606460463,9.982161385249171e-05,26.490678747216798,14.689309383652745,8.999668486122527
2636.889166666645,15.264883729712077,4.967407018716454,156.3888540372149,0.0021586859376261395,9.947732644200961e-05,26.492837433154424,14.689999613238657,9.018337948807357
2637.761249999978,16.8510519595547,4.9678363715098,156.64010113936317,0.00228988156451136,9.911207292825486e-05,26.495127314718935,14.690731739903956,9.038223642897298
2638.6666666666447,16.86051766366121,4.968280474373121,156.89100009307242,0.0023685486043814132,9.87342441588846e-05,26.497495863323316,14.691488961764978,9.05888142097101
2639.583333333311,16.75832996949355,4.9687283999224565,157.1517122895183,0.002388936263123689,9.835315384089904e-05,26.49988479958644,14.692252643417087,9.07980921438455
2640.4887499999777,17.13078940767041,4.969169181040265,157.4185185127479,0.002350832628308913,9.797815097571021e-05,26.50223563221475,14.693004087345708,9.100494197333832
2641.360833333311,17.857011719267124,4.969592212725133,157.68610491422055,0.0022561689859608687,9.761827462613107e-05,26.50449180120071,14.693725218895102,9.120431664132237
2642.1799999999776,18.73658196680141,4.969988237985142,157.93199127717835,0.002112134720042189,9.728141130384257e-05,26.506603935920754,14.69440026610933,9.139172623057265
2642.9299999999776,19.287005193045577,4.97034970766702,158.12349462553718,0.0019278383033514293,9.697398721274364e-05,26.508531774224107,14.69501637160725,9.156343107109464
2643.599583333311,18.76938036887669,4.970671532481956,158.23855973839724,0.001716399012990058,9.67003279382418e-05,26.5102481732371,14.695564872618476,9.17168269303008
2644.1829166666444,4.8742232306332935,4.9709512312328545,158.2742544573146,0.0014917266714595812,9.646253425434757e-05,26.51173989990856,14.696041551771522,9.185054574791563
2644.6799999999776,0.0,4.971189088347069,158.26117948131662,0.0012685712758110327,9.626035105065356e-05,26.51300847118437,14.696446904048297,9.196455627236984
2645.096666666644,0.0,4.9713881248065315,158.25021754325454,0.0010615277838021708,9.60911955312102e-05,26.51406999896817,14.696786086156962,9.206016855406594
2645.444166666644,0.0,4.9715538845273555,158.2410737259813,0.0008840518443923769,9.595034201393389e-05,26.514954050812563,14.697068551911025,9.213994155081384
2645.7387499999772,0.0,4.971694232704269,158.2333212914746,0.0007485236102036536,9.583109545502772e-05,26.515702574422765,14.697307708439636,9.220758909449257
2645.9999999999773,0.0,4.9718185662122645,158.22644548108113,0.0006631120426486031,9.572546332952183e-05,26.516365686465413,14.697519570824316,9.226759745415398
2646.2499999999773,0.0,4.971937423111619,158.21986551127557,0.0006339034632233141,9.562448651051355e-05,26.516999589928638,14.697722096954772,9.232503285627276
2646.5112499999773,0.0,4.972061494622299,158.2129895210907,0.0006617147236269585,9.551907697166036e-05,26.517661304652265,14.697933504141789,9.238506153901517
2646.8058333333106,0.0,4.972201226228399,158.20523666395226,0.000745235232527999,9.540035427395136e-05,26.518406539884793,14.698171589432171,9.24527569051703
2647.1533333333105,0.0,4.972365821107371,158.19609204980114,0.0008778393545212817,9.526049056111784e-05,26.519284379239316,14.698452031375322,9.253262023370493
2647.569999999977,0.0,4.972562836709039,158.18512873317724,0.001050749875557347,9.509305248492413e-05,26.520335129114873,14.698787702421512,9.262838919072633
2648.06708333331,0.0,4.972797392818061,158.1720515136345,0.0012509659147840145,9.489367515045142e-05,26.521586095029658,14.699187319494623,9.2742655556275
2648.6504166666437,0.0,4.973071983053403,158.15670776934212,0.00146448125515894,9.466022452664235e-05,26.523050576284817,14.699655123057475,9.28767701510186
2649.319999999977,3.470045393723885,4.973386300822403,158.18745434687776,0.0016763614346652442,9.439294862178013e-05,26.524726937719482,14.700190581245964,9.303074735878981
2650.069999999977,10.107110231738243,4.973737276855083,158.32635908165412,0.0018718721742962733,9.409444898673662e-05,26.526598809893777,14.700788454956804,9.320326445692297
2650.8891666666436,15.264415144326883,4.9741193236846035,158.55281714573232,0.0020375830907745037,9.376947554215374e-05,26.528636392984552,14.701439215860704,9.339175553582347
2651.761249999977,16.850870975164852,4.974524585765313,158.8041311558549,0.00216139776378887,9.342471548648887e-05,26.53079779074834,14.702129474212112,9.359250438463903
2652.6666666666433,16.860438806960655,4.974943766065508,159.0551044673255,0.002235628267699209,9.306808934625525e-05,26.53303341901604,14.702843388437593,9.380102396351075
2653.58333333331,16.758264670771872,4.975366550166192,159.31590193622105,0.0022548485369890932,9.27083883994025e-05,26.535288267553028,14.70356338867891,9.401224459405118
2654.4887499999763,17.13072041352304,4.975782586567626,159.58279639842704,0.00221886080764488,9.235443687682872e-05,26.537507128360673,14.704271846939436,9.422099037037563
2655.3608333333095,17.856919752442792,4.976181865972081,159.85046566381627,0.002129490157096444,9.201476611611037e-05,26.53963661851777,14.704951722861974,9.442216969455515
2656.179999999976,18.736487903818485,4.976555651762557,160.0964094896905,0.001993524215870081,9.169681930859537e-05,26.541630142733638,14.705588147408122,9.46112552583361
2656.929999999976,19.28694372951552,4.976896819514558,160.28793828998778,0.0018195613440072475,9.140666111926275e-05,26.543449704077645,14.706168999615297,9.478447829700013
2657.5995833333095,18.769312676952676,4.977200566652988,160.40301540632552,0.0016199847382980153,9.114837345013104e-05,26.545069688815943,14.706686113259334,9.493921645456108
2658.182916666643,4.873899361379202,4.977464552214826,160.43871422811296,0.0014079229964646485,9.092393834138555e-05,26.546477611812406,14.707135513154553,9.507409459941313
2658.679999999976,0.0,4.9776890454175335,160.42563567249823,0.0011972970811073335,9.073311435909531e-05,26.547674908893512,14.707517666717917,9.51890856491155
2659.0966666666427,0.0,4.977876898140854,160.41467112708818,0.0010018811910459781,9.057346327925807e-05,26.54867679008456,14.707837436158577,9.528551459689869
2659.4441666666426,0.0,4.9780333432655794,160.40552541016493,0.0008343739985319942,9.044052454113593e-05,26.549511164083093,14.70810373468207,9.536596504091111
2659.738749999976,0.0,4.978165804338017,160.39777156148944,0.0007064590530041308,9.032797903084587e-05,26.550217623136096,14.708329202366286,9.543418426029366
2659.999999999976,0.0,4.978283150354249,160.39089464786267,0.0006258454199015965,9.022828319718665e-05,26.550843468555996,14.708528937813867,9.549469758788648
2660.249999999976,0.0,4.978395327229798,160.384313755396,0.0005982766695950114,9.01329813199414e-05,26.551441745225592,14.708719871099495,9.555261441300091
2660.511249999976,0.0,4.978512425315181,160.3774369402999,0.000624523122040527,9.00334961229633e-05,26.552066268347634,14.708919176753728,9.561314427619903
2660.8058333333092,0.0,4.978644302920111,160.369683323971,0.0007033472262949592,8.99214463494289e-05,26.55276961557393,14.70914363298491,9.56814024049129
2661.153333333309,0.0,4.978799645742671,160.36053804753763,0.0008284950536533594,8.978944427631673e-05,26.553598110627583,14.709408020645263,9.576192634210647
2661.5699999999756,0.0,4.978985586106986,160.34957427015758,0.0009916819430119113,8.963141843575699e-05,26.554589792570596,14.70972447497401,9.585848275318943
2662.067083333309,0.0,4.979206955533899,160.33649697718624,0.0011806369435324415,8.94432496848101e-05,26.55577042951413,14.71010121341258,9.597368192908165
2662.6504166666423,0.0,4.979466106854138,160.32115380875697,0.0013821403746075165,8.92229244719571e-05,26.55715256988874,14.710542233060046,9.61088820131536
2663.3199999999756,3.469871296791654,4.9797627499966675,160.35190990218354,0.0015820967601570001,8.897067747184258e-05,26.558734666648895,14.711047031795013,9.626409302040082
2664.0699999999756,10.106621401704901,4.980093987498422,160.4908483395836,0.0017666000093565417,8.868896461772821e-05,26.560501266658253,14.711610669721765,9.643797666444103
2664.8891666666423,15.263974722894723,4.980454545351872,160.71737283116695,0.0019229752183972113,8.838226936781766e-05,26.562424241876652,14.712224163362196,9.662794172252493
2665.7612499999755,16.850700842348967,4.980837009187679,160.9687738231859,0.002039807124305824,8.805690337275946e-05,26.564464049000957,14.712874889097654,9.683023847416477
2666.666666666642,16.860364678432838,4.981232604494988,161.21984225655376,0.0021098416389810416,8.77203420164198e-05,26.566573890639937,14.71354791215363,9.704034192468606
2667.5833333333085,16.758203286975373,4.981631596952603,161.48074564831253,0.002127959773948035,8.738088215833718e-05,26.568701850413884,14.71422666879314,9.725314206828058
2668.488749999975,17.130655555532567,4.9820242176216984,161.7477487183619,0.00209397690184314,8.704685143556532e-05,26.570795827315727,14.714894540843485,9.746342425841911
2669.360833333308,17.856833298572134,4.98240102087451,162.01552078232996,0.0020096173483328734,8.672630076128488e-05,26.57280544466406,14.715535464471644,9.766606117656274
2670.179999999975,18.73639950747,4.982753762442198,162.26154215932505,0.0018812883610018298,8.642625388161204e-05,26.57468673302506,14.716135423077407,9.785649602064138
2670.929999999975,19.286885959432457,4.983075719713552,162.4531165676365,0.0017171054472194104,8.615243342758547e-05,26.57640383847228,14.716682990905799,9.803093755395507
2671.599583333308,18.769248933117883,4.983362361315455,162.56822445642126,0.0015287552101475481,8.590869080089377e-05,26.57793259368243,14.717170470448929,9.81867499559545
2672.1829166666416,4.8735943863732,4.983611478881637,162.60394420456265,0.0013286270196376816,8.569689577436429e-05,26.57926122070207,14.717594115082717,9.8322553524836
2672.679999999975,0.0,4.983823327151755,162.59087689855693,0.001129857440622508,8.551681992823234e-05,26.580391078142693,14.717954366113277,9.843832550018131
2673.0966666666413,0.0,4.9840005979305015,162.5799222024385,0.0009454441533157127,8.536616189306502e-05,26.58133652229601,14.718255807634879,9.853540360461652
2673.444166666641,0.0,4.984148229746971,162.57078499311356,0.0007873696878354443,8.524071200951434e-05,26.582123891983844,14.718506842400487,9.861639165333152
2673.7387499999745,0.0,4.984273228231258,162.5630385656911,0.0006666585828703401,8.513450689416808e-05,26.582790550566713,14.71871938626574,9.868506390307488
2673.9999999999745,0.0,4.984383962891376,162.55616839420472,0.0005905848539580552,8.504042782411966e-05,26.583381135420673,14.718907672551737,9.874597690653903
2674.2499999999745,0.0,4.984489819363101,162.54959409482527,0.0005645678492013337,8.495049539790598e-05,26.583945703269876,14.719087660952772,9.880427433783105
2674.5112499999746,0.0,4.984600319475272,162.54272431695136,0.0005893339315790111,8.485661559521557e-05,26.584535037201455,14.719275541503295,9.886519997174904
2674.805833333308,0.0,4.984724765986691,162.5349788162941,0.0006637147275642226,8.47508794587477e-05,26.58519875192902,14.719487130532062,9.893390194075849
2675.1533333333077,0.0,4.984871355001535,162.5258433593345,0.0007818080791696895,8.462631568281215e-05,26.58598056000819,14.719736361396013,9.901494612092337
2675.5699999999742,0.0,4.985046816647501,162.5148917070896,0.0009357954451545027,8.447719516312302e-05,26.586916355453344,14.720034673370767,9.911212156917356
2676.0670833333074,0.0,4.985255709758631,162.50182938102247,0.0011140965926899427,8.429963122990317e-05,26.588030452046034,14.720389812391018,9.922805247371526
2676.650416666641,0.0,4.985500254028608,162.48650447374303,0.0013042361065457614,8.409172426440353e-05,26.58933468815258,14.720805545866007,9.93641018506945
2677.3199999999742,3.4697073894811683,4.985780175098091,162.51728995333437,0.0014929123705733965,8.385369625765865e-05,26.590827600523152,14.721281399833817,9.952027523430068
2678.0699999999742,10.106161964695538,4.986092738139352,162.6562831037124,0.0016670028867245843,8.358786529792138e-05,26.592494603409875,14.721812716959962,9.969522101227621
2678.889166666641,15.263560737532092,4.986432965792854,162.88289536316583,0.0018145474853473763,8.32984626706102e-05,26.594309150895224,14.722391028227538,9.988632708485277
2679.761249999974,16.850540898371765,4.9867938611510745,163.1344052781585,0.001924775243839709,8.299144466389536e-05,26.596233926139064,14.723004433359575,10.008981670819178
2680.6666666666406,16.860294989320145,4.9871671440933785,163.38559152927863,0.001990842358956154,8.26738654822205e-05,26.59822476849802,14.723638853695864,10.03011348131138
2681.583333333307,16.758145579047458,4.987543629121536,163.6466234605775,0.002007920150172156,8.235355422053022e-05,26.600232688648195,14.724278675340257,10.051514001812663
2682.4887499999736,17.13059458116693,4.987914098407698,163.91375744059584,0.0019758361928636945,8.203836872922516e-05,26.602208524841057,14.724908233414318,10.07265881200035
2683.360833333307,17.856752021103297,4.988269639522798,164.18165407202684,0.001896219280535615,8.173590546653719e-05,26.604104744121592,14.725512385902679,10.093032515602022
2684.1799999999735,18.73631642861446,4.988602473891399,164.42777472341345,0.0017751166325413422,8.145279143987245e-05,26.605879860754133,14.726077920849407,10.112177293961414
2684.9299999999735,19.286831656006743,4.9889062589264315,164.6194162795931,0.0016201868535033754,8.119442579273788e-05,26.607500047607637,14.726594068693105,10.129712454716143
2685.599583333307,18.769188908355257,4.989176719712286,164.73457489106943,0.0014424575245568932,8.096444195754541e-05,26.608942505132195,14.72705357430063,10.145373545043514
2686.1829166666403,4.873307209137251,4.9894117732256,164.77033338522617,0.001253618737671458,8.076460358154298e-05,26.610196123869866,14.727452906719666,10.159022391290893
2686.6799999999735,0.0,4.989611660434355,164.75729297363708,0.0010660651133628338,8.059469462080492e-05,26.61126218898323,14.727792482532095,10.170657161954201
2687.09666666664,0.0,4.989778921662575,164.746361263115,0.0008920598838385731,8.045254321303492e-05,26.612154248867068,14.728076623238954,10.180412671885586
2687.44416666664,0.0,4.989918216962318,164.73724353270205,0.000742908265293208,8.033417706971785e-05,26.612897157132362,14.728313249699562,10.188550867572634
2687.738749999973,0.0,4.990036156624073,164.7295138381391,0.0006290115293620419,8.023396932189088e-05,26.613526168661725,14.728513594104038,10.19545120620175
2687.999999999973,0.0,4.990140637673334,164.72265867493107,0.0005572322627252034,8.014520310742507e-05,26.61408340092445,14.728691072970205,10.201571658280871
2688.249999999973,0.0,4.9902405157743095,164.71609888566013,0.0005326832052000397,8.006034957890555e-05,26.61461608412965,14.72886072999424,10.207429107322596
2688.511249999973,0.0,4.990344775000003,164.70924442501607,0.0005560492037034245,7.997177182185955e-05,26.615172133333353,14.729037825899605,10.213550422857589
2688.8058333333065,0.0,4.99046219263379,164.70151638427598,0.0006262273801958425,7.987200761155464e-05,26.615798360713548,14.729237269064317,10.220452793052752
2689.1533333333064,0.0,4.990600501704637,164.6924017797629,0.0007376483778506086,7.975447950594291e-05,26.616536009091398,14.729472192879609,10.228594825372676
2689.569999999973,0.0,4.9907660519468955,164.68147549591976,0.00088293462537707,7.961378220596277e-05,26.617418943716775,14.729753379706953,10.23835698776308
2690.067083333306,0.0,4.9909631443163995,164.6684439562636,0.0010511593040243307,7.944624889112011e-05,26.618470103020798,14.730088130455918,10.250002617366246
2690.6504166666396,0.0,4.991193872638625,164.65315590275662,0.0012305510518736827,7.925008765574828e-05,26.61970065407267,14.730479995784641,10.263668254492611
2691.319999999973,3.469553076508287,4.991457977486539,164.68399169996755,0.0014085591888731376,7.902550843323622e-05,26.621109213261544,14.730928528382613,10.279353996399372
2692.069999999973,10.10573011452076,4.991752877935852,164.8230618293963,0.0015728023963336893,7.877469886692694e-05,26.622682015657876,14.731429337706546,10.296923582527711
2692.8891666666395,15.263171570108852,4.992073877278562,165.0497846554384,0.001711996494461298,7.850165166660504e-05,26.624394012152337,14.731974440419398,10.31611417372574
2693.7612499999727,16.85039052225089,4.992414373510049,165.3014270211342,0.001815979901255326,7.821198695984745e-05,26.626209992053592,14.732552619071479,10.336546061268013
2694.6666666666392,16.86022946905505,4.992766554145028,165.5527554249141,0.0018782967198949505,7.791236056314241e-05,26.628088288773487,14.73315060312728,10.357761540422025
2695.5833333333057,16.758091322987134,4.993121752768003,165.8139401798121,0.0018943926558627404,7.761015915300882e-05,26.62998268142935,14.733753675248684,10.379244253237351
2696.4887499999722,17.130537253795143,4.9934712727601696,166.0812290084895,0.001864106624891036,7.731279628110237e-05,26.63184678805424,14.734347070337538,10.400467763451179
2697.3608333333054,17.85667560467228,4.993806705924419,166.34927352441213,0.0017889768759961843,7.702743863809956e-05,26.633635764930236,14.73491651641267,10.420914937296118
2698.179999999972,18.73623834045581,4.994120714044484,166.59551654316724,0.001674709973679277,7.67603380744606e-05,26.635310474903914,14.735449560926657,10.440126644120514
2698.929999999972,19.286780606920978,4.994407313851823,166.7872479333494,0.0015285323058065498,7.651658787041359e-05,26.63683900720972,14.7359360535899,10.457721312805042
2699.5995833333054,18.769132386786936,4.994662472881391,166.90247818933742,0.0013608481576977967,7.629961539340616e-05,26.638199855367418,14.73636915671942,10.47343410184356
2700.182916666639,4.873036796143768,4.994884226566809,166.93829406377895,0.0011826863222282609,7.611108399535858e-05,26.639382541689645,14.736745542843273,10.487126889227124
2700.679999999972,0.0,4.995072802784361,166.92529685368737,0.0010057398269498789,7.595078939395893e-05,26.640388281516596,14.737065605140298,10.498798297194746
2701.0966666666386,0.0,4.995230598554142,166.91440181600217,0.0008415774388277065,7.581668224362351e-05,26.641229858955423,14.737333417217272,10.50858394536415
2701.4441666666385,0.0,4.995362010546294,166.90531499236522,0.0007008639581488388,7.570501476045477e-05,26.64193072291357,14.737556445077104,10.516746877183095
2701.738749999972,0.0,4.9954732751753275,166.89761172720176,0.000593411354844722,7.561047832109255e-05,26.642524134268417,14.737745275635838,10.52366790043297
2701.999999999972,0.0,4.99557184265591,166.89078017816806,0.0005256932297733758,7.55267360909138e-05,26.64304982749819,14.737912554495562,10.529806477377193
2702.249999999972,0.0,4.995666067490069,166.8842431397144,0.0005025324488470409,7.54466852857632e-05,26.643552359947037,14.738072460828587,10.535681077048952
2702.511249999972,0.0,4.99576442523806,166.87741261303947,0.0005245746559506772,7.536312124112124e-05,26.64407693460299,14.738239378280195,10.541820111616348
2702.805833333305,0.0,4.995875196293403,166.86971175427374,0.0005907789618268169,7.526900416424454e-05,26.644667713564814,14.73842735832013,10.548742211380324
2703.153333333305,0.0,4.996005675813259,166.86062947827563,0.0006958907725637347,7.515812904150509e-05,26.64536360433738,14.738648779358028,10.556907175567973
2703.5699999999715,0.0,4.996161853858241,166.8497423336953,0.0008329495732381966,7.502539674280362e-05,26.646196553910617,14.738913803797299,10.566696346135796
2704.0670833333047,0.0,4.996347787575699,166.83675802410463,0.0009916464931116597,7.486734830281933e-05,26.64718820040373,14.739229312581404,10.57837350044926
2704.650416666638,0.0,4.996565451824667,166.8215261421301,0.0011608759944936532,7.468229362329267e-05,26.648349076398222,14.739598651856662,10.592075167154029
2705.3199999999715,3.4694077972509993,4.996814601361535,166.85243403827474,0.0013287975299697207,7.447043118183074e-05,26.64967787392819,14.740021399528576,10.607800982514517
2706.0699999999715,10.10532416028619,4.997092800857857,166.99160442649824,0.0014837306470463548,7.423382521747288e-05,26.651161604575236,14.740493416910875,10.625413827806534
2706.889166666638,15.262805704894554,4.997395619045978,167.21846180506958,0.0016150303366491332,7.397624279415301e-05,26.652776634911884,14.741007179098354,10.64464970499503
2707.7612499999714,16.85024913199793,4.997716827378133,167.47026144362428,0.0017131111048243194,7.370298613362507e-05,26.654489746016708,14.741552113118013,10.665127553729327
2708.666666666638,16.860167864058532,4.9980490555738255,167.7217576694529,0.0017718837103647734,7.342033432793557e-05,26.656261629727073,14.742115711136883,10.686388297032913
2709.5833333333044,16.75804030885493,4.998384128036639,167.9831208888038,0.0017870531350027922,7.31352557231071e-05,26.658048682862077,14.742684101947168,10.707914291044291
2710.488749999971,17.130483351637597,4.998713840943795,168.25058983342615,0.001758468838160835,7.285474379101797e-05,26.65980715170024,14.74324336958876,10.729178037960203
2711.360833333304,17.856603753704448,4.999030262809911,168.51880680229257,0.00168758328595345,7.258555890953765e-05,26.661494734986192,14.743780063114249,10.749661606112106
2712.1799999999707,18.736164937027464,4.9993264717127355,168.76519637573145,0.0015797808150633623,7.233359827298657e-05,26.663074515801256,14.744282446584025,10.76890538890046
2712.9299999999707,19.28673261334582,4.999596824037479,168.95704118547175,0.0014418790653000007,7.210366603673828e-05,26.664516394866556,14.744740954049606,10.786527632835957
2713.599583333304,18.769079164937402,4.99983751647066,169.0723647612568,0.0012836929769691036,7.18989948059761e-05,26.665800087843525,14.74514914170155,10.802263592700239
2714.1829166666375,4.872782173282731,5.000046696369525,169.10825727598112,0.0011156261272769795,7.172115316902485e-05,26.666915713970802,14.745503874020734,10.815975452920759
2714.6799999999707,0.0,5.000224579172435,169.0953200771749,0.0009487082821851427,7.1569948015025e-05,26.667864422252986,14.74580552204083,10.82766229542468
2715.0966666666372,0.0,5.000373426369957,169.08447581658794,0.0007938517201179028,7.144344586862144e-05,26.668658273973104,14.746057925389309,10.837460300943045
2715.444166666637,0.0,5.0004973855954455,169.07543167234365,0.0006611158692701947,7.133811122349436e-05,26.669319389842375,14.7462681208006,10.845633133906775
2715.7387499999704,0.0,5.0006023397807695,169.0677648232013,0.0005597556550649948,7.124893634388838e-05,26.66987914549744,14.746446086246388,10.852562261948277
2715.9999999999704,0.0,5.000695316719094,169.06096574981925,0.0004958770043969798,7.11699436799022e-05,26.670375022501837,14.74660373983403,10.858707804738275
2716.2499999999704,0.0,5.000784197118937,169.0544599459809,0.0004740287991603167,7.109443324443362e-05,26.670849051300998,14.746754444917785,10.86458887469373
2716.5112499999705,0.0,5.000876975807281,169.04766222247602,0.0004948196711713397,7.101560901088987e-05,26.67134387097217,14.746911757487158,10.870734465958074
2716.805833333304,0.0,5.0009814634415015,169.03999855048158,0.0005572673825092571,7.092683053500366e-05,26.671901138354677,14.747088920398548,10.87766370765862
2717.1533333333036,0.0,5.001104541246497,169.03096040994953,0.0006564149599753998,7.082224487109802e-05,26.672557553314654,14.74729759964129,10.885836753987961
2717.56999999997,0.0,5.001251859287888,169.02012656845218,0.0007856962207496558,7.069704230762219e-05,26.673343249535403,14.74754737262455,10.895635126281276
2718.0670833333033,0.0,5.0014272442648,169.0072063959868,0.0009353865435300662,7.054796034502703e-05,26.674278636078935,14.747844724031166,10.907322560796512
2718.650416666637,0.0,5.0016325586196615,168.9920505396385,0.0010950098925984722,7.037340508785485e-05,26.675373645971533,14.748192807069943,10.921035324213419
2719.31999999997,3.4692710237424373,5.001867570573704,169.02305294724425,0.0012533970882212715,7.017356413580204e-05,26.676627043059753,14.748591223497115,10.936772590308282
2720.06999999997,10.104942518566503,5.002129982495481,169.16234763791533,0.0013995302494800483,6.995038501786669e-05,26.678026573309232,14.749036072345827,10.95439662959517
2720.889166666637,15.262461721733475,5.002415614102047,169.38936446322361,0.0015233685683514533,6.970742143979494e-05,26.679549941877582,14.749520261355094,10.973642763885195
2721.76124999997,16.850116182053526,5.002718589926531,169.64134719107687,0.001615871063920881,6.94496750615699e-05,26.681165812941504,14.750033825738248,10.994129273774456
2722.6666666666365,16.860109936623,5.003031957735505,169.89303793031772,0.0016712949811908474,6.918306883016121e-05,26.682837107922694,14.750564977386736,11.01539654563315
2723.583333333303,16.757992339848546,5.00334800590665,170.15460629350778,0.0016855902461125627,6.891417564011215e-05,26.684522698168806,14.751100643512734,11.03692659298365
2724.4887499999695,17.130432666789996,5.003658996430185,170.42228163471194,0.0016586161255187609,6.864959188374078e-05,26.686181314294323,14.751627709384644,11.058191818661284
2725.3608333333027,17.856536191114355,5.003957448401009,170.69069657290083,0.001591743844396881,6.839569389739062e-05,26.68777305813872,14.75213349873619,11.078674438554119
2726.1799999999694,18.73609593178742,5.004236833343675,170.93725770095858,0.0014900530275470602,6.815804368262412e-05,26.689263111166266,14.752606951751135,11.097915209679465
2726.9299999999694,19.28668748902926,5.004491828630837,171.12924016239978,0.0013599748648664017,6.79411721585981e-05,26.69062308603113,14.753039053785013,11.115532893938031
2727.5995833333027,18.769029051036096,5.004718847480249,171.24467926325866,0.001210767196865686,6.774812789418763e-05,26.691833853227998,14.753423732606757,11.131263326702966
2728.182916666636,4.872542422517103,5.004916142976872,171.28066811047165,0.0010522426486554689,6.758038996013317e-05,26.692886095876652,14.753758033753094,11.14496925141993
2728.6799999999694,0.0,5.005083918748835,171.26780807190997,0.0008948041171362316,6.743777585076137e-05,26.69378089999379,14.754042307309279,11.156650212308298
2729.096666666636,0.0,5.005224308144592,171.25702897252498,0.0007487434440349834,6.731846164528826e-05,26.694529643437825,14.754280172091793,11.166442703466743
2729.4441666666357,0.0,5.005341223385305,171.24803951056742,0.0006235479504732897,6.721911250199331e-05,26.695153191388297,14.754478259775224,11.174610529790398
2729.738749999969,0.0,5.005440213285811,171.24041925705959,0.0005279461360307307,6.713500508939333e-05,26.69568113752433,14.754645973754876,11.181535123182533
2729.999999999969,0.0,5.005527906375947,171.23366169025144,0.00046769648072407814,6.706050144645836e-05,26.69614883400505,14.754794545717727,11.187676421547128
2730.249999999969,0.0,5.005611735556433,171.2271957654627,0.0004470889625905848,6.698928229244682e-05,26.696595922967642,14.754936569272136,11.19355323381884
2730.511249999969,0.0,5.00569924129567,171.22043988060585,0.00046669727593381293,6.691493782055952e-05,26.697062620243575,14.755084819500757,11.199694171171156
2730.8058333333024,0.0,5.005797790294407,171.2128235857167,0.0005255946599304343,6.683120501955028e-05,26.697588214903504,14.755251776328057,11.206617914573098
2731.1533333333023,0.0,5.005913872572045,171.2038416037958,0.0006191054807383084,6.673256368255774e-05,26.698207320384242,14.755448433579888,11.214784133761423
2731.569999999969,0.0,5.006052816879383,171.19307548461197,0.0007410363058050176,6.661447761603667e-05,26.698948356690046,14.75568381674026,11.22457383347908
2732.067083333302,0.0,5.006218232147269,171.18023665559625,0.000882214762058874,6.647386997668894e-05,26.699830571452104,14.755964036649878,11.236250227823112
2732.6504166666355,0.0,5.006411874614359,171.16517702261876,0.0010327598244808437,6.630923775556543e-05,26.700863331276583,14.756292064522516,11.249949073103483
2733.319999999969,3.4691422587790703,5.006633525278064,171.1962967625819,0.0011821368730898325,6.612075822855978e-05,26.702045468149674,14.756667524667382,11.26566908248325
2734.069999999969,10.10458370615905,5.006881016698298,171.3357403092723,0.001319954241245559,6.591026857574172e-05,26.70336542239092,14.757086740458032,11.28327216758118
2734.8891666666354,15.262138289707506,5.007150405847045,171.56294210080748,0.0014367421266566237,6.568112081541427e-05,26.704802164517577,14.757543027879972,11.30249345376368
2735.7612499999686,16.849991160902054,5.0074361509898555,171.81513442466246,0.0015239740949857276,6.543803251536969e-05,26.706326138612564,14.758026996002743,11.322951259981965
2736.666666666635,16.860055463873323,5.007731695004329,172.06704707441628,0.0015762347438575193,6.518659001626856e-05,26.707902373356422,14.758527535789028,11.344186275494508
2737.5833333333017,16.75794723144316,5.008029764758449,172.32884797769233,0.001589705355308224,6.493299248025765e-05,26.70949207871173,14.759032327745103,11.365681117043538
2738.488749999968,17.130385004315734,5.008323062443973,172.59675669116604,0.001564254322798922,6.468346105132603e-05,26.711056333034527,14.759529013056978,11.386909051049985
2739.3608333333013,17.85647265709631,5.008604532936241,172.86539575678557,0.001501175958762919,6.444400916081136e-05,26.71255750899329,14.760005646304332,11.407353385382681
2740.179999999968,18.736031056315603,5.008868019526783,173.11215396779735,0.001405261816223593,6.421988208652556e-05,26.713962770809513,14.760451805511726,11.42655607762639
2740.929999999968,19.28664505945318,5.009108502866027,173.30429870441338,0.0012825778093040537,6.401535258585362e-05,26.715245348618815,14.760858996101263,11.444137099104575
2741.5995833333013,18.768981864357297,5.009322600732463,173.41987583997067,0.0011418552876549556,6.383329536507831e-05,26.71638720390647,14.761221496342605,11.459833345873568
2742.182916666635,4.872316678717885,5.009508666065489,173.45598094871696,0.0009923484428075787,6.367510495019181e-05,26.71737955234928,14.761536522530006,11.473508368914297
2742.679999999968,0.0,5.009666891284859,173.44321539341433,0.0008438678366440004,6.354060889805366e-05,26.71822342018592,14.761804404938138,11.485162173972133
2743.0966666666345,0.0,5.009799288612627,173.43251598074048,0.0007061190814281438,6.342808684454636e-05,26.71892953926735,14.762028554030328,11.494931318472371
2743.4441666666344,0.0,5.009909547791109,173.4235933187627,0.0005880489518988083,6.333439358870374e-05,26.719517588219247,14.762215219318147,11.503079266210426
2743.7387499999677,0.0,5.010002901898107,173.41602993558718,0.000497888570663718,6.325507455879015e-05,26.72001547678991,14.76237326212317,11.509986718010259
2743.9999999999677,0.0,5.01008560217791,173.4093229888832,0.0004410681589439301,6.31848126906081e-05,26.720456544948856,14.762513266555263,11.516112592123193
2744.2499999999677,0.0,5.010164658383341,173.4029056651148,0.00042163309563039453,6.31176484460328e-05,26.720878178044487,14.762647100045212,11.521974449306008
2744.5112499999677,0.0,5.010247181652307,173.39620073382278,0.0004401241011526103,6.304753696438693e-05,26.72131830214564,14.762786800976208,11.528099555565888
2744.805833333301,0.0,5.010340119191305,173.38864209399893,0.000495666874655202,6.296857187157914e-05,26.721813969020296,14.762944129537777,11.535005199953543
2745.153333333301,0.0,5.010449591378718,173.37972839454332,0.0005838516662038315,6.287554735884031e-05,26.7223978206865,14.763129445458606,11.543149731822146
2745.5699999999674,0.0,5.010580623373891,173.3690445338656,0.0006988373075900457,6.276418566442186e-05,26.723096657994088,14.763351253565785,11.552912947085083
2746.0670833333006,0.0,5.01073661836776,173.35630438875447,0.0008319733006361704,6.263158534714942e-05,26.723928631294722,14.763615312053458,11.564557060407887
2746.650416666634,0.0,5.010919232285683,173.3413613268046,0.0009739408955873227,6.247632924407687e-05,26.72490257219031,14.763924420482871,11.578217073032778
2747.3199999999674,3.4690210341376098,5.011128258242054,173.3726214045842,0.0011148051006497938,6.229858483797269e-05,26.726017377290958,14.764278224483382,11.593891242737202
2748.0699999999674,10.104246333369394,5.011361651860146,173.5122386161761,0.0012447659631529538,6.210008500109853e-05,26.727262143254112,14.764673259111822,11.611441376731614
2748.889166666634,15.261834161249164,5.011615694333527,173.739651235617,0.0013548931913668412,6.188399114315906e-05,26.728617036445478,14.765103225524356,11.63060288909184
2749.7612499999673,16.84987358885246,5.0118851592969484,173.99208004871278,0.0014371464715824123,6.165475237077101e-05,26.73005418291706,14.76555927418044,11.650994834274425
2750.666666666634,16.86000423680019,5.012163862974101,174.24424239618304,0.0014864196114806746,6.141763695954718e-05,26.73154060252854,14.766030936671019,11.672159041787754
2751.5833333333003,16.757904810591544,5.012444946543823,174.5063036319579,0.0014991123718498338,6.117849094677996e-05,26.73303971490039,14.766506604127104,11.693579673067426
2752.488749999967,17.13034018140115,5.0127215281018875,174.77447307141992,0.0014751016430143023,6.094318093949504e-05,26.734514816543403,14.766974630810989,11.71473181481129
2753.3608333333,17.85641290799922,5.012986954779467,175.04336275959125,0.0014156089470848793,6.071737751379885e-05,26.735930425490487,14.767423760705187,11.73510080337749
2754.1799999999666,18.73597005910535,5.013235421072841,175.29034382751016,0.00132515356466911,6.050602674078248e-05,26.737255579055155,14.76784417348429,11.754230625163418
2754.9299999999666,19.28660516105159,5.013462194116036,175.4826756000586,0.0012094562303698597,6.031315751131401e-05,26.738465035285525,14.768227865108905,11.771743146177798
2755.5995833333,18.76893743459571,5.0136640848992995,175.59841335972834,0.001076750844074951,6.014148031460826e-05,26.7395417861296,14.768569444427879,11.787376795560146
2756.1829166666334,4.872104126670191,5.013839540651353,175.63465470151604,0.0009357640109506931,5.9992309843828035e-05,26.74047755014055,14.768866288762705,11.800996174487883
2756.6799999999666,0.0,5.013988743159958,175.6220009622767,0.0007957467125605022,5.986548319894898e-05,26.741273296853112,14.769118709658619,11.812601746118752
2757.096666666633,0.0,5.014113590179953,175.61139576557076,0.0006658507733012641,5.975937787940299e-05,26.741939147626415,14.769329921007987,11.822329880702013
2757.444166666633,0.0,5.014217561245789,175.60255202128246,0.0005545123511306089,5.967102786564154e-05,26.742493659977544,14.769505811809385,11.830443221837799
2757.7387499999663,0.0,5.014305591134229,175.59505578093706,0.00046949273834506956,5.9596232504589844e-05,26.74296315271589,14.769654732040749,11.837321049213498
2757.9999999999663,0.0,5.014383574651369,175.58840856421725,0.0004159120914139125,5.9529977898145834e-05,26.743379064807304,14.769786654958192,11.84342043092446
2758.2499999999663,0.0,5.014458121792557,175.58204855845145,0.0003975847529990291,5.946664436615297e-05,26.743776649560303,14.769912763004344,11.849256743891114
2758.5112499999664,0.0,5.0145359381039984,175.57540368886657,0.00041502032769132904,5.940053181615252e-05,26.744191669887993,14.77004439965568,11.855354956496953
2758.8058333332997,0.0,5.01462357449934,175.567912972516,0.0004673941084854558,5.93260707872032e-05,26.74465906399648,14.770192646203514,11.862230032191192
2759.1533333332995,0.0,5.014726802167833,175.5590796655071,0.0005505475653000381,5.9238352474066635e-05,26.74520961156178,14.770367264264783,11.870338173573531
2759.569999999966,0.0,5.01485035948502,175.54849257918076,0.0006589723583271698,5.913334323996177e-05,26.745868583920107,14.77057626756732,11.880057284239026
2760.0670833332993,0.0,5.014997455306942,175.5358684288628,0.0007845110502479567,5.9008307323050324e-05,26.746653094970355,14.770825081692895,11.891648109381144
2760.6504166666327,0.0,5.015169650828103,175.5210622435669,0.0009183761128609933,5.886190862941652e-05,26.747571471083216,14.771116344323296,11.905244655933803
2761.319999999966,3.468906908894379,5.015366750649574,175.5524856276818,0.0010511990478484906,5.8694305356369534e-05,26.748622670131063,14.771449721237548,11.920844734799918
2762.069999999966,10.10392909778568,5.015586826692213,175.69230131677742,0.001173738894073326,5.850713180254001e-05,26.749796409025137,14.771821947205083,11.93831030400644
2762.8891666666327,15.261548166670401,5.015826372005155,175.91995068873706,0.0012775750023576648,5.83033692806994e-05,26.751073984027496,14.772227086733318,11.957377549380507
2763.761249999966,16.849763015972858,5.016080458172787,176.1726429716047,0.0013551262273705364,5.808721326415229e-05,26.752429110254866,14.772656800976389,11.977666952685539
2764.6666666666324,16.859956059360428,5.016343254121184,176.42508288341494,0.0014015783914490337,5.7863631549660256e-05,26.753830688646314,14.773101225810365,11.998722312764231
2765.583333333299,16.75786491497956,5.016608292409057,176.6874323249455,0.0014135375353236355,5.7638136593283796e-05,26.755244226181638,14.773549422655117,12.020030266020287
2766.4887499999654,17.13029802656941,5.01686908399593,176.9558899107424,0.0013908884633277243,5.741626010486771e-05,26.756635114644965,14.773990418353444,12.041068662936746
2767.3608333332986,17.856356715279126,5.0171193559640885,177.2250567545361,0.0013347838301752469,5.720334881547044e-05,26.75796989847514,14.774413607119147,12.061325790193942
2768.1799999999653,18.73591270444171,5.0173536345211005,177.4722864215147,0.0012494856374006282,5.700406619610177e-05,26.75921938411254,14.774809736072228,12.080348476584343
2768.9299999999653,19.28656764048568,5.017567457365591,177.66482987880914,0.0011403885039466127,5.6822210821475267e-05,26.760359772616486,14.775171263806465,12.097761154386246
2769.5995833332986,18.76889560127608,5.017757817944439,177.78075071155533,0.0010152564205228396,5.666033810459293e-05,26.76137502903701,14.775493110925536,12.113304247169369
2770.182916666632,4.871903998242059,5.017923252504617,177.8171481097947,0.0008823176542824827,5.65196873687312e-05,26.762257346691293,14.775772806586604,12.12684364141193
2770.6799999999653,0.0,5.018063932753269,177.80462336820432,0.0007502946594775861,5.640010476034506e-05,26.76300764135077,14.776010644632157,12.13838025029726
2771.096666666632,0.0,5.018181648295648,177.794126785609,0.0006278162260191978,5.630006024128707e-05,26.76363545757679,14.776209653523694,12.148050007775016
2771.4441666666316,0.0,5.018279680095404,177.78537396433168,0.000522836265362634,5.621675705437526e-05,26.76415829384215,14.776375382212501,12.156114264098154
2771.738749999965,0.0,5.018362681161056,177.777955041878,0.0004426723501494186,5.6146234392795545e-05,26.7646009661923,14.776515698379573,12.16295019803465
2771.999999999965,0.0,5.018436209626579,177.77137657695445,0.000392151816120158,5.60837647133659e-05,26.76499311800842,14.776639999137496,12.169012210384121
2772.249999999965,0.0,5.018506497906035,177.76508252044408,0.00037487082376622317,5.6024049341375994e-05,26.765367988832185,14.776758820871233,12.17481257433698
2772.511249999965,0.0,5.018579868459673,177.75850672960735,0.0003913096194045606,5.596171382267131e-05,26.76575929845159,14.776882851650537,12.180873024775003
2772.8058333332983,0.0,5.018662497903806,177.75109410056302,0.00044069036870892687,5.5891506910496526e-05,26.7661999888203,14.7770225324642,12.18770528263694
2773.153333333298,0.0,5.018759827626588,177.74235317010766,0.0005190918548370156,5.580880031331578e-05,26.766719080675138,14.77718706082714,12.195762592874523
2773.5699999999647,0.0,5.018876325151948,177.73187721946744,0.0006213201352522393,5.570979095760594e-05,26.76734040081039,14.777383987301674,12.20542029690498
2774.067083333298,0.0,5.019015015810331,177.7193861853981,0.0007396835113815838,5.559189954587483e-05,26.76808008432177,14.777618423789049,12.216937210975573
2774.6504166666314,0.0,5.019177371353791,177.70473695300967,0.0008658962317848392,5.54538665278426e-05,26.768945980553553,14.7778928553245,12.230446115596765
2775.3199999999647,3.468799467841364,5.019363207267985,177.73634635904537,0.0009911248756987654,5.529584130050525e-05,26.769937105429253,14.778206966726012,12.245944386472193
2776.0699999999647,10.103630778502177,5.019570705352611,177.87638509696444,0.0011066564513377355,5.511936502897961e-05,26.77104376188059,14.778557681157329,12.263294386514389
2776.8891666666314,15.26127920907518,5.019796558785054,178.10429693744427,0.0012045516396984805,5.492724889790759e-05,26.77224831352029,14.778939405851169,12.282233550707295
2777.7612499999645,16.849659020167373,5.0200361205825335,178.35727946725015,0.0012776629198904773,5.472344880677901e-05,26.77352597644018,14.779344283643056,12.302384469566265
2778.666666666631,16.85991074763917,5.020283892802134,178.61002458796196,0.0013214518378713495,5.4512648746284845e-05,26.77484742827805,14.779763020344886,12.32329372610585
2779.5833333332976,16.75782739233286,5.020533777645129,178.87268988368734,0.0013327191626358445,5.430004611763705e-05,26.776180147440687,14.78018530954489,12.344451344109798
2780.488749999964,17.130258378948437,5.020779657096283,179.1414628012282,0.001311357072820697,5.409085634899031e-05,26.77749150451351,14.780600812397108,12.36533886144672
2781.3608333332973,17.85630386452389,5.021015617050002,179.41093308231055,0.0012584530865072236,5.389012034308911e-05,26.778749957600017,14.780999536331091,12.385448415741312
2782.179999999964,18.735858771359556,5.021236496952697,179.6584367904566,0.0011780261477015517,5.370223470777013e-05,26.77992798374772,14.781372763592424,12.40433047136806
2782.929999999964,19.28653235397088,5.021438089984417,179.85121622845747,0.0010751628358424748,5.3530780540558725e-05,26.78100314658356,14.78171338904241,12.421612680082008
2783.5995833332972,18.7688562131948,5.021617561860388,179.96734223000087,0.0009571833385111678,5.3378166837366286e-05,26.78196032992207,14.782016627255958,12.437037906984376
2784.1829166666307,4.8717155697079955,5.02177353285512,180.0039151759814,0.0008318453052350345,5.3245561777150477e-05,26.782792175227307,14.782280150545024,12.450473549815435
2784.679999999964,0.0,5.021906165122031,179.9915363069801,0.0007073720901956366,5.313282007846868e-05,26.783499547317504,14.78250423602379,12.461920961247756
2785.0966666666304,0.0,5.022017146107589,179.981162475403,0.0005918985896382943,5.303849904387053e-05,26.784091445907144,14.78269173725313,12.471515393005872
2785.4441666666303,0.0,5.022109569235632,179.97251236166278,0.0004929233495654157,5.29599617760344e-05,26.78458436925671,14.782847882478407,12.479516438171276
2785.7387499999636,0.0,5.022187821416057,179.9651807429095,0.0004173449622633559,5.289347397667181e-05,26.78500171421897,14.782980084532493,12.4862985099082
2785.9999999999636,0.0,5.0222571428435,179.95867988216563,0.0003697142797000746,5.283457852506572e-05,26.78537142849867,14.783097197184025,12.492312543720825
2786.2499999999636,0.0,5.022323409366786,179.95246024263858,0.00035342145752336146,5.2778279885614544e-05,26.785724849956193,14.78320914754694,12.498066811427421
2786.5112499999636,0.0,5.0223925816878765,179.94596237526227,0.00036891904581757537,5.2719511113818466e-05,26.78609376900201,14.783326005608375,12.504078901696476
2786.805833333297,0.0,5.02247048296926,179.93863780128,0.0004154735007108181,5.265332145740986e-05,26.78650924250272,14.783457608523591,12.510856399262801
2787.153333333297,0.0,5.022562243169787,179.93000099779732,0.0004893877361491694,5.257534751296915e-05,26.78699863023887,14.783612621840447,12.518848801692481
2787.5699999999633,0.0,5.022672074057844,179.91965026057755,0.0005857647363008406,5.2482003920178686e-05,26.78758439497517,14.783798159348624,12.52842823666775
2788.0670833332965,0.0,5.022802827678815,179.9073091210361,0.0006973526451754337,5.237085911572607e-05,26.788281747620346,14.78401903715493,12.539851145757739
2788.65041666663,0.0,5.022955891350243,179.89283650837908,0.0008163395809521064,5.224072580752579e-05,26.789098087201296,14.784277596368794,12.553248859619933
2789.3199999999633,3.4686983199934316,5.023131090867789,179.92465419157347,0.0009343974269135158,5.209174505543554e-05,26.79003248462821,14.784573539793687,12.568618333431832
2790.0699999999633,10.103350230756414,5.023326711823315,180.06494007334743,0.001043311762807508,5.1925370049782377e-05,26.791075796391016,14.784903968289008,12.585822586030499
2790.88916666663,15.261026259626979,5.023539636405788,180.29313962959182,0.0011355977731889863,5.174425129685892e-05,26.792211394164205,14.785263612319861,12.604600769889188
2791.761249999963,16.84956120538494,5.023765483411199,180.54643870197415,0.0012045173621939094,5.155211844752058e-05,26.7934159115264,14.785645068986284,12.624578250515397
2792.6666666666297,16.85986812906957,5.023999069480777,180.7995161658443,0.0012457923710777717,5.135338748647889e-05,26.794661703897475,14.786039581578894,12.645305189934984
2793.583333333296,16.757792099771137,5.02423464586117,181.06252444745118,0.0012564073621000663,5.115295831485363e-05,26.795918111259574,14.78643743983592,12.666275887469805
2794.4887499999627,17.13022108758895,5.024466444871456,181.33163935947806,0.0012362613881979816,5.095574771647542e-05,26.79715437264777,14.786828903065818,12.686976465645015
2795.360833333296,17.85625415454459,5.024688891192073,181.60143883230143,0.0011863803766196284,5.076650783407435e-05,26.79834075302439,14.787204556943621,12.706903786228384
2796.1799999999625,18.735808052675704,5.024897120010294,181.84924146820305,0.0011105536971797822,5.058938331912009e-05,26.799451306721572,14.787556188308422,12.725612716544108
2796.9299999999625,19.286499166651865,5.025087165701922,182.04228060072265,0.0010135770220123985,5.042774995213842e-05,26.800464883743583,14.787877103383567,12.742734758232741
2797.599583333296,18.76881912789239,5.025256356602833,182.15863331113627,0.0009023514715305874,5.028387851164242e-05,26.801367235215114,14.788162793918358,12.75801564780435
2798.1829166666294,4.871538159219532,5.025403392291439,182.1954007891011,0.0007841903392302041,5.015887003170706e-05,26.802151425554346,14.788411067182574,12.771324509630126
2798.6799999999625,0.0,5.025528425870448,182.18318421331696,0.0006668457547110033,5.005258735030003e-05,26.802818271309057,14.788622184486487,12.782663122355613
2799.096666666629,0.0,5.02563304830592,182.17294688487308,0.0005579863225166164,4.996367025602618e-05,26.803376257631573,14.788798834441655,12.792165814521812
2799.444166666629,0.0,5.025720175934034,182.16441093950758,0.00046468068327562746,4.98896328022701e-05,26.80384093831485,14.78894594286207,12.800089970783624
2799.7387499999622,0.0,5.025793944411498,182.15717633389755,0.00039343187980621407,4.98269545629988e-05,26.804234370194656,14.789070493665395,12.806806593710517
2799.9999999999623,0.0,5.025859293739996,182.1507616831201,0.00034852975198933087,4.9771433746387225e-05,26.804582899946645,14.789180828263387,12.812762380137993
2800.2499999999623,0.0,5.02592176311171,182.14462469101554,0.0003331699824761582,4.971836103098942e-05,26.80491606992912,14.78928629925197,12.8184607312715
2800.5112499999623,0.0,5.025986971673535,182.13821334248883,0.0003477789963977702,4.966295980902391e-05,26.80526384892552,14.78939639379588,12.824414206257911
2800.8058333332956,0.0,5.026060408878124,182.13098650854215,0.0003916650911461714,4.9600563037661897e-05,26.805655514016667,14.78952037966863,12.831125389240668
2801.1533333332954,0.0,5.0261469106569985,182.1224652466414,0.0004613428206598125,4.952705740080144e-05,26.806116856837328,14.789666420807817,12.839039267181557
2801.569999999962,0.0,5.026250447321235,182.11225339475573,0.0005521955425934216,4.9439063080342455e-05,26.80666905237992,14.789841219162046,12.848524125170417
2802.067083333295,0.0,5.02637370732916,182.10007843936296,0.0006573867089352359,4.933428797945814e-05,26.807326439088854,14.790049311938152,12.859833601078172
2802.6504166666286,0.0,5.026517998304494,182.0858015335593,0.0007695518684500614,4.921161300748715e-05,26.808095990957305,14.790292904555095,12.87309736239643
2803.319999999962,3.4686030971815067,5.026683155805033,182.11784909281675,0.0008808400028749851,4.9071171328950286e-05,26.80897683096018,14.790571716803132,12.888311961238509
2804.069999999962,10.103086380946998,5.0268675634455455,182.25840551534367,0.0009835074160618514,4.891433304912276e-05,26.809960338376243,14.790883017126838,12.905341318548937
2804.8891666666286,15.26078835314426,5.027068281893149,182.48691732051267,0.0010704983872187363,4.874359694999372e-05,26.81103083676346,14.791221840805886,12.923926760252986
2805.761249999962,16.84946919995008,5.027281180892254,182.74055848752278,0.0011354613285619911,4.856247905787004e-05,26.812166298092023,14.791581213302438,12.943697073269217
2806.6666666666283,16.85982804170558,5.027501374099242,182.99399464722512,0.0011743637706055367,4.837514231859132e-05,26.81334066186263,14.791952884723552,12.964206768028376
2807.583333333295,16.75775890320628,5.027723442296945,183.2573722551843,0.0011843637210767009,4.818620576074607e-05,26.814525025583706,14.792327706932797,12.984955277269933
2808.4887499999613,17.130186010828886,5.027941948542649,183.5268550315519,0.0011653666437566306,4.80003042280278e-05,26.815690392227463,14.79269650323946,13.005434173091851
2809.3608333332945,17.85620739652885,5.02815163733823,183.79700866460433,0.00111834024309411,4.7821917266803835e-05,26.81680873247056,14.793050404533101,13.025145881378645
2810.179999999961,18.73576035408894,5.028347923043111,184.04513431991438,0.0010468570926989876,4.7654951687404116e-05,26.81785558956326,14.793381673409145,13.043650408914548
2810.929999999961,19.28646795202171,5.028527067703423,184.23845606394764,0.0009554381883310763,4.750258946644515e-05,26.81881102775159,14.79368400393163,13.06058371075389
2811.5995833332945,18.768784211154898,5.028686553143149,184.35505627832345,0.0008505890118709096,4.736697092693733e-05,26.81966161676346,14.793953149162583,13.07569480474556
2812.182916666628,4.871371124415332,5.028825153775189,184.3920366019715,0.0007392033708805473,4.724913374225079e-05,26.820400820134342,14.79418704359097,13.088854745374144
2812.679999999961,0.0,5.028943014131327,184.37999814779778,0.0006285885660679354,4.7148948438141314e-05,26.82102940870041,14.794385933599644,13.10006572097313
2813.0966666666277,0.0,5.029041634077264,184.36991057447162,0.000525973044997564,4.7065132689674756e-05,26.82155538174541,14.794552352252918,13.109460902601036
2813.4441666666276,0.0,5.029123762761326,184.36149983862896,0.0004380196483311428,4.6995343062552704e-05,26.82199340139374,14.794690940196165,13.117295030852137
2813.738749999961,0.0,5.029193298646266,184.354371597994,0.000370858053016626,4.6936261035882206e-05,26.822364259446758,14.794808276927318,13.12393507670293
2813.999999999961,0.0,5.02925489834636,184.348051444429,0.00032853173383038986,4.688392585328926e-05,26.82269279118059,14.794912220769731,13.129822754691702
2814.249999999961,0.0,5.02931378324957,184.34200502414927,0.0003140528171173748,4.6833898380350035e-05,26.823006843997707,14.795011582626204,13.13545576029783
2814.511249999961,0.0,5.029375250078597,184.33568846880277,0.0003278230881471067,4.678167608449034e-05,26.823334667085852,14.79511530014247,13.141340775039927
2814.8058333332942,0.0,5.029444473271775,184.32856869632903,0.0003691903636178826,4.672285973855097e-05,26.82370385744947,14.795232104249644,13.14797455304288
2815.153333333294,0.0,5.029526011210524,184.3201739597362,0.0004348690066555005,4.665357209939477e-05,26.824138726456127,14.795369685946124,13.155796838932575
2815.5699999999606,0.0,5.029623606286234,184.31011414554894,0.0005205070704522655,4.657062736755677e-05,26.824659233526578,14.79553435888572,13.165171473109766
2816.067083333294,0.0,5.029739792551094,184.2981210399732,0.0006196600792637045,4.647186508578107e-05,26.82527889360584,14.795730397329905,13.176348880162053
2816.6504166666273,0.0,5.029875802421191,184.2840581902061,0.0007253859738481972,4.635623052581214e-05,26.82600427957969,14.795959878782684,13.189456862502524
2817.3199999999606,3.4685134527268473,5.0300314806944915,184.31635638610496,0.0008302841242652764,4.622384937789407e-05,26.826834563703954,14.796222539074696,13.204491589184377
2818.0699999999606,10.102838222002337,5.030205303542526,184.45720584230477,0.0009270551895173642,4.607601329511792e-05,26.827761618893472,14.796515804683272,13.221318122837253
2818.8891666666273,15.26056458399934,5.030394500133683,184.6860534880281,0.0010090484861706938,4.591507781616573e-05,26.828770667379644,14.796834998304467,13.23968040332281
2819.7612499999605,16.849382655006924,5.03059517711615,184.9400613154039,0.0010702772398267935,4.574435729811261e-05,26.82984094461947,14.79717354929625,13.259211261250254
2820.666666666627,16.859790333544055,5.030802728525028,185.1938814910382,0.0011069408473493177,4.5567775820652505e-05,26.83094788546682,14.797523685621504,13.279470294335745
2821.5833333332935,16.75772767678136,5.031012046207441,185.45765372094255,0.0011163609728681273,4.538968728337822e-05,26.83206424643969,14.7978767891345,13.29996289076309
2822.48874999996,17.13015301570103,5.0312180054064175,185.72752918916436,0.0010984490612071676,4.521446040449148e-05,26.833162695500896,14.798224214890592,13.32018689921839
2823.360833333293,17.85616341325139,5.0314156524923135,185.99806092638983,0.001054117791443884,4.5046317435490845e-05,26.83421681329234,14.79855760780092,13.339651111139526
2824.17999999996,18.735715493342955,5.031600665313375,186.24653267737597,0.0009867350456604733,4.488894070656657e-05,26.835203548338,14.798869678986252,13.357921373838101
2824.92999999996,19.286438591381703,5.031769520784833,186.4401589557109,0.0009005625144428323,4.474532928711385e-05,26.836104110852443,14.799154488141467,13.37463866873995
2825.599583333293,18.768751336542955,5.031919845576723,186.5570265502591,0.0008017322234153098,4.4617500389676665e-05,26.836905843075858,14.799408034665525,13.389555682580859
2826.1829166666266,4.871213860163713,5.03205048470887,186.5942372127229,0.0006967420381142393,4.450643190633401e-05,26.837602585113974,14.799628372961935,13.40254559043076
2826.67999999996,0.0,5.032161574599375,186.5823919898781,0.0005924794160250328,4.441200163942984e-05,26.838195064529998,14.799815735316836,13.413610971504653
2827.0966666666263,0.0,5.032254529108992,186.57246681785662,0.0004957573846297928,4.43330007942298e-05,26.83869082191463,14.799972508128477,13.42288361332985
2827.444166666626,0.0,5.032331939571417,186.56419182509111,0.0004128557995987346,4.426722045918486e-05,26.839103677714228,14.800103063177259,13.430615195246979
2827.7387499999595,0.0,5.03239748056533,186.5571788692934,0.00034955196753535595,4.421153268922204e-05,26.839453229681762,14.800213598674395,13.437168063580014
2827.9999999999595,0.0,5.032455541226519,186.5509611158262,0.00030965685967348903,4.4162204232511255e-05,26.839762886541436,14.80031151749453,13.442978241367411
2828.2499999999595,0.0,5.032511042984695,186.54501282286398,0.0002960093769411469,4.4115050970078154e-05,26.84005889591838,14.800405119844882,13.448536922602331
2828.5112499999595,0.0,5.032568978247453,186.53879894838863,0.0003089880680392568,4.406582905151812e-05,26.840367883986417,14.800502825301157,13.45434410355335
2828.805833333293,0.0,5.032634224135311,186.53179512149237,0.00034797806857398295,4.401039202079732e-05,26.840715862054992,14.800612858679077,13.460889919003126
2829.1533333332927,0.0,5.032711077075802,186.52353737620788,0.0004098823492853708,4.3945085442666756e-05,26.841125744404277,14.800742465111474,13.468608175505919
2829.5699999999592,0.0,5.032803064353681,186.51364212870953,0.0004905988153578469,4.386690662943969e-05,26.841616343219634,14.800897592191046,13.477857697109318
2830.0670833332924,0.0,5.032912574303492,186.50184579123618,0.0005840530656631178,4.377381935629095e-05,26.842200396285296,14.801082266298081,13.488885307409967
2830.650416666626,0.0,5.033040768377705,186.4880144645018,0.0006837017291293195,4.3664829625556154e-05,26.842884098014427,14.801298444361679,13.501816754351642
2831.3199999999592,3.468429060191761,5.033187500117549,186.5205830535146,0.0007825692791673074,4.3540056054182454e-05,26.843666667293594,14.801545877356403,13.516647846195353
2832.0699999999592,10.102604809073075,5.03335133307437,186.66174694493662,0.0008737757697174441,4.340071623086947e-05,26.844540443063313,14.801822140769135,13.533245018581498
2832.889166666626,15.260354102298145,5.033529655471551,186.89095287438525,0.0009510527849633921,4.3249030480976743e-05,26.845491495848275,14.802122828280696,13.551355247437549
2833.761249999959,16.849301243068208,5.033718797565267,187.14535072092713,0.0010087578331484754,4.308812281026665e-05,26.846500253681423,14.802441750039646,13.570616001242712
2834.6666666666256,16.85975486189256,5.033914418021493,187.39957897215754,0.0010433090998723338,4.2921691848072475e-05,26.847543562781297,14.802771584516732,13.590592668747027
2835.583333333292,16.757698302347418,5.034111702267972,187.66376984470295,0.0010521826478848244,4.275384126634201e-05,26.848595745429183,14.80310421321321,13.610797374701553
2836.4887499999586,17.13012197738035,5.03430582017502,187.93406156403626,0.0010352955042586232,4.258868862516059e-05,26.849631040933442,14.803431492474836,13.630735028498467
2837.360833333292,17.85612203833784,5.034492102991883,188.20499410906422,0.0009935083566058722,4.243021336162722e-05,26.850624549290046,14.803745551782692,13.649921545272425
2838.1799999999585,18.735673299447456,5.03466647721526,188.45383381758234,0.000929995858008448,4.2281885968706206e-05,26.851554545148055,14.804039525073373,13.667929274409188
2838.9299999999585,19.286410973338725,5.034825622517572,188.64778538093066,0.0008487749456631764,4.2146532918534306e-05,26.852403320093718,14.804307816704917,13.684404762838648
2839.599583333292,18.768720384946967,5.03496730223956,188.76493915649996,0.0007556251839331363,4.202605526158656e-05,26.853158945277652,14.804546658276342,13.699104729231005
2840.1829166666253,4.871065796430755,5.035090428010299,188.80239669551955,0.0006566707772777074,4.1921374493410844e-05,26.85381561605493,14.804754217211782,13.711904645759265
2840.6799999999585,0.0,5.035195128569635,188.79075898155037,0.0005584029831256361,4.183237530149106e-05,26.854374019038055,14.80493071248765,13.72280746146944
2841.096666666625,0.0,5.0352827365974635,188.78100815644257,0.0004672428150849157,4.1757918296989834e-05,26.85484126185314,14.80507839222359,13.731943364026224
2841.444166666625,0.0,5.035355694484431,188.7728788539161,0.0003891087304908711,4.169592152909625e-05,26.85523037058363,14.805201374729856,13.739560575315927
2841.738749999958,0.0,5.035417465521362,188.76598960422683,0.0003294455303028297,4.164343690666419e-05,26.85555981611393,14.805305498773132,13.746016255431616
2841.999999999958,0.0,5.03547218642067,188.75988171043778,0.0002918447963132149,4.159694587763776e-05,26.855851660910243,14.805397737875964,13.751740065321512
2842.249999999958,0.0,5.0355244955414475,188.75403867509442,0.00027898197748113963,4.1552504981580455e-05,26.856130642887724,14.805485910816458,13.757215945746863
2842.511249999958,0.0,5.03557909811238,188.74793492386053,0.0002912137116380804,4.1506114484128997e-05,26.85642185659936,14.805577948792562,13.762936445292992
2842.8058333332915,0.0,5.035640590681554,188.74105542331182,0.00032796036892725726,4.145386646436774e-05,26.85674981696829,14.805681599514845,13.769384334750491
2843.1533333332914,0.0,5.035713022480095,188.73294453998253,0.00038630292555291815,4.139231674318068e-05,26.85713611989384,14.805803687811068,13.776986826857994
2843.569999999958,0.0,5.035799717809462,188.72322567203992,0.00046237508995575216,4.13186354248627e-05,26.857598494983797,14.80594981620323,13.786097191318472
2844.067083333291,0.0,5.035902927506421,188.71164016339125,0.0005504517171180822,4.1230903509357036e-05,26.858148946700915,14.806123777411356,13.796958287041893
2844.6504166666246,0.0,5.0360237460735755,188.69805681585288,0.0006443656914901221,4.1128184294809255e-05,26.858793312392404,14.80632741471746,13.809693631582658
2845.319999999958,3.468349612202456,5.036162035322696,188.73091440260927,0.0007375426619748001,4.1010589706448084e-05,26.859530855054377,14.8065604933912,13.824298696638229
2846.069999999958,10.102385255523298,5.036316441283665,188.87241287250663,0.0008234984585050891,4.0879267422752955e-05,26.860354353512882,14.806820729407436,13.840641512412523
2846.8891666666245,15.260156110319896,5.036484502294057,189.1019981961384,0.0008963253887565605,4.073631015609347e-05,26.861250678901637,14.807103971916035,13.858472492066372
2847.7612499999577,16.849224656661526,5.0366627596354,189.35680801744516,0.0009507058204978532,4.0584662271817014e-05,26.862201384722134,14.80740439004045,13.877434304474306
2848.666666666624,16.859721492779588,5.03684712170276,189.61146694107583,0.0009832643592522505,4.0427809643966824e-05,26.863184649081386,14.807715086938975,13.89709879392219
2849.5833333332907,16.757670668975308,5.0370330509615355,189.87609899798073,0.0009916227134718293,4.026961981647815e-05,26.864176271794857,14.808028415112515,13.916985557479402
2850.4887499999572,17.130092778668555,5.03721599529696,190.14682905927995,0.0009757031222648564,4.011397335228488e-05,26.865151974917122,14.808336703445486,13.936607302075581
2851.3608333332904,17.856083115577857,5.037391554764299,190.41818368457808,0.0009363171591402038,3.996462057327105e-05,26.866088292076263,14.808632538186286,13.955487777244729
2852.179999999957,18.73563361195286,5.037555890470321,190.6674118224316,0.0008764570987823952,3.982483209489683e-05,26.866964749175047,14.80890945181853,13.973206452947005
2852.929999999957,19.28638499333718,5.037705873388398,190.86170809286395,0.000799908896406621,3.969727154391626e-05,26.867764658071454,14.809162173571812,13.989415944137438
2853.5995833332904,18.76869124416711,5.037839395798389,190.97916563746136,0.0007121195199524358,3.9583730379987214e-05,26.868476777591408,14.80938715390244,14.003877338184338
2854.182916666624,4.870926396267399,5.037955432159367,191.0168855171169,0.0006188605918842941,3.9485076901957166e-05,26.869095638183293,14.8095826667499,14.016468566170477
2854.679999999957,0.0,5.03805410394726,191.00546865799674,0.000526249535434342,3.940120231006707e-05,26.869621887718726,14.809748918526155,14.02719292397895
2855.0966666666236,0.0,5.03813666722676,190.9959033418972,0.0004403374906610302,3.9331032718011846e-05,26.870062225209388,14.809888026991901,14.036178794122087
2855.4441666666235,0.0,5.038205423839543,190.98792902147875,0.00036670193484054085,3.927260598070225e-05,26.87042892714423,14.810003871521259,14.043670568076339
2855.738749999957,0.0,5.038263637705617,190.98117134236188,0.0003104739523973325,3.922314371710537e-05,26.870739401096625,14.810101952056087,14.050019692705998
2855.999999999957,0.0,5.038315207356668,190.97518027304662,0.00027503813893346024,3.9179329961146383e-05,26.87101443923556,14.810188837402166,14.05564883853621
2856.249999999957,0.0,5.03836450405694,190.9694491513029,0.0002629157347920118,3.9137448329173145e-05,26.87127735497035,14.810271892535683,14.0610339894116
2856.511249999957,0.0,5.038415962066765,190.96346246916204,0.00027444271906431836,3.909372942350653e-05,26.871551797689413,14.810358588305618,14.06665953306346
2856.80583333329,0.0,5.038473913202273,190.95671511484306,0.00030907272270926637,3.904449039159196e-05,26.87186087041212,14.810456222701989,14.07300018026335
2857.15333333329,0.0,5.038542173457743,190.9487603011139,0.00036405469584290456,3.898648543730347e-05,26.872224925107965,14.810571224375249,14.080475937623396
2857.5699999999565,0.0,5.03862387561861,190.93922882870618,0.0004357448579566603,3.891704769555039e-05,26.87266066996592,14.810708870589973,14.089434018958425
2858.0670833332897,0.0,5.0387211407980805,190.92786725618797,0.0005187476238462547,3.883436876328717e-05,26.873179417589768,14.810872733828528,14.100112980614231
2858.650416666623,0.0,5.038835000343812,190.91454722138073,0.0006072509105643937,3.873756598693146e-05,26.873786668500333,14.811064550263577,14.112633948075835
2859.3199999999565,3.46827481933985,5.038965323888692,190.94771113038112,0.0006950589060232088,3.8626744962863166e-05,26.874481727406355,14.811284098656417,14.126992082345385
2860.0699999999565,10.102178729197728,5.039110835302439,191.08956291879323,0.0007760608733172456,3.8502987390987866e-05,26.875257788279672,14.81152922742361,14.143057218595159
2860.889166666623,15.259969859197778,5.039269214577187,191.3195472544131,0.0008446894653289132,3.836826556201996e-05,26.876102477745,14.811796026535852,14.160583585118783
2861.7612499999564,16.849152607066006,5.039437202115852,191.5747894326836,0.0008959335395477795,3.8225354334119216e-05,26.87699841128455,14.812079003497015,14.179219578950617
2862.666666666623,16.85969010040407,5.039610941945779,191.82989998740484,0.0009266124262725071,3.8077538835381616e-05,26.877925023710823,14.812371661779222,14.198544121602188
2863.5833333332894,16.757644672500103,5.039786157921945,192.09499411498157,0.0009344852062182834,3.7928463818701294e-05,26.878859508917042,14.81266679784186,14.218084969001394
2864.488749999956,17.130065309512887,5.0399585602319465,192.36618296797272,0.0009194789866736548,3.7781786243835225e-05,26.879778987903716,14.812957185969466,14.237363311421207
2865.360833333289,17.856046498284023,5.040124002535954,192.63797935047927,0.0008823589547088538,3.764104027367175e-05,26.880661346858425,14.813235842936209,14.25591139255629
2866.1799999999557,18.73559628027478,5.040278867274931,192.8876148486012,0.0008259452745434099,3.7509307956328417e-05,26.881487292132967,14.813496676867622,14.273316375451097
2866.9299999999557,19.286360553223073,5.040420205890212,193.082273785587,0.0007538059481630461,3.7389099294549434e-05,26.88224109808113,14.813734723186379,14.28923740669962
2867.599583333289,18.76866380851681,5.040546032290879,193.20005135704324,0.0006710741368914874,3.728210237004173e-05,26.882912172218024,14.813946638614757,14.303440251412363
2868.1829166666225,4.870795153909298,5.040655380194129,193.23804786703073,0.000583188817328688,3.718913530919237e-05,26.883495361035354,14.81413079746993,14.315805446109875
2868.6799999999557,0.0,5.040748364205986,193.2268641926837,0.0004959147299058791,3.711009547098617e-05,26.88399127576526,14.814287394304934,14.32633660889198
2869.0966666666222,0.0,5.040826168095614,193.2174946937678,0.0004149540780128442,3.704397077857175e-05,26.884406229843275,14.814418423998111,14.335160124036706
2869.444166666622,0.0,5.040890961095582,193.20968393359811,0.00034556266649738175,3.698891212471491e-05,26.88475179250977,14.814527540706433,14.342516204831563
2869.7387499999554,0.0,5.0409458190262,193.2030650833754,0.0002925756299658922,3.694230124445626e-05,26.885044368139738,14.8146199250093,14.348750095121451
2869.9999999999554,0.0,5.040994415708478,193.19719726494884,0.0002591823054796021,3.6901013300982465e-05,26.88530355044522,14.81470176424772,14.354276892004112
2870.2499999999554,0.0,5.041040870420543,193.19158419688557,0.00024775846434662907,3.6861546142747744e-05,26.885551308909566,14.814779995671401,14.359563970179334
2870.5112499999555,0.0,5.041089361784792,193.18572098986814,0.00025862060932401625,3.6820347677480796e-05,26.88580992951889,14.814861656234491,14.365086896024346
2870.805833333289,0.0,5.041143971865522,193.17911299212943,0.00029125376389826354,3.6773947385615895e-05,26.886101183282786,14.8149536200523,14.371311676181367
2871.1533333332886,0.0,5.041208296621146,193.17132273551388,0.0003430653633229706,3.671928662603989e-05,26.88644424864611,14.815061942369583,14.378650545116313
2871.569999999955,0.0,5.041285288164682,193.1619888095928,0.000410621565529054,3.6653852333759415e-05,26.88685487021164,14.815191593892635,14.387444197948817
2872.0670833332883,0.0,5.041376945236454,193.15086324631832,0.0004888377161161464,3.65759404360429e-05,26.887343707927755,14.815345939533268,14.397926577866537
2872.650416666622,0.0,5.041484239616257,193.13782064107033,0.0005722366922847296,3.6484719257878203e-05,26.88791594462004,14.815526614523499,14.410216271432034
2873.319999999955,3.4682044090945103,5.041607048331095,193.17130680882136,0.0006549798124682357,3.638028841165518e-05,26.888570924432507,14.815733410356017,14.42430815612803
2874.069999999955,10.10198444894415,5.041744168701734,193.3135291307166,0.0007313086434095404,3.626366733855343e-05,26.889302233075917,14.815964300292963,14.440074070139241
2874.889166666622,15.25979464582284,5.041893414372954,193.54393046895675,0.0007959769131706617,3.613671470990441e-05,26.890098209989088,14.81621560129903,14.457272409541739
2875.761249999955,16.849084823132813,5.042051713610488,193.799623669994,0.0008442626001837972,3.60020454605437e-05,26.89094247258927,14.816482139820152,14.475557789903137
2876.6666666666215,16.85966056662154,5.042215432742537,194.05520502943995,0.0008731687042612679,3.586275532995798e-05,26.89181564129353,14.816757796637884,14.49451678585313
2877.583333333288,16.75762021509578,5.042380542216299,194.3207803109314,0.0008805838600615705,3.5722278891942385e-05,26.892696225153593,14.817035786649203,14.513685946328964
2878.4887499999545,17.130039466556884,5.042542999664459,194.59244661996792,0.0008664397235184582,3.5584062168022205e-05,26.893562664877113,14.817309303926994,14.532595576666973
2879.3608333332877,17.856012048693234,5.042698897979444,194.86470270418963,0.0008314576799252469,3.545143541223277e-05,26.89439412255704,14.817571771006943,14.550787020713276
2880.1799999999544,18.73556116306446,5.042844828385047,195.11476282754853,0.0007782954965533062,3.5327302798308693e-05,26.89517241805359,14.817817450041836,14.56785565877233
2880.9299999999544,19.286337560837552,5.042978012549668,195.30980081740975,0.0007103155446370217,3.521402942238149e-05,26.895882733598228,14.81804166502211,14.583467591989985
2881.5995833332877,18.76863797844851,5.043096579102186,195.42791324689586,0.0006323549467663867,3.5113205860713595e-05,26.896515088544994,14.818241267055573,14.597393543459585
2882.182916666621,4.8706715929834115,5.0431996176428555,195.4661994199468,0.0005495388835727423,3.502560292483731e-05,26.897064627428566,14.818414725047028,14.609516786008829
2882.6799999999544,0.0,5.0432872362822465,195.45526017520055,0.0004672994100859741,3.495112379613748e-05,26.897531926838653,14.818562222358239,14.6198412340338
2883.096666666621,0.0,5.043360550579721,195.44609589026345,0.0003910095865263951,3.4888814714147785e-05,26.89792293642518,14.818685638042322,14.628491093700303
2883.4441666666207,0.0,5.043421604666812,195.4384565071229,0.0003256217978230958,3.483693320965399e-05,26.898248558223003,14.818788413986667,14.635702079098671
2883.738749999954,0.0,5.043473296921358,195.43198309780243,0.00027569202424315275,3.479301206225173e-05,26.898524250247245,14.818875429775304,14.641812780606276
2883.999999999954,0.0,5.043519089189528,195.4262443828328,0.0002442254302380333,3.475410673210897e-05,26.898768475677482,14.818952513227373,14.647230186693612
2884.249999999954,0.0,5.043562863048125,195.4207549588348,0.00023346057918898297,3.471691715553203e-05,26.89900193625667,14.819026198473093,14.652412464866694
2884.511249999954,0.0,5.0436085559757275,195.4150210579838,0.0002436956138740108,3.467809622523069e-05,26.899245631870546,14.819103113535881,14.657825755041051
2884.8058333332874,0.0,5.043660014447428,195.40855897817738,0.00027444518240502485,3.463437371420858e-05,26.89952007705295,14.819189733046107,14.66392677015485
2885.1533333332873,0.0,5.043720626865999,195.40094099975667,0.0003232662323766452,3.458286752137791e-05,26.89984334328533,14.819291760331232,14.671119455058058
2885.569999999954,0.0,5.0437931749231675,195.3918138510954,0.00038692297156570944,3.452120965565033e-05,26.900230266256894,14.819413877184248,14.679737563894744
2886.067083333287,0.0,5.043879541934749,195.38093527071092,0.00046062406177126917,3.4447794450857236e-05,26.900690890318664,14.819559252898783,14.690010144502931
2886.6504166666205,0.0,5.0439806435024925,195.3681829192637,0.000539208361294945,3.436183830966225e-05,26.90123009867996,14.8197294275859,14.702053112901762
2887.319999999954,3.468138124882017,5.044096363642041,195.40200580736604,0.0006171740775917023,3.426343518801359e-05,26.901847272757553,14.819924204750542,14.715861091202344
2888.069999999954,10.101801681371914,5.044225568974123,195.5446142544046,0.0006890951044339735,3.415354578676304e-05,26.902536367861988,14.820141675330484,14.73130810524685
2888.8891666666204,15.259629809955015,5.044366199229356,195.77544885019432,0.0007500280279140224,3.403392159027451e-05,26.9032863958899,14.820378370235032,14.748157044652892
2889.7612499999536,16.849021050183573,5.044515359891119,196.03160990817966,0.0007955235294009937,3.390702667181064e-05,26.9040819194193,14.820629416507924,14.76606919436861
2890.66666666662,16.85963278046409,5.044669626984323,196.28767934284951,0.0008227578304229298,3.37757781200337e-05,26.904904677249725,14.820889050531504,14.78463930985089
2891.5833333332866,16.757597204877897,5.044825203559268,196.5537529400483,0.0008297417330377986,3.364341225274793e-05,26.905734418982764,14.82115088155792,14.803413312306873
2892.488749999953,17.130015152720855,5.044978280648907,196.8259134688196,0.0008164111447417002,3.351317612566418e-05,26.906550830127504,14.821408499281123,14.821931197402279
2893.3608333332863,17.85597963740764,5.045125176792138,197.09864535781443,0.0007834460972353265,3.338820766348304e-05,26.907334276224738,14.821655708631658,14.839743959206613
2894.179999999953,18.735528127621752,5.045262680132235,197.349145606412,0.0007333511471827615,3.3271243272401003e-05,26.90806762737192,14.82188710539557,14.856455669387161
2894.929999999953,19.28631592963795,5.045388172885915,197.5445773755119,0.0006692946862980937,3.316451138083021e-05,26.908736922058218,14.822098285501884,14.871739764563024
2895.5995833332863,18.768613660200412,5.0454998918725655,197.66303799217843,0.00059583459546635,3.306951060903093e-05,26.909332756653683,14.82228628323579,14.885372176513265
2896.18291666662,4.870555264815647,5.045596979387101,197.70162553984588,0.0005178000775261288,3.298696715323025e-05,26.909850556731207,14.822449656628269,14.89723902938598
2896.679999999953,0.0,5.045679537400277,197.69094083099333,0.00044030940360434927,3.29167896978401e-05,26.91029086613481,14.822588578481444,14.907344506981762
2897.0966666666195,0.0,5.045748617125006,197.68199020107585,0.00036842519855631725,3.285807949582241e-05,26.910659291333367,14.822704818683325,14.9158104714988
2897.4441666666194,0.0,5.045806144689649,197.67452921366845,0.00030681367809778595,3.280919466579362e-05,26.910966105011465,14.822801619069399,14.922867844842042
2897.7387499999527,0.0,5.045854851103684,197.66820718002802,0.00025976754151286677,3.27678104567076e-05,26.91122587255298,14.822883575559183,14.92884815445117
2897.9999999999527,0.0,5.045897998276941,197.6626028199795,0.00023011825737867888,3.273115238650961e-05,26.911455990810357,14.822956177154419,14.93414979464709
2898.2499999999527,0.0,5.0459392435872035,197.6572420547944,0.0002199749880638676,3.2696111000309164e-05,26.91167596579842,14.823025578083692,14.939221183914837
2898.5112499999527,0.0,5.045982297069112,197.65164268920708,0.00022961857017582326,3.2659532530447995e-05,26.911905584368597,14.823098020994232,14.944518488021425
2898.805833333286,0.0,5.046030782994873,197.64533240947426,0.00025859160406111923,3.261833566203207e-05,26.91216417597266,14.823179604043865,14.950488593100578
2899.153333333286,0.0,5.046087894007447,197.63789362851182,0.00030459206706028984,3.25698048010948e-05,26.91246876803972,14.823275698917344,14.957526687122488
2899.5699999999524,0.0,5.046156251065823,197.62898152563884,0.0003645709780088007,3.251170878311265e-05,26.912833339017727,14.823390715142224,14.965959202792611
2900.0670833332856,0.0,5.046237628627798,197.61835975265515,0.00043401366386667113,3.244253475029014e-05,26.913267352681594,14.823527637670331,14.976010039584333
2900.650416666619,0.0,5.046332889319714,197.6059091290924,0.0005080570235529483,3.236154444222691e-05,26.913775409705146,14.823687916981495,14.987792326812388
2901.3199999999524,3.4680757251153276,5.04644192376104,197.6400816583835,0.0005815170204034426,3.2268826469364134e-05,26.91435692672555,14.823871367912863,15.001300460003117
2902.0699999999524,10.101629737829011,5.046563663947311,197.78309012438265,0.0006492809934456224,3.216528611914167e-05,26.915006207718996,14.824076192311257,15.016410823046705
2902.889166666619,15.259474731526367,5.0466961685415646,198.01437241445862,0.0007066911693489114,3.2052573769986856e-05,26.915712898888344,14.82429912271679,15.032891096679835
2903.7612499999523,16.84896104898123,5.046836710182244,198.2710162445117,0.0007495554169563745,3.193301119942312e-05,26.9164624543053,14.824535569461839,15.050409644920501
2904.6666666666188,16.859606637692007,5.046982062677512,198.52758903253456,0.0007752133080971662,3.1809346994699e-05,26.917237667613396,14.824780104046665,15.068569881797181
2905.5833333332853,16.75757555553241,5.047128648459096,198.79417609662636,0.000781790835118424,3.1684630486666046e-05,26.918019458448516,14.825026707356795,15.086927623336821
2906.488749999952,17.129992276809727,5.0472728786867345,199.06684562172524,0.0007692278807347115,3.1561921080152076e-05,26.91878868632925,14.82526934190622,15.10503307267011
2907.360833333285,17.855949142872237,5.047411284706941,199.34006749584586,0.0007381654411041496,3.144417531344186e-05,26.919526851770353,14.825502172975446,15.122447366771517
2908.1799999999516,18.735497049347664,5.047540840372128,199.591021531667,0.000690963547664174,3.1333971375745424e-05,26.92021781531802,14.825720110744145,15.13878369156068
2908.9299999999516,19.28629557834417,5.047659079302052,199.78686008319087,0.0006306076262619452,3.12334088125701e-05,26.92084842294428,14.82591900739272,15.153723157263812
2909.599583333285,18.76859076546325,5.04776434033792,199.90568065978633,0.0005613921912970868,3.114389953112629e-05,26.92140981513558,14.826096069811179,15.16704712511677
2910.1829166666184,4.870445746834112,5.047855815457907,199.94457992645914,0.0004878673065927452,3.106612766203603e-05,26.92189768244217,14.82624994000581,15.17864466972194
2910.6799999999516,0.0,5.047933600830539,199.93415868330354,0.00041485532070567843,3.100000708964187e-05,26.922312537762878,14.826380780816459,15.188520216746179
2911.096666666618,0.0,5.047998686974395,199.92542916229098,0.0003471261005645974,3.094469095797299e-05,26.922659663863442,14.826490259250537,15.1967931332241
2911.444166666618,0.0,5.048052888723026,199.9181527653439,0.00028907599269995476,3.089863225527491e-05,26.922948739856142,14.826581428618914,15.203689284810103
2911.7387499999513,0.0,5.048098779238103,199.91198734318021,0.0002447494137407203,3.085964059583761e-05,26.923193489269885,14.82665861752741,15.20953276865152
2911.9999999999513,0.0,5.048139431869685,199.90652196928147,0.0002168140351047147,3.082510187915711e-05,26.92341030330499,14.826726995693582,15.214712950348993
2912.2499999999513,0.0,5.048178292556086,199.9012942838521,0.000207256994137971,3.0792086411509187e-05,26.923617560299128,14.826792359348508,15.219668015129272
2912.5112499999514,0.0,5.048218856834064,199.89583406184204,0.00021634281587834298,3.075762276027514e-05,26.923833903115007,14.826860587984758,15.224843665687189
2912.8058333332847,0.0,5.048264539422437,199.8896807640528,0.00024364047132931387,3.0718807768571364e-05,26.924077543586336,14.82693742499747,15.23067648599241
2913.1533333332845,0.0,5.0483183483506435,199.882427273398,0.000286980950429673,3.06730828690861e-05,26.924364524536767,14.827027929555417,15.237552491138807
2913.569999999951,0.0,5.048382752999627,199.87373749345826,0.00034349146124297835,3.061834593094566e-05,26.92470801599801,14.82713625462572,15.245790454546999
2914.0670833332842,0.0,5.048459425173305,199.8633811689913,0.00040891825961537437,3.055317161543306e-05,26.925116934257627,14.827265211455636,15.255608903924431
2914.6504166666177,0.0,5.048549177547777,199.851242357731,0.00047867933052019414,3.0476864410217414e-05,26.925595613588147,14.827416166071584,15.267118081238282
2915.319999999951,3.468016982330851,5.048651906981301,199.88577586318183,0.000547890312129686,3.038950787524394e-05,26.926143503900278,14.827588943999999,15.28031218453218
2916.069999999951,10.101467971581709,5.048766607133697,200.02919649291655,0.0006117341461046803,3.029195502955805e-05,26.926755238046383,14.827781851611778,15.295070111212139
2916.8891666666177,15.259328828122666,5.0488914488394965,200.26093903893494,0.0006658224309349152,3.018576089303683e-05,26.927421060477318,14.827991811459846,15.311164601590113
2917.761249999951,16.848904594768175,5.0490238623827075,200.51807857695837,0.0007062055637907269,3.0073113042522634e-05,26.92812726604111,14.828214500835001,15.328271466154694
2918.6666666666174,16.859582040374608,5.049160808096835,200.77516794314818,0.0007303771420143396,2.9956601154801912e-05,26.92885764318312,14.828444807031737,15.346003204103596
2919.583333333284,16.757555185968798,5.049298915301685,201.04228155418204,0.0007365717592047877,2.9839098222082e-05,26.929594214942327,14.82867706113383,15.363925990972783
2920.4887499999504,17.12997075314677,5.049434802742208,201.31547280690705,0.0007247330161183777,2.9723486689351373e-05,26.930318947958444,14.828905576966138,15.381600695364453
2921.3608333332836,17.855920450886632,5.049565202442353,201.58919686967482,0.0006954650674370496,2.9612552047408194e-05,26.93101441302588,14.829124859363956,15.398599031637993
2922.1799999999503,18.735467811233473,5.049687263372786,201.8406164689756,0.0006509916289830258,2.9508723291307326e-05,26.931665404654865,14.8293301147523,15.41454367108165
2922.9299999999503,19.28627643060861,5.0497986619169986,202.0368730427276,0.0005941255691294935,2.9413978437778794e-05,26.932259530223995,14.829517436766183,15.429123692556
2923.5995833332836,18.76856921106583,5.0498978331112925,202.15606376166807,0.0005289130362326463,2.932964763330767e-05,26.93278844326023,14.829684194928648,15.442126077524312
2924.182916666617,4.8703426410627735,5.04998401577341,202.19528369634216,0.00045964086462841876,2.925637535060405e-05,26.93324808412486,14.829829110363878,15.453442934437597
2924.6799999999503,0.0,5.050057300589949,202.18513364931533,0.0003908523548731083,2.9194080386435778e-05,26.93363893647973,14.829952336514223,15.46307890295919
2925.096666666617,0.0,5.050118620836707,202.1766316851582,0.00032704131604003315,2.914196482499765e-05,26.933965977795772,14.830055443435754,15.471150718878732
2925.4441666666166,0.0,5.050169686391167,202.1695452340393,0.0002723496237901356,2.9098571121016533e-05,26.93423832741956,14.830141306789164,15.47787895702044
2925.73874999995,0.0,5.050212921562511,202.16354094732674,0.0002305875804949453,2.9061835597164736e-05,26.934468915000057,14.830214003290735,15.483579959650939
2925.99999999995,0.0,5.050251221889564,202.15821855933555,0.00020426841095436683,2.9029295392393688e-05,26.93467318341101,14.830278401799653,15.488633680722238
2926.24999999995,0.0,5.050287833926095,202.15312777018332,0.00019526419483217007,2.8998190325536638e-05,26.934868447605844,14.830339961211545,15.493467646267733
2926.51124999995,0.0,5.0503260509418775,202.1478106683273,0.00020382408417075917,2.896572090229329e-05,26.935072271690014,14.830404218825578,15.498516666425536
2926.8058333332833,0.0,5.05036909005288,202.14181882190363,0.00022954192534452617,2.8929151963903863e-05,26.935301813615357,14.830476583752596,15.504206605996885
2927.153333333283,0.0,5.050419785205151,202.1347558738647,0.00027037414545096956,2.8886073013283998e-05,26.93557218776081,14.830561820686972,15.510913942955977
2927.5699999999497,0.0,5.050480462849915,202.12629468601847,0.0003236141054093052,2.8834503591323128e-05,26.935895801866216,14.830663840849052,15.51894949653472
2928.067083333283,0.0,5.050552697997726,202.1162112484647,0.0003852541216563121,2.8773100882029988e-05,26.936281055987873,14.83078529181459,15.528526229001287
2928.6504166666164,0.0,5.050637256231373,202.10439292224677,0.0004509772461167198,2.870120967623131e-05,26.93673203323399,14.83092746003969,15.539751409747996
2929.3199999999497,3.467961682365164,5.050734040301798,202.139297127942,0.0005161817089305207,2.861890876314363e-05,26.937248214942922,14.831090181132417,15.552619068443775
2930.0699999999497,10.101315775181979,5.0508421020263405,202.28314028850207,0.0005763291975641501,2.852700186573834e-05,26.937824544140486,14.831271859963733,15.567010756074739
2930.8891666666163,15.259191552630746,5.050959718022607,202.51535374486937,0.0006272853134211912,2.8426954076098333e-05,26.938451829453907,14.831469598139305,15.582704511269103
2931.7612499999495,16.848851476366992,5.0510844672354045,202.77299991370674,0.0006653291349175013,2.832082641876665e-05,26.939117158588825,14.831679324503755,15.59938391545708
2932.666666666616,16.85955889649849,5.051213485887584,203.03061699586945,0.0006880994782899424,2.8211058721222476e-05,26.939805258067114,14.831896223918067,15.616670927856267
2933.5833333332826,16.757536019995722,5.051343598384526,203.2982681297725,0.0006939333170246991,2.8100357696544807e-05,26.940499191384138,14.832114957445496,15.634142489837973
2934.488749999949,17.129950501230915,5.051471619208988,203.5719917650652,0.0006827777304675366,2.7991438929209704e-05,26.941181969114606,14.8323301699338,15.651370534006961
2935.3608333332822,17.85589345414853,5.051594469604212,203.84622821508785,0.0006552021078573953,2.788692662868522e-05,26.941837171222463,14.832536686159163,15.667937728206628
2936.179999999949,18.735440303383683,5.051709463655602,204.0981232449825,0.0006133016074151844,2.7789109118323594e-05,26.94245047282988,14.832729991675174,15.683476548429724
2936.929999999949,19.286258414707873,5.051814412350756,204.2948072992351,0.0005597263741504744,2.7699849831894127e-05,26.94301019920403,14.832906407616242,15.697684294224379
2937.599583333282,18.768548918678405,5.051907841418459,204.4143767382533,0.0004982883610848904,2.7620401832017872e-05,26.943508487565115,14.833063456734372,15.710353728288032
2938.1829166666157,4.870245572700616,5.051989033831213,204.453924883289,0.0004330262013550543,2.755137220666629e-05,26.94394151376647,14.833199934691443,15.721380060864758
2938.679999999949,0.0,5.052058075097419,204.44405255497983,0.000368220086428947,2.7492684392444508e-05,26.9443097338529,14.833315986066173,15.730768117712769
2939.0966666666154,0.0,5.052115844511343,204.4357835829745,0.00030810354093564643,2.7443586625509516e-05,26.944617837393835,14.833413089556608,15.738631882686718
2939.4441666666153,0.0,5.052163952982552,204.42889158835388,0.0002565785131100702,2.7402705722757803e-05,26.944874415906945,14.833493953430557,15.745186434920264
2939.7387499999486,0.0,5.052204684464927,204.42305224490798,0.0002172345726713509,2.736809748227854e-05,26.945091650479615,14.833562417062968,15.75074008016109
2939.9999999999486,0.0,5.05224076683906,204.41787620741067,0.00019243932871133764,2.73374416469018e-05,26.945284089808325,14.833623065833741,15.755663029558889
2940.2499999999486,0.0,5.05227525866091,204.41292552322196,0.00018395638320047744,2.7308137867443207e-05,26.945468046191525,14.833681040791081,15.760371782407054
2940.5112499999486,0.0,5.052311262486053,204.40775488292633,0.00019202040075926393,2.727754876759816e-05,26.945660066592286,14.833741556810814,15.765289886282181
2940.805833333282,0.0,5.05235180911539,204.40192824113387,0.00021624868979483228,2.7243097590265174e-05,26.94587631528208,14.833809708033963,15.770832128161699
2941.153333333282,0.0,5.052399568357533,204.3950602433261,0.00025471595809461924,2.720251344902458e-05,26.946131031240178,14.833889981696432,15.777365136348898
2941.5699999999483,0.0,5.052456731902224,204.38683290408804,0.0003048722383539338,2.7153930603289486e-05,26.94643590347853,14.83398606124305,15.785191523801993
2942.0670833332815,0.0,5.0525247835014415,204.37702858401553,0.00036294186249018743,2.7096084041127027e-05,26.94679884534102,14.834100440040197,15.79451852321486
2942.650416666615,0.0,5.052604444342209,204.36553799853093,0.0004248578174278286,2.7028356548000847e-05,26.94722370315845,14.834234329578283,15.805450361343956
2943.3199999999483,3.467909623579477,5.05269562274014,204.40082101173567,0.00048628478896878795,2.6950822407590096e-05,26.94770998794742,14.834387574972823,15.81798092830757
2944.0699999999483,10.101172578009134,5.052797425356695,204.54509528529928,0.0005429472882884326,2.6864238855238294e-05,26.948252935235708,14.834558673912127,15.831994553035894
2944.889166666615,15.259062391039947,5.05290822855743,204.77778839044686,0.0005909504039201179,2.6769986185655352e-05,26.94884388563963,14.834744896716538,15.847274781239596
2945.761249999948,16.848801495339522,5.053025751460842,205.03595009096918,0.0006267888181952334,2.6670006095861582e-05,26.949470674457825,14.834942409254841,15.863513246660018
2946.6666666666147,16.859537119601047,5.053147296132831,205.29410393199845,0.0006482382506113322,2.656659712281896e-05,26.950118912708437,14.835146676762637,15.880341691592985
2947.583333333281,16.757517986017678,5.053269870916841,205.56230145362537,0.0006537321813844731,2.646230920175487e-05,26.95077264488982,14.835352671213501,15.897348171321187
2948.4887499999477,17.12993144541642,5.053390474844103,205.83656604462627,0.0006432209453972487,2.6359700595014643e-05,26.951415865835216,14.835555349344224,15.914116021776989
2949.360833333281,17.855868051826825,5.053506207556013,206.11132307207626,0.0006172411301906144,2.6261243453967917e-05,26.952033106965406,14.8357498373743,15.93023918242088
2950.1799999999475,18.73541442257076,5.053614538805881,206.363701490014,0.0005777666659635963,2.6169093478474022e-05,26.952610873631368,14.835931883843836,15.945360202015424
2950.9299999999475,19.28624146325483,5.053713406480353,206.56082070411117,0.0005272942638470995,2.608500607822841e-05,26.953138167895215,14.836098024226573,15.959184810427777
2951.599583333281,18.768529814532954,5.053801421805152,206.68077584031485,0.00046941506559480806,2.6010161647869132e-05,26.95360758296081,14.83624592563575,15.971511683350089
2952.1829166666143,4.870154188781629,5.0538779093731705,206.720658336153,0.0004079336960987564,2.5945132036423654e-05,26.95401551665691,14.83637445395257,15.982239185738411
2952.6799999999475,0.0,5.053942949802517,206.711069046365,0.00034688228984641436,2.5889845062002484e-05,26.954362398946756,14.836483745396617,15.991372301792534
2953.096666666614,0.0,5.053997371486686,206.70303749374972,0.00029024898223547,2.5843592478831834e-05,26.95465264792899,14.83657519258368,15.999022158238525
2953.444166666614,0.0,5.054042692023073,206.69634362568127,0.00024170952740474358,2.5805080644985947e-05,26.954894357456396,14.836651346062686,16.00539816330056
2953.7387499999472,0.0,5.054081063035284,206.69067232079527,0.00020464539845097308,2.5772478002922156e-05,26.955099002854848,14.836715821587664,16.01080034726315
2953.9999999999472,0.0,5.054115054334153,206.6856453665669,0.00018128692730217855,2.574359874388929e-05,26.95528028978215,14.83677293744914,16.015588898702777
2954.2499999999472,0.0,5.054147547231256,206.68083739152726,0.0001732954512163916,2.5715993208511678e-05,26.955453585233364,14.836827535226506,16.02016898051381
2954.5112499999473,0.0,5.054181464478039,206.67581592263585,0.00018089198284316512,2.568717686446977e-05,26.955634477216208,14.836884526016684,16.024952566632205
2954.8058333332806,0.0,5.054219661219988,206.67015752680354,0.00020371595706441783,2.565472229384858e-05,26.95583819317327,14.8369487072055,16.030343065318654
2955.1533333332804,0.0,5.054264652520571,206.66348804733218,0.00023995360310744967,2.5616490232223997e-05,26.956078146776377,14.83702430461719,16.03669699377521
2955.569999999947,0.0,5.054318503021346,206.65549880707817,0.00028720267080227513,2.5570723091552195e-05,26.95636534944718,14.837114787096338,16.04430854887927
2956.06708333328,0.0,5.054382610441868,206.64597863540507,0.00034190624278339994,2.5516229208402927e-05,26.956707255689963,14.837222502722655,16.053379098683262
2956.6504166666136,0.0,5.054457654119989,206.6348216394685,0.0004002329499777049,2.545242718353092e-05,26.95710748863994,14.837348592362458,16.064009772030083
2957.319999999947,3.4678606161290677,5.054543547625256,206.6704899625089,0.0004580986947578542,2.537938704634574e-05,26.9575655873347,14.837492910096284,16.076194347760865
2958.069999999947,10.101037843973176,5.054639449333224,206.81520215908535,0.0005114757758310621,2.529782219758328e-05,26.95807706311053,14.837654041069703,16.08982004129421
2958.8891666666136,15.258940860386705,5.054743829657263,207.04838174858202,0.0005566950615451743,2.5209032980257247e-05,26.958633758172073,14.837829414567523,16.104676084272093
2959.761249999947,16.84875446520015,5.054854539874167,207.30706587397108,0.0005904544901514855,2.5114848587098583e-05,26.959224212662225,14.838015419779866,16.120462401284986
2960.6666666666133,16.85951662842769,5.054969038405507,207.5657634379137,0.000610658833813932,2.5017434347200433e-05,26.95983487149604,14.838207786103924,16.136820789447224
2961.58333333328,16.757501016751245,5.055084507006002,207.83451411826627,0.000615832535972701,2.491919239017725e-05,26.960450704032013,14.838401778440696,16.153350708463886
2962.4887499999463,17.12991351461311,5.055198118689598,208.10932617462615,0.0006059289791770891,2.4822532663078617e-05,26.96105663301119,14.838592647372595,16.169647178554325
2963.3608333332795,17.85584414916214,5.055307141278272,208.3846099804663,0.0005814538062634097,2.472978396799413e-05,26.96163808681745,14.83877580311952,16.18531567192599
2964.179999999946,18.735390071818884,5.055409191273783,208.63747785488346,0.0005442666427233476,2.464297698021373e-05,26.962182353460175,14.838947241986867,16.20000902788994
2964.929999999946,19.286225512929395,5.055502326187351,208.83503815102125,0.0004967195390292525,2.4563765277727048e-05,26.962679072999205,14.839103701378802,16.213441574777026
2965.5995833332795,18.768511829159337,5.055585237836901,208.95538438194617,0.0004421954642687592,2.4493260755907976e-05,26.963121268463475,14.839242984408669,16.22541800455967
2966.182916666613,4.870068156911161,5.055657290043756,208.99560598654364,0.0003842784365625059,2.4432002050061373e-05,26.963505546900038,14.839364023105858,16.235839875342158
2966.679999999946,0.0,5.055718558808515,208.9863038698211,0.00032676674537328017,2.4379921115082322e-05,26.963832313645412,14.839466945807452,16.24471230261774
2967.0966666666127,0.0,5.055769824533543,208.97851317079414,0.00027341720015099954,2.4336350735660054e-05,26.964105730845564,14.83955306402265,16.25214346622935
2967.4441666666125,0.0,5.055812516844833,208.97202027146835,0.00022769232688221229,2.430007225854721e-05,26.964333423172445,14.839624779704357,16.25833695754654
2967.738749999946,0.0,5.055848662613303,208.96651939888582,0.00019277743184045195,2.426936032035259e-05,26.964526200604286,14.83968549792399,16.263584334477596
2967.999999999946,0.0,5.055880682633677,208.96164363874473,0.00017077344198983304,2.4242155860182937e-05,26.964696974046277,14.839739285338064,16.268235533762617
2968.249999999946,0.0,5.055911291126539,208.95698038207763,0.00016324529526143662,2.421615127639839e-05,26.96486021934154,14.839790701387647,16.272684129084862
2968.511249999946,0.0,5.055943241340363,208.95211017295208,0.00017040114039726785,2.4189006124233673e-05,26.965030620481937,14.839844370971761,16.27733026748593
2968.805833333279,0.0,5.055979222829798,208.9466223639755,0.00019190127698303074,2.415843376838246e-05,26.96522252175892,14.839904811896615,16.282565734260668
2969.153333333279,0.0,5.05602160478096,208.9401541451916,0.00022603707286750427,2.4122419023842348e-05,26.96544855883179,14.839976003706013,16.28873672416229
2969.5699999999456,0.0,5.056072332069568,208.9324062649168,0.0002705455392407399,2.4079306255972237e-05,26.96571910437103,14.840061213067656,16.296128849536203
2970.067083333279,0.0,5.056132721316589,208.92317409327936,0.00032207598411111726,2.4027972943492434e-05,26.96604118035514,14.840162651187736,16.304937507069464
2970.6504166666123,0.0,5.056203412414383,208.9123551532508,0.0003770191882345223,2.396787144539717e-05,26.966418199543376,14.840281392401698,16.315260686695854
2971.3199999999456,3.4678144812751546,5.056284323892172,208.94841371171012,0.00043152788154369684,2.3899067774807643e-05,26.966849727424922,14.840417299242766,16.327092083461913
2972.0699999999456,10.100911069368498,5.056374662883437,209.09356890015786,0.00048180795340850406,2.3822234003527272e-05,26.96733153537833,14.840569039258598,16.340321892047754
2972.8891666666123,15.25882650683247,5.056472988466659,209.32723993978914,0.0005244031105160706,2.3738595098704427e-05,26.96785593848885,14.840734191503712,16.354745179310914
2973.7612499999454,16.848710210679602,5.056577276508499,209.58645141100635,0.0005562028898070694,2.364987419154596e-05,26.968412141378657,14.840909355567934,16.37007035707559
2974.666666666612,16.859497346611068,5.056685132828338,209.84569762099323,0.000575233705818407,2.3558111034825645e-05,26.968987375084474,14.841090509721777,16.385949498648277
2975.5833333332785,16.757485048959513,5.056793902653404,210.11500617646226,0.0005801057336853962,2.3465568423623637e-05,26.96956748081816,14.841273194836948,16.40199370231093
2976.488749999945,17.12989664200587,5.056900923005245,210.39037018427067,0.0005707752098176628,2.3374516493044246e-05,26.970138256027976,14.841452938328137,16.417809896522993
2977.360833333278,17.855821657093042,5.057003620240479,210.6661850201539,0.0005477185879149798,2.328714891750822e-05,26.97068597461589,14.841625417968965,16.433015291823786
2978.179999999945,18.735367160015066,5.057099749189293,210.91954657034515,0.000512687727006366,2.320537852118314e-05,26.971198662342896,14.841786863478639,16.44727318697502
2978.929999999945,19.28621050422688,5.057187480120722,211.11755215273507,0.0004678983009529533,2.3130762895667738e-05,26.97166656064385,14.841934202492265,16.460306636705592
2979.599583333278,18.768494897136538,5.057265580815464,211.23829333278545,0.00041653703862330456,2.3064349371801253e-05,26.972083097682475,14.842065366240572,16.471926425073878
2980.1829166666116,4.869987164074404,5.057333452066065,211.27885745436467,0.0003619800032058749,2.3006645282293632e-05,26.97244507768568,14.842179349063418,16.482037327930378
2980.679999999945,0.0,5.0573911655139625,211.26984548878772,0.0003078050554510574,2.2957586487087133e-05,26.972752882741133,14.842276271865604,16.49064456564969
2981.0966666666113,0.0,5.057439456317902,211.26229810893867,0.00025755095434981066,2.2916544452348395e-05,26.97301043369548,14.842357369741844,16.49785329666815
2981.444166666611,0.0,5.057479671174848,211.25600821326321,0.00021447923704488817,2.2882371215346957e-05,26.973224912932526,14.842424904651244,16.50386117819715
2981.7387499999445,0.0,5.057513719356863,211.25067948277004,0.00018159030407654227,2.2853441517334537e-05,26.973406503236603,14.842482083182128,16.508951139855366
2981.9999999999445,0.0,5.057543881189633,211.24595642129037,0.00016086310811179872,2.282781577555059e-05,26.973567366344714,14.842532734929618,16.513462686479436
2982.2499999999445,0.0,5.057572713387893,211.24143931238945,0.0001537717240526512,2.2803320297116393e-05,26.973721138068765,14.842581153536932,16.517777605048977
2982.5112499999445,0.0,5.0576028094216445,211.23672184582264,0.0001605121800069038,2.2777750458557255e-05,26.97388165024877,14.84263169428175,16.52228401869097
2982.805833333278,0.0,5.05763670275573,211.2314062822297,0.0001807644484584541,2.2748952329684018e-05,26.97406241469723,14.842688611584835,16.527361900532373
2983.1533333332777,0.0,5.057676625070038,211.22514126220534,0.00021291900964600584,2.2715027684781813e-05,26.974275333706874,14.84275565297608,16.533346960155843
2983.5699999999442,0.0,5.057724408348705,211.2176370395075,0.0002548441528925564,2.2674416990837625e-05,26.974530177859766,14.842835894659464,16.54051609701739
2984.0670833332774,0.0,5.0577812927711925,211.2086955715902,0.00030338358659701977,2.262606289831324e-05,26.974833561446363,14.842931418899614,16.549058657107953
2984.650416666611,0.0,5.057847881052795,211.19821780860045,0.0003551375018790755,2.2569449583131052e-05,26.97518869894824,14.843043237359792,16.559069464135654
2985.3199999999442,3.467771050736701,5.057924096403856,211.2346699941648,0.0004064818723255401,2.250463926743729e-05,26.975595180820566,14.84317122054211,16.570542155832236
2986.0699999999442,10.10079178086719,5.058009191924344,211.38027154960363,0.00045384277593867907,2.2432265060153715e-05,26.976049023596506,14.84331411362923,16.583369983345296
2986.889166666611,15.258718903865597,5.058101810275867,211.61443718634726,0.0004939645414517655,2.235348087277264e-05,26.976542988137957,14.843469636775346,16.597353969089948
2987.761249999944,16.848668567035812,5.058200044769852,211.87417900657073,0.0005239173012567318,2.2269909857385827e-05,26.977066905439216,14.843634587786267,16.612211167402997
2988.6666666666106,16.859479202370807,5.05830164016711,212.13397680229943,0.000541842118701992,2.2183473394790904e-05,26.977608747557916,14.843805179391032,16.627604100171112
2989.583333333277,16.757470023203528,5.058404095785404,212.40384595357233,0.0005464299642431486,2.209630294204416e-05,26.978155177522158,14.843977212444528,16.643155683727976
2990.4887499999436,17.129880764792123,5.058504903238037,212.6797644345646,0.0005376397473786087,2.2010536848930532e-05,26.978692817269536,14.844146475153227,16.6584849235412
2991.360833333277,17.85580049190613,5.058601638311525,212.9561126611455,0.0005159203919309195,2.19282414225455e-05,26.979208737661466,14.844308897338601,16.673220920418558
2992.1799999999434,18.735345601545582,5.058692186217253,213.20997031422522,0.0004829221638835492,2.1851218406598242e-05,26.97969165982535,14.844460928603517,16.68703755438283
2992.9299999999434,19.286196381222563,5.05877482350123,213.4084237236906,0.00044073218121613264,2.178093492310805e-05,26.980132392006563,14.844599675784423,16.69966669585933
2993.5995833332768,18.768478956858004,5.058848389538048,213.529562214223,0.00039235219636239005,2.1718377451666173e-05,26.980524744202924,14.844723190798415,16.710925270505925
2994.1829166666103,4.869910915513038,5.058912319961739,213.57047095581413,0.00034096225968308286,2.166402382558823e-05,26.98086570646261,14.844830526678436,16.72072128340783
2994.6799999999434,0.0,5.058966682299172,213.56175100176412,0.00028993246631069016,2.16178135904993e-05,26.981155638928918,14.844921797322177,16.729060034347807
2995.09666666661,0.0,5.059012169059397,213.55444847082737,0.0002425960545330931,2.157915467636124e-05,26.981398234983452,14.84499816583412,16.7360436007181
2995.44416666661,0.0,5.0590500487701755,213.54836283392393,0.0002020251241546514,2.15469657536356e-05,26.981600260107605,14.845061762290063,16.741863616041442
2995.738749999943,0.0,5.059082119857322,213.5432072947857,0.0001710457981159102,2.1519715920229253e-05,26.98177130590572,14.845115606297039,16.746794265374582
2995.999999999943,0.0,5.05911053024499,213.5386378511799,0.00015152206755806365,2.1495578209682757e-05,26.98192282797328,14.845163304127743,16.75116448908211
2996.249999999943,0.0,5.059137688189214,213.53426775967708,0.00014484236919491615,2.1472505146260674e-05,26.982067670342474,14.845208899033096,16.755344143310392
2996.511249999943,0.0,5.05916603656011,213.5297039339514,0.00015119131144894886,2.1448420125551466e-05,26.982218861653923,14.845256492297452,16.759709184460267
2996.8058333332765,0.0,5.059197961700274,213.52456161575262,0.00017026741420888961,2.142129429852529e-05,26.98238912906813,14.845310090223533,16.76462763731876
2997.1533333332764,0.0,5.059235565684312,213.51850095655783,0.00020055458153077599,2.1389339678514647e-05,26.982589683649664,14.845373221777237,16.770424610378317
2997.569999999943,0.0,5.0592805740927655,213.5112417597442,0.0002400448450904223,2.1351087311167576e-05,26.982829728494753,14.845448783741396,16.777368200382686
2998.067083333276,0.0,5.05933415505873,213.50259259225572,0.00028576515180781404,2.130554127158721e-05,26.98311549364656,14.845538736916657,16.78564164954409
2998.6504166666095,0.0,5.0593968762609025,213.49245783068807,0.00033451307825287834,2.125221572081523e-05,26.983450006724816,14.84564403393139,16.795336601018757
2999.319999999943,3.467730166079917,5.059468665327151,213.52930555685842,0.000382875019986836,2.1191169303268397e-05,26.983832881744803,14.845764552799821,16.806446660518557
3000.069999999943,10.100679533642262,5.059548818688538,213.67535522246996,0.00042748459406560135,2.112299839878343e-05,26.98426036633887,14.84589911184467,16.81886819764322
3000.8891666666095,15.258617650618854,5.059636057792552,213.9100168511636,0.0004652752214123516,2.104878994135048e-05,26.98472564156028,14.84604556414537,16.832408282628798
3001.7612499999427,16.848629379408802,5.059728586651102,214.17029017683723,0.0004934872455939081,2.09700728451756e-05,26.985219128805877,14.846200894236876,16.846792727873122
3002.666666666609,16.85946212823235,5.059824280984759,214.43064058915263,0.0005103697795036902,2.0888656918992718e-05,26.985729498585382,14.846361535716795,16.861694629004745
3003.5833333332757,16.757455883609556,5.059920785346953,214.7010711372951,0.0005146899316968085,2.0806549829118416e-05,26.98624418851708,14.8465235343509,16.876748847290788
3004.4887499999422,17.129865823935926,5.060015737056217,214.97754472486943,0.0005064091160769244,2.072576571541752e-05,26.986750597633158,14.846682924015536,16.891586581012877
3005.3608333332754,17.855780574908426,5.060106852736426,215.2544268861449,0.0004859502944476326,2.0648250841445555e-05,26.987236547927605,14.84683587196248,16.90584892181072
3006.179999999942,18.735325315955826,5.0601921404803605,215.50878134885943,0.00045486796765038974,2.0575702259948546e-05,26.987691415895256,14.846979034923564,16.919220407792462
3006.929999999942,19.286183091351422,5.060269976995332,215.70768353081638,0.0004151280798478917,2.0509501829335868e-05,26.988106543975103,14.847109688539417,16.93144177756951
3007.5995833332754,18.768463950310622,5.060339269127436,215.8292202620391,0.0003695580378884502,2.045057868173648e-05,26.988476102012992,14.847225998408899,16.942336122969408
3008.182916666609,4.869839133666226,5.060399485343002,215.87047447622038,0.00032115314968485606,2.03993828522073e-05,26.988797255162677,14.847327072848595,16.951814677487153
3008.679999999942,0.0,5.060450689285821,215.86204732375722,0.00027308769503592837,2.0355857364474718e-05,26.989070342857712,14.84741301915054,16.95988279595333
3009.0966666666086,0.0,5.060493533263746,215.85499027554783,0.0002285012156039351,2.0319444518939185e-05,26.989298844073314,14.847484932600256,16.966639429497377
3009.4441666666085,0.0,5.0605292121277206,215.84910940621364,0.00019028727453193855,2.028912578989978e-05,26.989489131347845,14.847544819036395,16.97227012512089
3009.738749999942,0.0,5.060559419830167,215.84412747565148,0.00016110774637877756,2.0263459207171077e-05,26.989650239094225,14.847595521927692,16.977040245045377
3009.999999999942,0.0,5.060586179507317,215.83971200910725,0.00014271827813745316,2.024072394480254e-05,26.989792957372362,14.847640437176263,16.981268078062907
3010.249999999942,0.0,5.060611759494536,215.83548926919045,0.00013642659849960042,2.0218991485421527e-05,26.98992938397086,14.847683372163543,16.985311456393955
3010.511249999942,0.0,5.060638460724005,215.8310794235636,0.00014240655716587887,2.019630588059982e-05,26.990071790528027,14.847728188912987,16.989534078714193
3010.805833333275,0.0,5.060668530878772,215.82611072107863,0.0001603741587600861,2.0170756167707184e-05,26.990232164686788,14.847778660001666,16.99429193595174
3011.153333333275,0.0,5.060703949884186,215.82025484290546,0.00018890136220422272,2.014065825730619e-05,26.99042106604899,14.847838108510446,16.999899464253943
3011.5699999999415,0.0,5.060746343039675,215.81324115207792,0.00022609682927563003,2.0104628561874658e-05,26.99064716287827,14.847909262210461,17.006615904552206
3012.0670833332747,0.0,5.06079681057927,215.80488482400565,0.00026916021117378197,2.0061729045340333e-05,26.990916323089444,14.847993967487016,17.014618367136755
3012.650416666608,0.0,5.060855887164514,215.79509364962817,0.0003150751213003593,2.001150212562402e-05,26.991231398210743,14.848093121361913,17.02399531251804
3013.3199999999415,3.467691678143232,5.060923504591432,215.8323374184535,0.00036062627689285046,1.9954003071171097e-05,26.991592024487638,14.848206608930319,17.03474033834627
3014.0699999999415,10.100573909611835,5.0609990001345375,215.97883537959453,0.0004026428965629846,1.9889793641303513e-05,26.9919946673842,14.84833331741708,17.046752979908735
3014.889166666608,15.258522370294445,5.061081169499496,216.21399272302057,0.00043823661311154536,1.9819897641537413e-05,26.99243290399731,14.848471225120415,17.059846420521573
3015.7612499999414,16.8485925022163,5.061168321033737,216.47479694908805,0.0004648081826201798,1.9745755166511597e-05,26.992897712179932,14.84861749247558,17.073755308120305
3016.666666666608,16.859446060763705,5.0612584538852134,216.73569918913856,0.00048070854121178485,1.9669070870069654e-05,26.993378420721143,14.848768761137606,17.08816339209467
3017.5833333332744,16.757442577651098,5.061349349486889,217.00669010629238,0.00048477654226646965,1.9591735749979475e-05,26.99386319726341,14.84892130757492,17.10271755536951
3018.488749999941,17.129851763937747,5.061438782476881,217.28371763580793,0.00047697594662587283,1.9515646884633325e-05,26.994340173210034,14.849071397079056,17.117061254446362
3019.360833333274,17.855761832120486,5.061524602208488,217.56113254704908,0.0004577052352333282,1.9442637404795084e-05,26.99479787844527,14.849215420553163,17.130847623579815
3020.1799999999407,18.735306227632226,5.061604932579348,217.81598289015253,0.00042842864459011247,1.937430570114332e-05,26.995226307089858,14.849350229835359,17.143771893173945
3020.9299999999407,19.286170585201994,5.061678244687834,218.015333273887,0.0003909979119274499,1.9311953280409463e-05,26.995617305001787,14.84947325957027,17.15558368774206
3021.599583333274,18.76844982286616,5.061743508962293,218.13726781671033,0.0003480761304425677,1.925645523290246e-05,26.99596538113223,14.849582782436379,17.166112266386623
3022.1829166666075,4.869771557172375,5.061800224806125,218.17886716892426,0.00030248450043742067,1.9208235400062324e-05,26.996267865632667,14.849677958820699,17.17527207872097
3022.6799999999407,0.0,5.061848452199057,218.17073259239442,0.0002572127623075046,1.9167240087347526e-05,26.996525078394974,14.849758889788593,17.183068511520602
3023.0966666666072,0.0,5.061888805558608,218.16392081076822,0.0002152179176030459,1.913294398991661e-05,26.996740296312577,14.849826606739022,17.189597358278764
3023.444166666607,0.0,5.061922410298203,218.15824450993608,0.00017922527783480096,1.910438777227139e-05,26.996919521590414,14.84988299848127,17.195038042090818
3023.7387499999404,0.0,5.061950861910428,218.15343600582133,0.00015174193186920953,1.908021327722425e-05,26.997071263522283,14.849930742566832,17.199647060188152
3023.9999999999404,0.0,5.061976065927792,218.14917434456575,0.0001344214259405441,1.905879970877873e-05,26.997205684948224,14.849973036736015,17.203732005848604
3024.2499999999404,0.0,5.0620001588213235,218.14509878285094,0.00012849543217237082,1.9038330658644572e-05,26.997334180380395,14.850013466190264,17.207638642677
3024.5112499999404,0.0,5.0620253077584625,218.14084272674262,0.00013412766473965937,1.9016963886757634e-05,26.997468308045136,14.85005566757914,17.211718369731695
3024.8058333332738,0.0,5.062053629747805,218.1360474135831,0.00015105060982678687,1.8992899528164883e-05,26.997619358654962,14.850103193320447,17.216315106540087
3025.1533333332736,0.0,5.062086989600565,218.13039603375003,0.00017791921471578813,1.8964551406832873e-05,26.99779727786968,14.85015917256122,17.221732587917668
3025.56999999994,0.0,5.062126918111775,218.12362748770954,0.00021295205978977584,1.8930616384559736e-05,26.99801022992947,14.850226173872707,17.228221180586857
3026.0670833332733,0.0,5.0621744515293,218.11556353647032,0.00025351156013120004,1.8890210978124287e-05,26.998263741489602,14.850305935868645,17.235951858270013
3026.650416666607,0.0,5.062230093402531,218.10611536259725,0.0002967566572317514,1.8842904232015084e-05,26.998560498146833,14.850399303195395,17.245009908159115
3027.31999999994,3.4676554464957303,5.062293779459821,218.14375434056512,0.0003396589722107046,1.8788748229537174e-05,26.998900157119046,14.850506167622099,17.25538894234251
3028.06999999994,10.100474515795836,5.062364885471332,218.29069930910373,0.00037923206139810087,1.8728272099538608e-05,26.999279389180444,14.850625481280503,17.266991694863147
3028.889166666607,15.258432708689414,5.062442277128258,218.5263505092034,0.0004127555036006297,1.8662440151275045e-05,26.999692144684044,14.850755340422976,17.279637501626176
3029.76124999994,16.848557798587784,5.0625243611075055,218.78768336608942,0.0004377812226524588,1.8592608772616096e-05,27.000129925906695,14.850893071177424,17.29306988740664
3030.6666666666065,16.85943094032875,5.062609252877053,219.04913492652884,0.00045275610425087417,1.85203835175952e-05,27.000582682010947,14.851035511180333,17.3069832925868
3031.583333333273,16.757430055944695,5.062694862865082,219.3206834586643,0.00045658660282688805,1.844754543549182e-05,27.001039268613773,14.851179154210197,17.321036651039623
3032.4887499999395,17.129838532618706,5.062779095117414,219.59826206949117,0.0004492386791059736,1.837588128781726e-05,27.00148850729288,14.851320483537652,17.334885695332247
3033.3608333332727,17.855744193988933,5.0628599240671885,219.8762069163337,0.00043108773212872296,1.830711759262763e-05,27.001919595025008,14.851456100729806,17.34819560818586
3034.1799999999394,18.73528826550447,5.062935582740682,220.13155066924733,0.0004035129252938467,1.824275976639204e-05,27.002323107950303,14.851583041399286,17.360672306482495
3034.9299999999394,19.286158816323294,5.063004631183738,220.33134725640642,0.00036825836296499264,1.8184033598035928e-05,27.002691366313268,14.851698889957946,17.372074285777508
3035.5995833332727,18.76843652308479,5.063066099738127,220.45367790239132,0.00032783229007670253,1.8131763254342154e-05,27.003019198603344,14.851802019941555,17.382236951665973
3036.182916666606,4.86970793992822,5.06311951695682,220.49562094122325,0.0002848918330321969,1.8086347896572488e-05,27.003304090436377,14.851891640779488,17.39107794700373
3036.6799999999394,0.0,5.063164939362628,220.48777775972596,0.00024225283097359588,1.804773692620979e-05,27.00354634326735,14.851967847668137,17.398602668781386
3037.096666666606,0.0,5.0632029456633525,220.48121022941362,0.00020270027053217448,1.801543556883633e-05,27.00374904353788,14.852031611826796,17.404903734664526
3037.4441666666057,0.0,5.063234595834805,220.47573763265174,0.0001688009144170532,1.798854026958445e-05,27.003917844452296,14.85208471182935,17.410154430509415
3037.738749999939,0.0,5.063261392583446,220.47110180960735,0.00014291599275524197,1.7965771854637183e-05,27.00406076044505,14.852129668944057,17.414602380446336
3037.999999999939,0.0,5.063285130616092,220.46699328297856,0.00012660284077228954,1.7945603792847834e-05,27.004187363285823,14.852169494256831,17.418544478921596
3038.249999999939,0.0,5.063307822140206,220.46306424924734,0.0001210214619395938,1.7926325323032142e-05,27.004308384747763,14.852207563692094,17.422314421755598
3038.511249999939,0.0,5.063331508269413,220.45896129440737,0.0001263260224374165,1.7906201358802917e-05,27.0044347107702,14.852247301614568,17.426251312650653
3038.8058333332724,0.0,5.063358182871254,220.45433858380554,0.00014226454315889893,1.788353672817384e-05,27.00457697531336,14.85229205306958,17.430687007254303
3039.1533333332723,0.0,5.063389602279882,220.44889075968655,0.0001675701793427186,1.785683752325056e-05,27.004744545492702,14.852344764534651,17.435914549728892
3039.569999999939,0.0,5.063427208235676,220.44236620751195,0.00020056509757017323,1.7824876415976234e-05,27.004945110590274,14.852407854628929,17.442175446711648
3040.067083333272,0.0,5.063471976691574,220.43459323063414,0.00023876509811719264,1.7786821328975397e-05,27.00518387568839,14.852482960456264,17.44963455266402
3040.6504166666055,0.0,5.063524381881646,220.4254863707159,0.0002794943470571369,1.774226639556438e-05,27.00546337003545,14.852570877332617,17.45837400135882
3041.319999999939,3.4676213389270805,5.063584363243606,220.46351847196513,0.00031990059712093996,1.7691260694351655e-05,27.00578327063257,14.852671503317081,17.468387440271293
3042.069999999939,10.100380982777594,5.0636513328277895,220.6109077787812,0.0003571711156406473,1.763430260159882e-05,27.00614044174821,14.852783851682185,17.479580821775887
3042.8891666666054,15.258348332814549,5.0637242222795305,220.84704949674753,0.000388743742620158,1.757230035741446e-05,27.00652918549083,14.852906129786875,17.491779649527373
3043.7612499999386,16.84852513983395,5.063801530938649,221.1089071566924,0.0004123128486306993,1.7506531466719715e-05,27.00694149833946,14.853035819830382,17.50473633235754
3044.666666666605,16.859416710856095,5.063881483887775,221.3709039224462,0.00042641572867223554,1.7438508096359435e-05,27.007367914068134,14.85316994404857,17.518155998655523
3045.5833333332716,16.757418272058533,5.063962113112195,221.64300570166105,0.0004300225302388079,1.7369907686890242e-05,27.007797936598372,14.853305200907222,17.53170961805048
3046.488749999938,17.12982608091849,5.06404144460155,221.92113094850978,0.0004231012765583446,1.7302413045634504e-05,27.008221037874932,14.85343827899253,17.54506517251688
3047.3608333332713,17.855727595117056,5.064117570652642,222.19960139482586,0.00040600560582445557,1.7237650228627558e-05,27.008627043480757,14.853565978295137,17.557899856209847
3048.179999999938,18.735271362766778,5.064188827122647,222.4554346483562,0.0003800345066985689,1.717703704354056e-05,27.009007077987455,14.85368550752239,17.569930229388998
3048.929999999938,19.286147741044108,5.06425385787012,222.65567410862707,0.0003468306531869288,1.7121727932486564e-05,27.00935390864064,14.853794592148262,17.580923613534946
3049.5995833332713,18.768424002529823,5.064311749689791,222.77839795622623,0.00030875637158148936,1.7072499079922106e-05,27.009662665012222,14.853891700701832,17.59072151971285
3050.182916666605,4.86964805020204,5.064362058598483,222.82068218907781,0.00026831417969093874,1.702972639418776e-05,27.009930979191914,14.853976088801424,17.599244751463708
3050.679999999938,0.0,5.064404837857959,222.81312833145626,0.00022815605053377243,1.699336219721465e-05,27.010159135242446,14.854047846112037,17.606498695724113
3051.0966666666045,0.0,5.064440632523734,222.8068032926555,0.0001909048841368556,1.696294048599802e-05,27.010350040126582,14.854107887167318,17.612572788585425
3051.4441666666044,0.0,5.064470440907513,222.80153291577716,0.00015897804682423936,1.6937610269706928e-05,27.010509018173405,14.854157886709181,17.617634187875097
3051.7387499999377,0.0,5.0644956782819746,222.79706850389795,0.00013459933045790776,1.6916166801812927e-05,27.010643617503863,14.854200218802626,17.621921668330412
3051.9999999999377,0.0,5.06451803492223,222.79311197672556,0.00011923541469731134,1.689717237755719e-05,27.01076285291856,14.85423771872471,17.625721460166016
3052.2499999999377,0.0,5.064539405942196,222.78932837686037,0.00011397877315394867,1.6879015787091414e-05,27.010876831691714,14.854273565283552,17.629355234699204
3052.5112499999377,0.0,5.0645617136755465,222.78537737182077,0.00011897457787083704,1.6860062914538953e-05,27.010995806269584,14.854310982895072,17.633149847549422
3052.805833333271,0.0,5.06458683595509,222.7809259555181,0.00013398549089905465,1.683871723924822e-05,27.01112979176048,14.854353121283207,17.6374251399731
3053.153333333271,0.0,5.064616426898639,222.7756801304703,0.0001578183655933568,1.6813571796295655e-05,27.011287610126075,14.854402754872114,17.64246351306641
3053.5699999999374,0.0,5.064651844332541,222.76939768666222,0.00018889298081275411,1.6783470691736264e-05,27.011476503106888,14.85446216104437,17.648497657721435
3054.0670833332706,0.0,5.064694007396508,222.7619134076784,0.00022486967449140445,1.6747630285671972e-05,27.011701372781378,14.85453288129509,17.655686346780026
3054.650416666604,0.0,5.064743362703897,222.75314515277404,0.0002632283060765692,1.6705668349991287e-05,27.011964601087453,14.854615664479327,17.664108590194093
3055.3199999999374,3.4675892309671794,5.064799853191025,222.79156712785579,0.000301282598014963,1.6657631129182383e-05,27.01226588368547,14.854710414583781,17.673758090158778
3056.0699999999374,10.10029296326325,5.064862925098085,222.93939682152094,0.00033638350431839856,1.6603988018720203e-05,27.012602267189788,14.85481620247192,17.68454402421476
3056.889166666604,15.258268929600614,5.064931572221346,223.1760243446033,0.0003661179907258977,1.6545594422718724e-05,27.012968385180514,14.854931340155314,17.696298056097586
3057.7612499999373,16.84849440494966,5.065004381217966,223.43840153504746,0.0003883146486341344,1.6483653513719585e-05,27.01335669982915,14.855053456836524,17.708781454067967
3058.6666666666038,16.8594033196225,5.065079680459932,223.70093790125946,0.0004015959571539196,1.6419589460204067e-05,27.013758295786303,14.85517974862354,17.721709994054866
3059.5833333332703,16.75740718233321,5.065155616473361,223.97358706521698,0.0004049920716279766,1.6354982074226242e-05,27.01416328785793,14.855307106773074,17.734766624890632
3060.4887499999368,17.129814362705883,5.0652303301513735,224.25225303637677,0.0003984729493951806,1.629141621057448e-05,27.014561760807325,14.855432413252316,17.747631510009498
3061.36083333327,17.85571197401235,5.065302024847947,224.5312433386529,0.00038237171506115195,1.623042326475642e-05,27.014944132522388,14.855552654939874,17.759993778271287
3062.1799999999366,18.735255456616937,5.065369133311182,224.78756085364174,0.0003579118039187939,1.6173338496268784e-05,27.015302044326308,14.8556652035732,17.77158055578817
3062.9299999999366,19.28613731830356,5.065430378369456,224.98823862568042,0.00032664031079113355,1.6121249122944567e-05,27.0156286846371,14.855767917484874,17.782167916991337
3063.59958333327,18.768412215593255,5.06548490000691,225.11135167104996,0.00029078206642495864,1.6074886120754263e-05,27.015919466703526,14.855859354671422,17.79160341884344
3064.1829166666034,4.869591669797978,5.065532280114663,225.15397364371069,0.0002526939080121139,1.6034603490956175e-05,27.01617216061154,14.855938814251445,17.79981098424194
3064.6799999999366,0.0,5.065572568878584,225.1467062167973,0.00021487340757367243,1.6000356309975918e-05,27.016387034019115,14.856006380677075,17.806795971322117
3065.096666666603,0.0,5.065606279642836,225.14062122245952,0.00017979074267844268,1.5971705686808495e-05,27.016566824761792,14.856062915089446,17.812644640504825
3065.444166666603,0.0,5.065634352614483,225.13555100935648,0.00014972251545153543,1.5947850160512124e-05,27.016716547277245,14.856109994433385,17.817518051748454
3065.7387499999363,0.0,5.065658120680971,225.1312562547981,0.0001267630212689937,1.5927655114357607e-05,27.016843310298512,14.856149854127843,17.821646183591117
3065.9999999999363,0.0,5.065679175716667,225.12745016342868,0.00011229352371497071,1.5909766540287445e-05,27.016955603822225,14.856185163862005,17.825304671702654
3066.2499999999363,0.0,5.065699302504773,225.1238104939107,0.00010734286989521157,1.589266703018533e-05,27.01706294669212,14.85621891678807,17.828803245424687
3066.5112499999364,0.0,5.0657203114597325,225.12000986005913,0.00011204775978553456,1.5874817606701127e-05,27.017174994451906,14.85625414899867,17.83245659930589
3066.8058333332697,0.0,5.065743971082258,225.11572794900835,0.0001261846534693467,1.5854714702081897e-05,27.017301179105377,14.85629382625329,17.836572648448566
3067.1533333332695,0.0,5.065771839178828,225.11068200041944,0.00014862984837321074,1.5831033271766115e-05,27.01744980895375,14.856340560927292,17.84142323251506
3067.569999999936,0.0,5.065805194510196,225.10463910255788,0.00017789510062572037,1.5802684728602162e-05,27.017627704054377,14.856396497380041,17.847232298823236
3068.0670833332692,0.0,5.065844902686522,225.09744043985617,0.00021177694041077546,1.5768931070628418e-05,27.017839480994787,14.856463087058911,17.854152594905674
3068.6504166666027,0.0,5.065891384298464,225.08900713952156,0.0002479019303551195,1.572941234070823e-05,27.018087382925142,14.856541035061948,17.86226004530691
3069.319999999936,3.467559005433762,5.065944585581784,225.12781466803045,0.00028374017770882584,1.5684172110416797e-05,27.01837112310285,14.856630250961617,17.871548424620457
3070.069999999936,10.10021013073225,5.066003984994581,225.27607961778918,0.0003167968682504181,1.5633652465921932e-05,27.0186879199711,14.856729859866586,17.88193013045768
3070.8891666666027,15.25819420468602,5.06606863489656,225.51318697076053,0.00034479947721862255,1.557865902511931e-05,27.01903271944832,14.856838272358535,17.893242957742427
3071.761249999936,16.84846548014786,5.06613720422009,225.77607709260533,0.000365703058833044,1.5520324920428325e-05,27.01939842250715,14.856953256097482,17.905256980038494
3072.6666666666024,16.859390717049784,5.066208118660497,226.03914608751646,0.0003782103488336935,1.5459991404721056e-05,27.019776632855987,14.857072170954142,17.917698545716707
3073.583333333269,16.757396745713468,5.066279632667177,226.31233540375544,0.0003814080356302598,1.5399146301930368e-05,27.020158040891616,14.8571920897652,17.93026248813498
3074.4887499999354,17.12980333460113,5.066349995396672,226.5915348440116,0.00037526789064062997,1.5339282174738487e-05,27.020533308782255,14.857310076632073,17.942641046268456
3075.3608333332686,17.85569727284976,5.066417514840847,226.87103797009553,0.0003601037022603582,1.5281841229606307e-05,27.020893412484515,14.857423294450735,17.95453517053184
3076.1799999999353,18.735240488011833,5.066480715036823,227.1278332900052,0.000337067711875699,1.5228080950453877e-05,27.02123048019639,14.857529268504488,17.965682443863525
3076.9299999999353,19.28612750949245,5.06653839321573,227.3289436857999,0.0003076169541721493,1.5179025218588715e-05,27.02153809715056,14.857625982254232,17.97586759525477
3077.5995833332686,18.768401119331198,5.066589739473611,227.45244091656798,0.0002738467086994247,1.5135362417212538e-05,27.02181194385926,14.857712077956977,17.98494415115103
3078.182916666602,4.8695385932685,5.066634360077147,227.49539629528505,0.00023797655219404568,1.509742590943945e-05,27.022049920411455,14.857786895698325,17.99283910461197
3078.6799999999353,0.0,5.066672302311299,227.4884116542127,0.0002023585821450684,1.5065173369369017e-05,27.022252278993598,14.857850515018049,17.99955776778243
3079.096666666602,0.0,5.066704049639679,227.4825636290303,0.00016931908468989377,1.5038191452739983e-05,27.02242159807829,14.857903746768333,18.005183242129878
3079.4441666666016,0.0,5.0667304875218715,227.47769100090363,0.00014100203835822368,1.5015725366795776e-05,27.022562600116647,14.857948075784085,18.009870539202417
3079.738749999935,0.0,5.066752871221526,227.4735637076406,0.00011937973149245134,1.4996706571513504e-05,27.02268197984814,14.857985606902199,18.01384092161583
3079.999999999935,0.0,5.066772699900131,227.46990609698784,0.000105752952559315,1.4979859917662395e-05,27.0227877328007,14.858018853855764,18.017359532362477
3080.249999999935,0.0,5.066791654388205,227.46640848036532,0.0001010906030611646,1.4963756376394754e-05,27.02288882340376,14.85805063494069,18.02072427729701
3080.511249999935,0.0,5.0668114396512625,227.46275624902168,0.0001055214029747461,1.4946946608777944e-05,27.022994344806737,14.85808380888154,18.024237813296807
3080.8058333332683,0.0,5.066833721179072,227.45864161520723,0.00011883481498043123,1.4928014625842904e-05,27.023113179621717,14.858121168175403,18.02819625300243
3081.153333333268,0.0,5.066859966035629,227.45379290384358,0.00013997256830515918,1.4905712566694244e-05,27.023253152190023,14.858165172576452,18.03286098739675
3081.5699999999347,0.0,5.066891378488441,227.44798637177888,0.0001675330816627162,1.487901525867671e-05,27.023420685271685,14.858217841160464,18.038447317795793
3082.067083333268,0.0,5.066928773714686,227.44106950924632,0.0001994412066428072,1.4847227697742626e-05,27.023620126478328,14.858280540567186,18.045102039714983
3082.6504166666014,0.0,5.066972547789092,227.4329666544753,0.00023346173016399377,1.4810010908213456e-05,27.023853588208492,14.858353934685365,18.05289803863763
3083.3199999999347,3.467530552006359,5.067022650058714,227.47215443998923,0.00026721210464946874,1.476740594106852e-05,27.024120800313142,14.85843793835079,18.061829177564636
3084.0699999999347,10.100132178173004,5.067078589339494,227.6208484412971,0.0002983428308282732,1.471982914980734e-05,27.02441914314397,14.858531727764188,18.071811058006865
3084.8891666666013,15.258123881280538,5.067139473170965,227.85842850068377,0.00032471376784211126,1.466803924255968e-05,27.02474385691181,14.858633806345276,18.082687557624936
3085.7612499999345,16.8484382584226,5.067204048005371,228.12182374941221,0.00034439911683426525,1.4613103359753094e-05,27.025088256028646,14.85874207215826,18.094237474076973
3086.666666666601,16.859378856514446,5.0672708312348576,228.38541716009047,0.00035617722392733035,1.4556284632162152e-05,27.025444433252574,14.858854039310078,18.10619762136614
3087.5833333332675,16.757386923590676,5.067338178991335,228.65913815311117,0.0003591880345505053,1.4498984214845561e-05,27.025803621287125,14.858966951653017,18.118274587874133
3088.488749999934,17.129792955809442,5.0674044424329505,228.93886258928245,0.00035340502194621887,1.4442607716380779e-05,27.026157026309072,14.85907804482478,18.1301725475977
3089.3608333332672,17.855683437249745,5.067468028135988,229.21887033952663,0.00033912374952866514,1.4388513313852487e-05,27.026496150058602,14.859184647495399,18.141604126251583
3090.179999999934,18.735226401438368,5.067527546144112,229.47613590512182,0.0003174293766660885,1.4337885216080308e-05,27.026813579435267,14.859284429557222,18.15231722601967
3090.929999999934,19.286118278304503,5.067581863784686,229.6776722161189,0.0002896940830607399,1.4291687633803218e-05,27.02710327351833,14.859375492315525,18.16210510909819
3091.599583333267,18.768390673308843,5.067630218363878,229.80154770662838,0.00025789108902461185,1.4250568823808305e-05,27.027361164607353,14.859456557381659,18.170827179862073
3092.1829166666007,4.869488627172344,5.067672239110976,229.8448313613893,0.00022411065118781279,1.42148427073834e-05,27.02758527525854,14.859527003421464,18.178413445364157
3092.679999999934,0.0,5.067707970575361,229.83812518087734,0.00019056781004998674,1.4184469408146139e-05,27.027775843068593,14.859586905345834,18.184869156141694
3093.0966666666004,0.0,5.067737868066801,229.83251048105984,0.0001594532876797459,1.4159059652314392e-05,27.027935296356272,14.85963702664271,18.19027428137462
3093.4441666666003,0.0,5.067762765463402,229.8278323862886,0.0001327861152084561,1.4137902616562463e-05,27.02806808247148,14.859678765396229,18.194777851277117
3093.7387499999336,0.0,5.0677838448951675,229.8238699583995,0.00011242363608334656,1.4119992015404658e-05,27.028180506107564,14.859714103459936,18.198592517466405
3093.9999999999336,0.0,5.067802518174406,229.8203585194512,9.959082260040037e-05,1.4104126996277788e-05,27.028280096930164,14.859745407686788,18.201973061365265
3094.2499999999336,0.0,5.067820368193423,229.81700074023558,9.520010142584461e-05,1.408896179622725e-05,27.02837529703159,14.859775331692763,18.20520571647348
3094.5112499999336,0.0,5.067839000570228,229.81349459016587,9.937267629323296e-05,1.4073131528184566e-05,27.028474669707883,14.859806567157266,18.20858125840241
3094.805833333267,0.0,5.067859983744378,229.80954460890447,0.00011191026213541841,1.4055302714263924e-05,27.028586579970018,14.859841743399311,18.21238415315962
3095.153333333267,0.0,5.06788469928866,229.80489002880935,0.00013181623617075565,1.40343002106598e-05,27.028718396206187,14.859883176435266,18.216865483982616
3095.5699999999333,0.0,5.067914281288853,229.79931612448985,0.0001577706676951827,1.400915858894688e-05,27.028876166873882,14.85993276735007,18.222232026719624
3096.0670833332665,0.0,5.067949497408965,229.79267658288282,0.00018781930726816088,1.3979223353658608e-05,27.02906398618115,14.859991802913322,18.22862471345615
3096.6504166666,0.0,5.067990720628402,229.78489888985519,0.00021985717032862952,1.3944175294799075e-05,27.02928384335148,14.860060908204865,18.23611344402193
3097.3199999999333,3.4675037668251028,5.068037903227785,229.82446075576004,0.00025164053004372047,1.3904053086636654e-05,27.029535483881524,14.860140003019694,18.244692184171363
3098.0699999999333,10.100058816897832,5.068090582626597,229.97357663678832,0.0002809567936648091,1.385924883700408e-05,27.02981644067519,14.860228311679167,18.254279712951483
3098.8891666666,15.258057699100021,5.068147918353253,230.2116212461307,0.0003057905421586638,1.3810477056935308e-05,27.030122231217348,14.86032442503959,18.26472592444616
3099.761249999933,16.848412639139205,5.0682087298955,230.47551273395575,0.00032432822532071166,1.3758742712330466e-05,27.03044655944267,14.860426363980757,18.275818234563243
3100.6666666665997,16.859367694169038,5.068271621036567,230.73962123298566,0.00033541941902521903,1.3705235332101608e-05,27.030781978861693,14.860531787869178,18.287303787362912
3101.583333333266,16.757377679654905,5.068335043706066,231.0138643122083,0.000338254237323238,1.3651274418291203e-05,27.031120233099017,14.860638101618274,18.298900765243133
3102.4887499999327,17.129783187964733,5.06839744515924,231.29410417943754,0.0003328077502667955,1.3598183658780717e-05,27.031453040849282,14.860742702416093,18.310325105479993
3103.360833333266,17.85567041607013,5.068457324848913,231.5746073084534,0.0003193583449219829,1.354724206640186e-05,27.031772399194203,14.860843075055076,18.3213009330397
3104.1799999999325,18.735213144698886,5.068513373844518,231.83233457291453,0.00029892797656214494,1.3499564818310485e-05,27.032071327170765,14.860937025616154,18.331586306149337
3104.9299999999325,19.28610959059689,5.068564525509232,232.03428917639738,0.0002728088784755411,1.3456059911143767e-05,27.03234413604924,14.861022766386002,18.340982878320606
3105.599583333266,18.76838083945446,5.0686100616235406,232.15853618308273,0.00024285927631377373,1.341733780056876e-05,27.032586995325552,14.861099093707844,18.349355826845027
3106.1829166665993,4.8694415893753185,5.068649633047359,232.20214227095005,0.00021104759369719797,1.338369409380033e-05,27.03279804291925,14.861165422579175,18.35663811049176
3106.6799999999325,0.0,5.068683281750663,232.19570961658178,0.00017945975095732682,1.3355091224034733e-05,27.032977502670207,14.861221823549384,18.362834904138868
3107.096666666599,0.0,5.068711436517736,232.19032408959993,0.00015015875772353985,1.333116259579244e-05,27.03312766142793,14.861269015498152,18.368023080414236
3107.444166666599,0.0,5.068734882630603,232.18583705356548,0.0001250459352871182,1.3311238810367792e-05,27.033252707363218,14.86130831480857,18.372345771202976
3107.738749999932,0.0,5.068754733319492,232.18203653746775,0.00010587034074057718,1.3294372232788252e-05,27.033358577703957,14.861341587510704,18.376007144257827
3107.9999999999322,0.0,5.068772318105018,232.1786686447387,9.378552280788344e-05,1.3279432005448053e-05,27.033452363226765,14.861371062129086,18.379251776845706
3108.2499999999322,0.0,5.068789127612323,232.17544818524036,8.965070562745943e-05,1.326515080987733e-05,27.033542013932394,14.861399237188254,18.382354410579257
3108.5112499999323,0.0,5.0688066738648985,232.17208548009842,9.358001373176969e-05,1.3250243320501224e-05,27.033635593946126,14.861428647048987,18.385594125846733
3108.8058333332656,0.0,5.068826433872383,232.16829717224857,0.00010538670658356635,1.323345379224835e-05,27.03374098065271,14.861461767353914,18.389243926685058
3109.1533333332654,0.0,5.068849708667648,232.16383320051847,0.0001241322414191339,1.32136755869703e-05,27.033865112894127,14.861500778751685,18.393544754775984
3109.569999999932,0.0,5.068877566219909,232.1584876876508,0.00014857361205915714,1.3189999559918776e-05,27.034013686506185,14.861547471207704,18.39869500157559
3110.067083333265,0.0,5.068910729432883,232.1521203957357,0.00017687046919450988,1.3161809377194677e-05,27.03419055697538,14.86160305627346,18.40482983795573
3110.6504166665986,0.0,5.068949549529894,232.14466188925496,0.0002070405173909642,1.3128804448338642e-05,27.03439759749277,14.861668122481387,18.412016237711164
3111.319999999932,3.467478552112922,5.068993981557295,232.18459087417776,0.00023697081280197902,1.3091021206799345e-05,27.034634568305574,14.861742594298889,18.420248282058417
3112.069999999932,10.099989775432146,5.06904358988373,232.33412060186106,0.00026457774098749467,1.3048828917045348e-05,27.034899146046563,14.861825741367946,18.429447891923864
3112.8891666665986,15.257995413367604,5.069097583017568,232.57262068645727,0.00028796338046546867,1.3002900450953897e-05,27.035187109427028,14.861916236891846,18.439470895344883
3113.761249999932,16.848388527649853,5.069154849253661,232.8369985638589,0.00030541992583672117,1.2954182199463424e-05,27.035492529352865,14.862012217415682,18.450113198444818
3114.6666666665983,16.8593571887747,5.069214073763583,233.10161183530323,0.0003158640529105951,1.2903794351723688e-05,27.035808393405777,14.862111479107478,18.46113211393409
3115.583333333265,16.757368979756258,5.069273798726042,233.37636642220377,0.00031853313311359824,1.285297948605581e-05,27.03612692653889,14.862211578562562,18.47225722900834
3116.4887499999313,17.12977399498319,5.069332561926361,233.65711118933913,0.00031340373503450176,1.2802984115369618e-05,27.036440330273926,14.86231006511056,18.48321604460137
3117.3608333332645,17.855658161210773,5.069388950312388,233.93809952677495,0.00030073805881075335,1.2755012675185589e-05,27.036741068332738,14.862404570572679,18.493743982356676
3118.179999999931,18.73520066870993,5.069441731283479,234.19627906976712,0.00028149851249004317,1.2710115311688563e-05,27.037022566845227,14.862493029284904,18.50360907060623
3118.929999999931,19.286101414259456,5.069489900410607,234.39864353414836,0.0002569020113457003,1.2669147066054644e-05,27.03727946885657,14.862573758049319,18.512621194136056
3119.5995833332645,18.768371581921745,5.069532781369471,234.523254589861,0.00022869844727522795,1.2632682784933658e-05,27.037508167303848,14.862645623586063,18.52065118631952
3120.182916666598,4.869397308391554,5.069570045395079,234.56717663733303,0.0001987414699133146,1.260100082449697e-05,27.03770690877376,14.862708075105964,18.52763489009302
3120.679999999931,0.0,5.069601732025503,234.5610120359556,0.00016899536225531132,1.257406579536732e-05,27.037875904136015,14.862761179049068,18.533577392165075
3121.0966666665977,0.0,5.069628245054976,234.555851079527,0.00014140282386103373,1.2551532467628775e-05,27.038017306959876,14.862805612283633,18.538552512535247
3121.4441666665975,0.0,5.069650323984262,234.55155125378957,0.00011775428952224824,1.2532770467788652e-05,27.0381350612494,14.862842614249612,18.542697582017162
3121.738749999931,0.0,5.069669017135649,234.54790937991427,9.969680739494074e-05,1.2516887413393447e-05,27.038234758056795,14.862873941899569,18.5462084314351
3121.999999999931,0.0,5.069685576506347,234.54468212839402,8.831664372483998e-05,1.2502818386061315e-05,27.03832307470052,14.862901693486895,18.549319614724308
3122.249999999931,0.0,5.069701405801042,234.5415962040674,8.442290503596532e-05,1.248936996613654e-05,27.038407497605558,14.86292822147878,18.55229458815402
3122.511249999931,0.0,5.0697179288726355,234.53837402931674,8.812304849974359e-05,1.2475331778881952e-05,27.038495620654057,14.862955912081494,18.55540094925346
3122.805833333264,0.0,5.069736536599635,234.5347441028919,9.924121066435073e-05,1.2459521307106851e-05,27.03859486186472,14.862987096213502,18.558900450335628
3123.153333333264,0.0,5.069758454143011,234.53046684873667,0.00011689356467307672,1.244089644783579e-05,27.038711755429393,14.863023827041758,18.563024080097946
3123.5699999999306,0.0,5.069784687187928,234.52534505156976,0.00013990957289156445,1.2418601077483997e-05,27.038851665002284,14.863067789885989,18.56796200484777
3124.067083333264,0.0,5.069815916473062,234.5192444161934,0.0001665561873796027,1.2392054811093394e-05,27.039018221189664,14.863120125462446,18.573843748460305
3124.6504166665973,0.0,5.069852472728086,234.51209851183356,0.00019496669346517705,1.236097459733024e-05,27.039213187883128,14.86318138788669,18.580733423702426
3125.3199999999306,3.4674548158197434,5.069894313606615,234.5523869635638,0.0002231513521567635,1.2325394757139767e-05,27.039436339235284,14.86325150602809,18.58862523836583
3126.0699999999306,10.099924798472854,5.069941028866482,234.7023217479419,0.0002491480526181206,1.2285663033914505e-05,27.0396854872879,14.86332979221093,18.597444211207097
3126.8891666665972,15.257936793876869,5.069991873158995,234.94126742771692,0.0002711695600771016,1.2242413072165898e-05,27.039956656847977,14.863414997189999,18.607052007284263
3127.7612499999304,16.84836583493292,5.07004579959947,235.2061210029343,0.000287607682531078,1.2196536081641534e-05,27.040244264530507,14.86350536643875,18.617252875128855
3128.666666666597,16.85934730154399,5.070101570031227,235.47122786609188,0.00029744230270167723,1.2149086930047043e-05,27.04054170683321,14.863598824957743,18.627814111752574
3129.5833333332635,16.75736079177475,5.07015781165098,235.74648251903344,0.00029995530535592286,1.2101235730662092e-05,27.040841662138565,14.863693072187456,18.63847649495392
3130.48874999993,17.129765342925737,5.070213147525786,236.02772081165202,0.00029512466562829593,1.2054156295488552e-05,27.04113678680419,14.86378580073463,18.648978865097202
3131.360833333263,17.855646627430414,5.070266247025188,236.30918338061127,0.00028319733014887813,1.2008982807003685e-05,27.04141998413434,14.863874780881776,18.659067714594904
3132.17999999993,18.735188927313672,5.0703159494516505,236.56780502002314,0.00026507960780021124,1.1966704151914952e-05,27.04168506374214,14.863958067745568,18.668520836019315
3132.92999999993,19.286093719092054,5.0703613089753325,236.7705702078879,0.00024191745963145342,1.1928125487802022e-05,27.041926981201772,14.864034076551837,18.677156169550745
3133.599583333263,18.76836286696015,5.070401688735987,236.89553721414129,0.00021535872349348376,1.1893788118660366e-05,27.042142339925267,14.864101740294904,18.684850077569667
3134.1829166665966,4.869355622762879,5.0704367791603335,236.93976819764922,0.00018714892984713954,1.186395415155918e-05,27.042329488855113,14.864160540403418,18.6915412151565
3134.67999999993,0.0,5.070466617493806,236.93386570614314,0.00015913777852248935,1.1838590249773279e-05,27.042488626633634,14.864210539445871,18.697234569841584
3135.0966666665963,0.0,5.070491583988281,236.92892432583244,0.00013315463720037454,1.181737131123943e-05,27.042621781270835,14.864252374725838,18.7020009602351
3135.444166666596,0.0,5.070512375016987,236.9248075361387,0.0001108854864312202,1.1799703725580603e-05,27.042732666757267,14.864287213222841,18.70597202594538
3135.7387499999295,0.0,5.070529977757554,236.92132075960492,9.388128302211187e-05,1.1784747159417924e-05,27.04282654804029,14.86431670916762,18.709335425251357
3135.9999999999295,0.0,5.070545571179002,236.9182310008111,8.316491438914591e-05,1.177149881012289e-05,27.04290971295468,14.864342838133496,18.712315890164895
3136.2499999999295,0.0,5.070560477106022,236.91527659473758,7.94982774401701e-05,1.1758834871543e-05,27.04298921123212,14.864367815041602,18.715165821052857
3136.5112499999295,0.0,5.070576036334157,236.9121917936654,8.298255005285783e-05,1.1745615573234115e-05,27.043072193782173,14.864393886577457,18.718141568039137
3136.805833333263,0.0,5.070593558605995,236.90871668441594,9.345211647065604e-05,1.1730727379036166e-05,27.043165645898643,14.864423247369473,18.721493864380104
3137.1533333332627,0.0,5.070614197611149,236.90462193699193,0.00011007469414791095,1.1713188978162437e-05,27.043275720592792,14.864457830532475,18.725443953946968
3137.569999999929,0.0,5.070638900363596,236.8997187976144,0.00013174801305448553,1.169219419265804e-05,27.043407468605846,14.864499222839608,18.73017395300431
3138.0670833332624,0.0,5.070668307883404,236.89387877197905,0.00015684010564187927,1.1667196500753823e-05,27.04356430871149,14.864548498300973,18.735807863072658
3138.650416666596,0.0,5.0707027315965245,236.88703835609502,0.00018359313664336436,1.1637929371877986e-05,27.043747901848132,14.8646061786223,18.742407005498702
3139.319999999929,3.467432471287499,5.070742131614235,236.92767802303038,0.0002101334277903535,1.1604425135613788e-05,27.04395803527592,14.864672196819939,18.74996572422235
3140.069999999929,10.099863645911535,5.070786121612738,237.07800841881107,0.00023461332535188822,1.1567011260992713e-05,27.04419264860127,14.864745905414651,18.758412084281726
3140.889166666596,15.257881624113054,5.070833999711632,237.31738911814733,0.00025534986076840684,1.1526284438937645e-05,27.04444799846204,14.864826128194618,18.767613478021406
3141.761249999929,16.84834447725447,5.0708847800883134,237.58270697339657,0.0002708286756368989,1.1483083897451066e-05,27.044718827137675,14.864911213214501,18.777382331162322
3142.6666666665956,16.859337995993425,5.070937296811455,237.8482955030937,0.0002800891900865763,1.1438402970929921e-05,27.044998916327764,14.864999206799615,18.78749572054176
3143.583333333262,16.757353085498224,5.070990257164454,238.12403803858857,0.0002824552159940127,1.1393343510786074e-05,27.04528137154376,14.865087942910343,18.79770537853381
3144.4887499999286,17.129757199869047,5.071042364548624,238.40575775842493,0.0002779060489040506,1.1349010845695933e-05,27.045559277592663,14.865175249079313,18.807761239274292
3145.360833333262,17.85563577217466,5.071092365972827,238.68768289034767,0.000266674262418252,1.1306472981376595e-05,27.045825951855083,14.865259025978997,18.817420619788564
3146.1799999999284,18.73517787710096,5.071139168469786,238.9467357906083,0.00024961331711339163,1.1266661100180889e-05,27.046075565172195,14.865337442465334,18.82647085380829
3146.9299999999284,19.286086476689494,5.071181881407363,239.1498919585201,0.00022780233374367762,1.1230333371644425e-05,27.04630336750594,14.865409006449175,18.834737747413204
3147.5995833332618,18.76835466279273,5.071219905097847,239.2752062747817,0.00020279301591126457,1.1197999504786648e-05,27.04650616052185,14.865472713334077,18.842103056190364
3148.1829166665952,4.8693163804741415,5.071252948044366,239.31973869856984,0.00017622904810345663,1.1169906301868034e-05,27.046682389569956,14.865528074886777,18.848508171622758
3148.6799999999284,0.0,5.071281045331207,239.31409197035137,0.0001498521964833281,1.1146022361028158e-05,27.046832241766438,14.865575150028413,18.853957972503117
3149.096666666595,0.0,5.071304555032698,239.30936483525386,0.00012538507461650774,1.1126041541194736e-05,27.046957626841056,14.865614538803085,18.85852033375135
3149.444166666595,0.0,5.071324132896178,239.30542662793493,0.00010441527189639474,1.1109404862651357e-05,27.04706204211295,14.865647339953089,18.862321324648384
3149.738749999928,0.0,5.071340708502122,239.30209116785167,8.840323170038274e-05,1.1095321021323739e-05,27.047150445344652,14.865675110975006,18.865540610478032
3149.999999999928,0.0,5.071355392028772,239.2991355446602,7.831214213118351e-05,1.1082845726139826e-05,27.047228757486785,14.865699711913557,18.868393320588797
